chat_id,run,llm_score
1,1,80.6
2,1,70.7
3,1,78.4
4,1,80.5
5,1,78.7
6,1,75.1
7,1,72.1
8,1,67.9
9,1,57.5
10,1,77.3
11,1,71.0
12,1,77.4
13,1,67.0
14,1,73.3
15,1,78.2
16,1,72.1
17,1,73.0
18,1,78.0
19,1,67.8
20,1,79.6
21,1,67.8
22,1,68.6
23,1,79.5
24,1,69.8
25,1,66.5
26,1,81.6
27,1,70.6
28,1,66.7
29,1,77.1
30,1,69.7
31,1,62.9
32,1,70.5
33,1,74.3
34,1,62.2
35,1,66.6
36,1,75.5
37,1,65.4
38,1,65.0
39,1,75.4
40,1,75.8
41,1,68.2
42,1,76.8
43,1,72.9
44,1,76.5
45,1,61.5
46,1,68.4
47,1,75.8
48,1,66.0
49,1,72.6
50,1,62.1
51,1,75.2
52,1,70.1
53,1,77.4
54,1,76.4
55,1,69.4
56,1,72.0
57,1,69.6
58,1,77.7
59,1,64.8
60,1,66.8
61,1,73.6
62,1,62.5
63,1,68.2
64,1,75.4
65,1,71.5
66,1,62.0
67,1,71.5
68,1,91.0
69,1,55.1
70,1,75.8
71,1,71.9
72,1,67.7
73,1,77.1
74,1,64.4
75,1,82.6
76,1,66.4
77,1,80.8
78,1,72.8
79,1,72.6
80,1,76.2
81,1,81.0
82,1,63.7
83,1,71.4
84,1,75.9
85,1,61.7
86,1,71.1
87,1,78.0
88,1,70.0
89,1,52.1
90,1,58.4
91,1,73.6
92,1,68.1
93,1,62.5
94,1,67.0
95,1,70.9
96,1,72.4
97,1,64.5
98,1,66.5
99,1,85.2
100,1,73.4
101,1,72.9
102,1,72.0
103,1,66.2
104,1,63.7
105,1,68.3
106,1,68.9
107,1,67.8
108,1,59.2
109,1,64.1
110,1,77.0
111,1,68.6
112,1,76.4
113,1,70.0
114,1,73.4
115,1,73.9
116,1,75.2
117,1,55.6
118,1,72.2
119,1,67.4
120,1,74.3
121,1,73.8
122,1,82.5
123,1,77.0
124,1,66.7
125,1,78.6
126,1,68.0
127,1,69.8
128,1,69.6
129,1,67.4
130,1,71.8
131,1,71.9
132,1,70.9
133,1,80.7
134,1,75.4
135,1,84.2
136,1,59.6
137,1,62.0
138,1,71.8
139,1,63.3
140,1,70.1
141,1,67.8
142,1,70.3
143,1,53.4
144,1,57.5
145,1,60.9
146,1,64.1
147,1,79.2
148,1,67.5
149,1,68.6
150,1,69.2
151,1,75.1
152,1,67.6
153,1,66.9
154,1,71.3
155,1,79.1
156,1,73.7
157,1,75.5
158,1,80.2
159,1,68.4
160,1,73.2
161,1,69.5
162,1,58.4
163,1,79.9
164,1,54.0
165,1,84.1
166,1,75.3
167,1,62.9
168,1,76.3
169,1,77.1
170,1,55.9
171,1,59.2
172,1,83.2
173,1,74.1
174,1,86.9
175,1,76.6
176,1,73.2
177,1,74.9
178,1,71.5
179,1,74.0
180,1,79.9
181,1,62.0
182,1,80.5
183,1,72.6
184,1,72.7
185,1,70.9
186,1,66.9
187,1,81.6
188,1,76.5
189,1,64.7
190,1,82.0
191,1,55.4
192,1,73.8
193,1,70.3
194,1,59.1
195,1,71.6
196,1,79.4
197,1,72.5
198,1,79.1
199,1,66.0
200,1,73.8
201,1,66.7
202,1,66.9
203,1,63.0
204,1,65.3
205,1,80.1
206,1,88.7
207,1,75.6
208,1,74.7
209,1,86.8
210,1,72.8
211,1,58.0
212,1,65.9
213,1,72.1
214,1,76.4
215,1,65.7
216,1,82.1
217,1,65.1
218,1,80.1
219,1,67.8
220,1,64.7
221,1,80.7
222,1,67.5
223,1,71.1
224,1,77.6
225,1,67.2
226,1,81.1
227,1,74.1
228,1,72.0
229,1,61.8
230,1,86.8
231,1,64.0
232,1,65.3
233,1,71.8
234,1,76.0
235,1,67.4
236,1,62.5
237,1,64.6
238,1,69.5
239,1,71.1
240,1,65.0
241,1,73.2
242,1,71.1
243,1,53.7
244,1,66.7
245,1,73.3
246,1,65.6
247,1,65.4
248,1,69.1
249,1,69.1
250,1,66.0
251,1,78.2
252,1,63.6
253,1,76.3
254,1,63.2
255,1,73.0
256,1,82.1
257,1,78.2
258,1,64.6
259,1,65.6
260,1,59.7
261,1,73.8
262,1,55.9
263,1,62.9
264,1,69.5
265,1,73.8
266,1,60.3
267,1,66.6
268,1,64.0
269,1,71.1
270,1,60.5
271,1,70.2
272,1,66.7
273,1,78.2
274,1,62.2
275,1,73.8
276,1,80.2
277,1,54.2
278,1,61.7
279,1,68.5
280,1,73.0
281,1,66.3
282,1,51.3
283,1,75.6
284,1,63.5
285,1,70.9
286,1,64.9
287,1,63.3
288,1,81.6
289,1,61.5
290,1,86.7
291,1,80.7
292,1,56.0
293,1,72.4
294,1,76.1
295,1,61.3
296,1,70.9
297,1,70.0
298,1,75.8
299,1,77.7
300,1,61.6
301,1,80.1
302,1,82.2
303,1,52.8
304,1,72.4
305,1,71.4
306,1,60.7
307,1,82.9
308,1,68.3
309,1,65.7
310,1,70.1
311,1,61.1
312,1,72.4
313,1,70.6
314,1,66.9
315,1,75.6
316,1,77.7
317,1,77.0
318,1,74.1
319,1,72.4
320,1,70.3
321,1,72.0
322,1,72.0
323,1,57.6
324,1,61.2
325,1,72.4
326,1,61.5
327,1,63.8
328,1,72.3
329,1,63.8
330,1,80.7
331,1,79.4
332,1,68.9
333,1,76.2
334,1,60.6
335,1,67.0
336,1,65.5
337,1,69.1
338,1,61.1
339,1,70.5
340,1,74.7
341,1,67.8
342,1,72.5
343,1,80.5
344,1,72.8
345,1,76.4
346,1,71.5
347,1,75.0
348,1,72.4
349,1,71.2
350,1,66.5
351,1,56.5
352,1,67.0
353,1,78.8
354,1,61.4
355,1,77.0
356,1,57.3
357,1,79.0
358,1,70.6
359,1,68.8
360,1,74.2
361,1,73.3
362,1,65.8
363,1,71.0
364,1,77.2
365,1,88.2
366,1,68.1
367,1,68.7
368,1,70.0
369,1,88.3
370,1,63.8
371,1,75.5
372,1,68.0
373,1,61.4
374,1,74.9
375,1,85.7
376,1,74.6
377,1,74.2
378,1,80.0
379,1,81.4
380,1,75.2
381,1,79.2
382,1,84.6
383,1,76.3
384,1,63.3
385,1,64.1
386,1,68.6
387,1,60.1
388,1,75.9
389,1,65.6
390,1,74.9
391,1,67.8
392,1,69.7
393,1,70.0
394,1,73.0
395,1,65.9
396,1,69.3
397,1,60.4
398,1,72.8
399,1,63.7
400,1,84.4
401,1,82.4
402,1,80.4
403,1,77.9
404,1,70.6
405,1,65.8
406,1,76.5
407,1,67.1
408,1,61.3
409,1,65.5
410,1,61.0
411,1,64.7
412,1,61.6
413,1,68.7
414,1,65.0
415,1,64.8
416,1,69.8
417,1,79.5
418,1,78.5
419,1,66.3
420,1,60.6
421,1,75.7
422,1,71.8
423,1,70.9
424,1,70.5
425,1,61.2
426,1,74.5
427,1,61.2
428,1,74.6
429,1,67.5
430,1,77.2
431,1,70.4
432,1,66.2
433,1,55.0
434,1,63.7
435,1,67.5
436,1,67.9
437,1,69.0
438,1,74.6
439,1,56.4
440,1,63.5
441,1,59.2
442,1,58.8
443,1,81.6
444,1,58.0
445,1,64.2
446,1,81.8
447,1,78.2
448,1,66.7
449,1,65.4
450,1,62.2
451,1,80.5
452,1,65.4
453,1,66.0
454,1,71.6
455,1,79.2
456,1,76.4
457,1,83.0
458,1,78.0
459,1,75.1
460,1,66.3
461,1,69.4
462,1,70.5
463,1,66.0
464,1,72.3
465,1,75.5
466,1,71.5
467,1,70.3
468,1,61.7
469,1,67.7
470,1,87.7
471,1,63.0
472,1,68.4
473,1,75.2
474,1,69.0
475,1,61.8
476,1,63.5
477,1,81.0
478,1,70.0
479,1,64.7
480,1,76.9
481,1,70.1
482,1,68.2
483,1,85.6
484,1,73.5
485,1,87.2
486,1,59.7
487,1,74.3
488,1,77.5
489,1,80.0
490,1,65.6
491,1,73.1
492,1,65.1
493,1,82.5
494,1,73.5
495,1,75.2
496,1,65.3
497,1,79.8
498,1,60.0
499,1,81.2
500,1,63.6
501,1,79.6
502,1,72.2
503,1,80.5
504,1,65.3
505,1,72.4
506,1,70.4
507,1,70.9
508,1,70.9
509,1,70.6
510,1,76.5
511,1,81.5
512,1,65.8
513,1,75.4
514,1,66.7
515,1,79.0
516,1,63.4
517,1,78.1
518,1,51.7
519,1,66.3
520,1,63.8
521,1,61.9
522,1,81.2
523,1,55.6
524,1,71.6
525,1,71.8
526,1,59.5
527,1,74.0
528,1,72.0
529,1,77.3
530,1,70.3
531,1,59.3
532,1,81.3
533,1,76.9
534,1,65.9
535,1,74.1
536,1,69.4
537,1,70.1
538,1,68.2
539,1,75.4
540,1,73.5
541,1,65.5
542,1,73.9
543,1,70.2
544,1,88.3
545,1,75.8
546,1,70.3
547,1,71.6
548,1,80.6
549,1,72.4
550,1,73.4
551,1,59.0
552,1,67.2
553,1,64.8
554,1,77.7
555,1,69.8
556,1,65.5
557,1,76.6
558,1,71.9
559,1,66.4
560,1,73.8
561,1,81.3
562,1,70.9
563,1,67.0
564,1,49.1
565,1,68.7
566,1,61.6
567,1,67.3
568,1,67.6
569,1,81.7
570,1,74.7
571,1,75.6
572,1,68.3
573,1,79.9
574,1,70.2
575,1,71.0
576,1,67.2
577,1,60.9
578,1,78.6
579,1,76.3
580,1,62.5
581,1,66.7
582,1,79.6
583,1,80.1
584,1,73.6
585,1,64.5
586,1,71.4
587,1,70.5
588,1,63.8
589,1,73.4
590,1,73.6
591,1,67.1
592,1,75.0
593,1,70.0
594,1,77.4
595,1,73.6
596,1,61.8
597,1,71.0
598,1,67.6
599,1,63.5
600,1,71.0
601,1,78.8
602,1,50.8
603,1,81.4
604,1,68.9
605,1,64.4
606,1,67.0
607,1,61.7
608,1,62.8
609,1,76.9
610,1,82.3
611,1,64.9
612,1,79.3
613,1,66.3
614,1,75.5
615,1,78.3
616,1,75.2
617,1,75.8
618,1,60.1
619,1,49.3
620,1,77.5
621,1,72.8
622,1,56.3
623,1,85.6
624,1,61.0
625,1,64.3
626,1,63.5
627,1,70.2
628,1,51.3
629,1,67.1
630,1,80.2
631,1,75.5
632,1,61.6
633,1,70.0
634,1,81.5
635,1,68.0
636,1,66.3
637,1,64.8
638,1,71.7
639,1,71.4
640,1,67.2
641,1,74.8
642,1,67.4
643,1,69.2
644,1,72.3
645,1,70.4
646,1,64.2
647,1,76.6
648,1,73.6
649,1,75.7
650,1,61.2
651,1,67.6
652,1,87.5
653,1,68.0
654,1,56.0
655,1,68.3
656,1,74.7
657,1,72.0
658,1,68.0
659,1,74.5
660,1,85.8
661,1,67.0
662,1,73.0
663,1,61.8
664,1,81.9
665,1,72.2
666,1,78.5
667,1,57.8
668,1,70.8
669,1,74.0
670,1,66.8
671,1,68.0
672,1,70.1
673,1,67.7
674,1,61.9
675,1,74.6
676,1,64.7
677,1,74.6
678,1,69.5
679,1,73.0
680,1,58.3
681,1,74.4
682,1,71.4
683,1,75.5
684,1,72.2
685,1,81.1
686,1,75.3
687,1,67.0
688,1,74.1
689,1,82.1
690,1,79.7
691,1,76.9
692,1,60.7
693,1,75.7
694,1,71.8
695,1,79.5
696,1,78.9
697,1,75.8
698,1,72.7
699,1,73.9
700,1,68.1
701,1,68.0
702,1,71.5
703,1,61.3
704,1,68.6
705,1,77.4
706,1,81.5
707,1,65.0
708,1,70.0
709,1,79.8
710,1,71.1
711,1,69.5
712,1,61.2
713,1,78.5
714,1,70.4
715,1,64.4
716,1,61.3
717,1,67.4
718,1,69.5
719,1,63.4
720,1,76.2
721,1,58.5
722,1,65.8
723,1,71.0
724,1,74.7
725,1,46.5
726,1,85.0
727,1,66.2
728,1,87.2
729,1,59.2
730,1,79.9
731,1,82.6
732,1,75.1
733,1,76.1
734,1,71.9
735,1,76.7
736,1,65.7
737,1,81.3
738,1,73.2
739,1,75.0
740,1,70.6
741,1,57.1
742,1,61.3
743,1,83.3
744,1,61.7
745,1,75.7
746,1,67.3
747,1,82.9
748,1,61.8
749,1,61.7
750,1,76.7
751,1,63.9
752,1,73.8
753,1,86.8
754,1,81.8
755,1,68.6
756,1,74.5
757,1,79.3
758,1,70.9
759,1,65.4
760,1,70.6
761,1,57.9
762,1,77.1
763,1,74.8
764,1,56.3
765,1,75.1
766,1,65.5
767,1,78.5
768,1,67.9
769,1,75.6
770,1,72.9
771,1,65.3
772,1,65.8
773,1,78.8
774,1,89.6
775,1,69.9
776,1,73.9
777,1,70.6
778,1,61.8
779,1,62.2
780,1,65.8
781,1,73.0
782,1,78.2
783,1,71.3
784,1,74.6
785,1,65.7
786,1,71.0
787,1,70.7
788,1,75.7
789,1,58.8
790,1,58.6
791,1,77.0
792,1,71.0
793,1,78.2
794,1,65.9
795,1,71.0
796,1,67.7
797,1,66.2
798,1,71.8
799,1,82.9
800,1,66.4
801,1,78.6
802,1,73.1
803,1,91.0
804,1,75.4
805,1,63.3
806,1,64.7
807,1,73.0
808,1,62.2
809,1,76.2
810,1,64.9
811,1,82.2
812,1,65.1
813,1,74.8
814,1,71.9
815,1,62.4
816,1,86.3
817,1,75.8
818,1,64.9
819,1,77.2
820,1,60.5
821,1,83.3
822,1,68.1
823,1,73.3
824,1,53.4
825,1,67.6
826,1,67.8
827,1,74.0
828,1,63.2
829,1,73.5
830,1,87.7
831,1,77.6
832,1,71.2
833,1,77.5
834,1,63.0
835,1,78.8
836,1,77.1
837,1,69.2
838,1,77.8
839,1,78.9
840,1,61.3
841,1,74.0
842,1,68.6
843,1,56.7
844,1,69.2
845,1,67.0
846,1,86.8
847,1,71.0
848,1,61.8
849,1,69.6
850,1,58.4
851,1,64.0
852,1,69.1
853,1,71.2
854,1,69.2
855,1,71.7
856,1,59.2
857,1,67.1
858,1,68.4
859,1,72.0
860,1,55.2
861,1,66.1
862,1,75.6
863,1,65.1
864,1,73.0
865,1,62.9
866,1,73.7
867,1,72.0
868,1,75.2
869,1,65.7
870,1,73.2
871,1,75.7
872,1,61.8
873,1,68.2
874,1,69.0
875,1,60.2
876,1,60.4
877,1,61.0
878,1,76.2
879,1,58.2
880,1,73.2
881,1,69.6
882,1,68.1
883,1,84.2
884,1,80.9
885,1,67.1
886,1,69.3
887,1,71.5
888,1,74.8
889,1,67.8
890,1,77.0
891,1,73.0
892,1,65.0
893,1,69.1
894,1,67.6
895,1,68.0
896,1,75.7
897,1,68.2
898,1,76.1
899,1,69.0
900,1,83.6
901,1,70.9
902,1,77.4
903,1,73.0
904,1,72.6
905,1,69.9
906,1,64.2
907,1,72.7
908,1,78.2
909,1,70.9
910,1,70.1
911,1,82.9
912,1,78.1
913,1,72.1
914,1,66.7
915,1,78.5
916,1,63.0
917,1,56.8
918,1,63.6
919,1,81.5
920,1,74.0
921,1,60.7
922,1,72.7
923,1,71.3
924,1,58.2
925,1,77.1
926,1,69.7
927,1,76.9
928,1,67.0
929,1,64.3
930,1,75.5
931,1,62.4
932,1,68.1
933,1,67.5
934,1,81.5
935,1,72.2
936,1,64.7
937,1,64.6
938,1,74.9
939,1,83.0
940,1,70.4
941,1,77.1
942,1,78.7
943,1,67.5
944,1,63.9
945,1,87.8
946,1,75.9
947,1,66.9
948,1,65.8
949,1,62.7
950,1,78.2
951,1,73.7
952,1,58.7
953,1,64.7
954,1,60.0
955,1,67.9
956,1,70.4
957,1,79.2
958,1,72.7
959,1,83.4
960,1,61.9
961,1,78.5
962,1,74.7
963,1,56.6
964,1,71.6
965,1,69.7
966,1,70.5
967,1,84.8
968,1,57.6
969,1,66.9
970,1,69.9
971,1,74.7
972,1,80.5
973,1,67.3
974,1,57.6
975,1,63.2
976,1,67.7
977,1,72.5
978,1,69.2
979,1,74.3
980,1,81.7
981,1,67.6
982,1,74.9
983,1,75.8
984,1,70.8
985,1,74.8
986,1,80.9
987,1,70.6
988,1,67.7
989,1,67.1
990,1,78.0
991,1,78.1
992,1,74.1
993,1,63.9
994,1,71.3
995,1,61.6
996,1,74.6
997,1,76.0
998,1,73.7
999,1,67.3
1000,1,68.5
1001,1,88.8
1002,1,72.1
1003,1,70.6
1004,1,65.5
1005,1,78.2
1006,1,85.8
1007,1,82.5
1008,1,73.4
1009,1,67.4
1010,1,65.6
1011,1,76.6
1012,1,74.2
1013,1,53.1
1014,1,67.8
1015,1,75.2
1016,1,79.3
1017,1,71.7
1018,1,77.2
1019,1,55.6
1020,1,61.5
1021,1,65.8
1022,1,64.0
1023,1,65.3
1024,1,72.0
1025,1,74.4
1026,1,64.0
1027,1,69.9
1028,1,63.4
1029,1,58.0
1030,1,70.1
1031,1,54.1
1032,1,71.6
1033,1,76.6
1034,1,67.7
1035,1,83.8
1036,1,71.0
1037,1,81.9
1038,1,67.1
1039,1,64.3
1040,1,75.0
1041,1,72.8
1042,1,79.1
1043,1,70.1
1044,1,62.0
1045,1,75.5
1046,1,76.5
1047,1,77.6
1048,1,69.7
1049,1,53.7
1050,1,65.7
1051,1,58.6
1052,1,60.6
1053,1,80.0
1054,1,60.3
1055,1,64.4
1056,1,72.2
1057,1,67.3
1058,1,73.8
1059,1,65.3
1060,1,65.1
1061,1,75.2
1062,1,77.1
1063,1,69.8
1064,1,66.5
1065,1,62.2
1066,1,83.5
1067,1,75.2
1068,1,65.8
1069,1,64.0
1070,1,65.1
1071,1,70.6
1072,1,74.3
1073,1,74.2
1074,1,78.5
1075,1,56.7
1076,1,63.6
1077,1,65.6
1078,1,81.6
1079,1,72.8
1080,1,72.6
1081,1,70.7
1082,1,73.6
1083,1,75.0
1084,1,71.4
1085,1,59.7
1086,1,66.9
1087,1,72.2
1088,1,72.4
1089,1,69.5
1090,1,70.5
1091,1,68.1
1092,1,64.2
1093,1,77.8
1094,1,77.4
1095,1,69.6
1096,1,67.1
1097,1,80.4
1098,1,63.5
1099,1,75.2
1100,1,70.9
1101,1,68.0
1102,1,72.0
1103,1,56.3
1104,1,76.7
1105,1,72.0
1106,1,63.1
1107,1,71.8
1108,1,71.5
1109,1,87.3
1110,1,76.3
1111,1,64.0
1112,1,85.0
1113,1,79.5
1114,1,72.0
1115,1,73.4
1116,1,67.4
1117,1,72.0
1118,1,69.3
1119,1,63.4
1120,1,66.5
1121,1,64.8
1122,1,63.2
1123,1,74.1
1124,1,61.8
1125,1,74.3
1126,1,68.0
1127,1,68.1
1128,1,83.6
1129,1,75.9
1130,1,70.2
1131,1,58.3
1132,1,58.1
1133,1,71.1
1134,1,73.3
1135,1,68.7
1136,1,85.3
1137,1,68.5
1138,1,81.3
1139,1,85.8
1140,1,71.3
1141,1,62.9
1142,1,72.6
1143,1,63.3
1144,1,72.3
1145,1,67.3
1146,1,70.0
1147,1,71.7
1148,1,71.3
1149,1,90.4
1150,1,73.1
1151,1,74.2
1152,1,71.9
1153,1,75.5
1154,1,74.8
1155,1,78.2
1156,1,66.6
1157,1,77.5
1158,1,62.1
1159,1,80.9
1160,1,59.8
1161,1,92.1
1162,1,69.9
1163,1,72.2
1164,1,59.5
1165,1,71.1
1166,1,57.6
1167,1,84.7
1168,1,72.1
1169,1,71.2
1170,1,67.1
1171,1,65.8
1172,1,80.6
1173,1,73.9
1174,1,77.3
1175,1,67.1
1176,1,69.1
1177,1,68.2
1178,1,76.6
1179,1,74.2
1180,1,70.1
1181,1,66.7
1182,1,77.5
1183,1,74.8
1184,1,69.7
1185,1,72.2
1186,1,78.4
1187,1,78.1
1188,1,84.9
1189,1,70.5
1190,1,60.8
1191,1,71.8
1192,1,69.7
1193,1,66.9
1194,1,78.4
1195,1,59.5
1196,1,66.9
1197,1,71.3
1198,1,74.3
1199,1,60.9
1200,1,59.8
1201,1,78.7
1202,1,63.0
1203,1,67.0
1204,1,60.6
1205,1,65.4
1206,1,73.7
1207,1,83.5
1208,1,55.5
1209,1,78.0
1210,1,72.6
1211,1,60.7
1212,1,64.7
1213,1,64.8
1214,1,75.8
1215,1,80.0
1216,1,74.2
1217,1,61.6
1218,1,62.3
1219,1,62.2
1220,1,55.8
1221,1,68.4
1222,1,80.6
1223,1,69.0
1224,1,71.8
1225,1,66.7
1226,1,62.6
1227,1,79.7
1228,1,76.7
1229,1,67.4
1230,1,74.5
1231,1,82.1
1232,1,72.6
1233,1,69.2
1234,1,62.9
1235,1,78.7
1236,1,63.4
1237,1,65.0
1238,1,57.9
1239,1,75.8
1240,1,56.1
1241,1,73.9
1242,1,60.2
1243,1,58.5
1244,1,69.2
1245,1,71.1
1246,1,71.6
1247,1,75.9
1248,1,73.8
1249,1,69.9
1250,1,69.0
1251,1,69.1
1252,1,85.8
1253,1,50.4
1254,1,72.9
1255,1,75.7
1256,1,65.2
1257,1,58.0
1258,1,53.7
1259,1,67.5
1260,1,77.3
1261,1,60.3
1262,1,69.5
1263,1,71.6
1264,1,64.4
1265,1,77.4
1266,1,77.6
1267,1,75.4
1268,1,87.6
1269,1,69.1
1270,1,61.3
1271,1,82.8
1272,1,85.5
1273,1,66.8
1274,1,71.1
1275,1,66.8
1276,1,68.5
1277,1,77.7
1278,1,65.1
1279,1,81.5
1280,1,63.2
1281,1,76.9
1282,1,81.6
1283,1,73.6
1284,1,69.9
1285,1,56.5
1286,1,65.9
1287,1,79.9
1288,1,69.9
1289,1,59.1
1290,1,85.3
1291,1,64.3
1292,1,78.5
1293,1,64.6
1294,1,73.0
1295,1,75.5
1296,1,66.6
1297,1,71.2
1298,1,77.4
1299,1,78.3
1300,1,77.5
1301,1,73.0
1302,1,69.8
1303,1,66.6
1304,1,60.1
1305,1,70.9
1306,1,63.8
1307,1,77.1
1308,1,85.2
1309,1,64.5
1310,1,73.8
1311,1,67.3
1312,1,67.8
1313,1,73.9
1314,1,63.1
1315,1,79.0
1316,1,68.6
1317,1,76.0
1318,1,68.2
1319,1,70.4
1320,1,68.8
1321,1,79.9
1322,1,71.4
1323,1,69.0
1324,1,67.8
1325,1,62.7
1326,1,74.1
1327,1,65.9
1328,1,70.3
1329,1,73.0
1330,1,66.5
1331,1,79.9
1332,1,61.7
1333,1,62.2
1334,1,77.1
1335,1,79.9
1336,1,63.2
1337,1,82.8
1338,1,78.1
1339,1,86.3
1340,1,80.3
1341,1,80.4
1342,1,70.6
1343,1,77.7
1344,1,67.0
1345,1,73.1
1346,1,68.6
1347,1,71.9
1348,1,93.4
1349,1,69.5
1350,1,79.3
1351,1,64.3
1352,1,67.8
1353,1,63.7
1354,1,77.9
1355,1,72.5
1356,1,77.6
1357,1,68.6
1358,1,79.3
1359,1,68.1
1360,1,75.1
1361,1,72.9
1362,1,71.3
1363,1,88.5
1364,1,79.6
1365,1,73.1
1366,1,79.0
1367,1,60.5
1368,1,66.5
1369,1,80.0
1370,1,64.0
1371,1,78.4
1372,1,66.0
1373,1,55.2
1374,1,76.5
1375,1,66.0
1376,1,82.2
1377,1,82.7
1378,1,73.5
1379,1,65.3
1380,1,72.0
1381,1,49.5
1382,1,83.9
1383,1,75.7
1384,1,48.8
1385,1,60.2
1386,1,63.4
1387,1,65.9
1388,1,62.0
1389,1,70.7
1390,1,59.7
1391,1,62.8
1392,1,69.8
1393,1,69.9
1394,1,70.8
1395,1,72.3
1396,1,70.5
1397,1,75.9
1398,1,69.6
1399,1,65.3
1400,1,75.2
1401,1,82.9
1402,1,75.4
1403,1,76.4
1404,1,70.5
1405,1,77.6
1406,1,71.8
1407,1,81.4
1408,1,53.5
1409,1,71.2
1410,1,68.5
1411,1,55.1
1412,1,70.1
1413,1,67.3
1414,1,76.5
1415,1,89.2
1416,1,70.0
1417,1,81.0
1418,1,65.0
1419,1,74.8
1420,1,62.1
1421,1,64.4
1422,1,67.9
1423,1,83.1
1424,1,76.0
1425,1,64.7
1426,1,64.9
1427,1,65.4
1428,1,81.0
1429,1,78.2
1430,1,84.6
1431,1,57.0
1432,1,84.4
1433,1,73.0
1434,1,64.0
1435,1,72.1
1436,1,62.3
1437,1,80.5
1438,1,74.7
1439,1,83.6
1440,1,74.0
1441,1,70.0
1442,1,59.0
1443,1,75.5
1444,1,68.4
1445,1,64.9
1446,1,73.5
1447,1,77.7
1448,1,64.6
1449,1,83.8
1450,1,74.4
1451,1,65.4
1452,1,62.9
1453,1,85.9
1454,1,74.5
1455,1,80.7
1456,1,69.4
1457,1,69.1
1458,1,71.2
1459,1,75.9
1460,1,77.4
1461,1,84.7
1462,1,69.9
1463,1,79.9
1464,1,77.9
1465,1,77.9
1466,1,76.0
1467,1,75.6
1468,1,76.6
1469,1,56.6
1470,1,73.4
1471,1,88.9
1472,1,76.7
1473,1,77.2
1474,1,69.4
1475,1,72.5
1476,1,85.0
1477,1,67.9
1478,1,70.6
1479,1,67.0
1480,1,70.7
1481,1,72.0
1482,1,68.0
1483,1,84.3
1484,1,74.5
1485,1,79.7
1486,1,67.7
1487,1,65.5
1488,1,65.1
1489,1,68.1
1490,1,68.4
1491,1,72.7
1492,1,71.2
1493,1,57.8
1494,1,62.2
1495,1,71.2
1496,1,67.5
1497,1,68.2
1498,1,77.2
1499,1,75.1
1500,1,68.4
1501,1,66.6
1502,1,79.7
1503,1,64.3
1504,1,70.8
1505,1,74.1
1506,1,72.6
1507,1,65.3
1508,1,54.6
1509,1,70.7
1510,1,63.9
1511,1,76.9
1512,1,62.8
1513,1,50.1
1514,1,80.0
1515,1,71.3
1516,1,63.4
1517,1,74.0
1518,1,78.4
1519,1,64.5
1520,1,83.5
1521,1,80.4
1522,1,79.6
1523,1,71.8
1524,1,80.7
1525,1,75.3
1526,1,56.2
1527,1,77.2
1528,1,69.2
1529,1,73.7
1530,1,64.4
1531,1,69.6
1532,1,80.3
1533,1,66.5
1534,1,80.2
1535,1,67.2
1536,1,68.9
1537,1,66.1
1538,1,78.0
1539,1,62.3
1540,1,77.0
1541,1,69.1
1542,1,84.6
1543,1,67.0
1544,1,63.5
1545,1,77.6
1546,1,58.8
1547,1,57.6
1548,1,69.1
1549,1,70.4
1550,1,56.6
1551,1,72.3
1552,1,71.2
1553,1,62.3
1554,1,67.1
1555,1,76.6
1556,1,80.3
1557,1,78.4
1558,1,75.4
1559,1,77.7
1560,1,69.1
1561,1,73.1
1562,1,78.0
1563,1,73.6
1564,1,66.9
1565,1,74.8
1566,1,74.4
1567,1,72.4
1568,1,83.0
1569,1,56.3
1570,1,62.9
1571,1,75.8
1572,1,63.6
1573,1,65.4
1574,1,81.3
1575,1,70.7
1576,1,81.3
1577,1,73.6
1578,1,74.6
1579,1,64.9
1580,1,67.9
1581,1,68.5
1582,1,87.5
1583,1,65.6
1584,1,77.8
1585,1,82.2
1586,1,67.4
1587,1,80.7
1588,1,77.4
1589,1,65.7
1590,1,64.5
1591,1,73.4
1592,1,64.5
1593,1,72.5
1594,1,84.3
1595,1,66.3
1596,1,84.0
1597,1,75.0
1598,1,75.5
1599,1,72.6
1600,1,84.7
1601,1,73.1
1602,1,55.4
1603,1,69.8
1604,1,62.4
1605,1,76.8
1606,1,71.7
1607,1,54.8
1608,1,73.7
1609,1,82.5
1610,1,80.2
1611,1,68.2
1612,1,76.2
1613,1,71.0
1614,1,72.4
1615,1,69.5
1616,1,68.8
1617,1,70.8
1618,1,82.4
1619,1,68.4
1620,1,75.6
1621,1,79.0
1622,1,66.8
1623,1,70.9
1624,1,51.7
1625,1,57.5
1626,1,62.1
1627,1,82.5
1628,1,72.0
1629,1,68.4
1630,1,70.4
1631,1,64.8
1632,1,62.0
1633,1,64.6
1634,1,75.4
1635,1,64.4
1636,1,76.0
1637,1,78.0
1638,1,82.8
1639,1,77.9
1640,1,75.7
1641,1,69.9
1642,1,60.0
1643,1,71.7
1644,1,75.3
1645,1,76.9
1646,1,63.2
1647,1,78.3
1648,1,75.6
1649,1,74.8
1650,1,70.5
1651,1,76.1
1652,1,70.3
1653,1,78.2
1654,1,70.5
1655,1,89.8
1656,1,60.6
1657,1,64.5
1658,1,66.8
1659,1,76.0
1660,1,62.8
1661,1,56.7
1662,1,61.7
1663,1,70.8
1664,1,69.7
1665,1,75.7
1666,1,70.4
1667,1,64.0
1668,1,64.4
1669,1,65.9
1670,1,84.6
1671,1,66.7
1672,1,72.5
1673,1,71.1
1674,1,67.0
1675,1,55.8
1676,1,70.8
1677,1,61.1
1678,1,70.1
1679,1,65.3
1680,1,60.6
1681,1,83.1
1682,1,85.9
1683,1,60.4
1684,1,56.2
1685,1,63.6
1686,1,72.1
1687,1,66.6
1688,1,61.6
1689,1,84.5
1690,1,75.8
1691,1,68.0
1692,1,54.4
1693,1,61.9
1694,1,65.2
1695,1,75.5
1696,1,65.9
1697,1,67.8
1698,1,73.0
1699,1,66.2
1700,1,62.7
1701,1,70.9
1702,1,68.4
1703,1,76.6
1704,1,68.0
1705,1,69.8
1706,1,62.8
1707,1,70.2
1708,1,81.5
1709,1,66.0
1710,1,74.5
1711,1,69.9
1712,1,65.8
1713,1,69.5
1714,1,68.0
1715,1,57.1
1716,1,69.8
1717,1,62.2
1718,1,71.0
1719,1,73.6
1720,1,68.7
1721,1,81.7
1722,1,62.5
1723,1,62.7
1724,1,75.3
1725,1,66.0
1726,1,70.8
1727,1,83.0
1728,1,73.7
1729,1,72.8
1730,1,66.1
1731,1,75.3
1732,1,74.7
1733,1,70.0
1734,1,62.1
1735,1,71.0
1736,1,60.9
1737,1,64.7
1738,1,71.8
1739,1,64.6
1740,1,85.6
1741,1,80.0
1742,1,70.0
1743,1,87.8
1744,1,70.2
1745,1,64.8
1746,1,76.5
1747,1,80.5
1748,1,61.4
1749,1,62.5
1750,1,59.8
1751,1,59.5
1752,1,72.1
1753,1,64.1
1754,1,63.3
1755,1,87.2
1756,1,73.8
1757,1,78.6
1758,1,74.3
1759,1,71.2
1760,1,74.4
1761,1,66.9
1762,1,86.0
1763,1,75.0
1764,1,75.6
1765,1,62.6
1766,1,66.4
1767,1,64.3
1768,1,68.3
1769,1,76.2
1770,1,79.4
1771,1,78.5
1772,1,72.1
1773,1,73.1
1774,1,71.6
1775,1,57.7
1776,1,80.1
1777,1,71.6
1778,1,57.1
1779,1,59.9
1780,1,66.8
1781,1,67.7
1782,1,68.1
1783,1,77.0
1784,1,79.2
1785,1,73.2
1786,1,67.7
1787,1,69.2
1788,1,53.0
1789,1,67.9
1790,1,75.9
1791,1,59.8
1792,1,73.4
1793,1,75.3
1794,1,77.9
1795,1,67.8
1796,1,81.4
1797,1,70.7
1798,1,82.0
1799,1,75.0
1800,1,59.5
1801,1,67.4
1802,1,67.2
1803,1,79.1
1804,1,77.8
1805,1,66.7
1806,1,75.2
1807,1,72.0
1808,1,75.0
1809,1,69.8
1810,1,77.2
1811,1,59.8
1812,1,60.9
1813,1,65.8
1814,1,74.3
1815,1,72.0
1816,1,61.9
1817,1,75.0
1818,1,68.7
1819,1,67.9
1820,1,63.3
1821,1,75.4
1822,1,62.5
1823,1,65.1
1824,1,68.9
1825,1,72.8
1826,1,77.3
1827,1,74.4
1828,1,85.8
1829,1,74.2
1830,1,78.3
1831,1,78.5
1832,1,72.7
1833,1,73.0
1834,1,74.2
1835,1,80.8
1836,1,64.9
1837,1,55.1
1838,1,67.1
1839,1,80.6
1840,1,64.5
1841,1,70.0
1842,1,75.1
1843,1,78.5
1844,1,77.6
1845,1,79.0
1846,1,70.6
1847,1,72.2
1848,1,76.7
1849,1,70.2
1850,1,61.8
1851,1,67.3
1852,1,72.0
1853,1,67.9
1854,1,67.1
1855,1,78.7
1856,1,66.0
1857,1,68.2
1858,1,68.8
1859,1,74.0
1860,1,71.2
1861,1,74.8
1862,1,61.5
1863,1,73.9
1864,1,67.8
1865,1,77.0
1866,1,74.6
1867,1,75.8
1868,1,70.0
1869,1,69.5
1870,1,80.1
1871,1,67.4
1872,1,78.4
1873,1,70.7
1874,1,70.2
1875,1,60.9
1876,1,80.8
1877,1,74.2
1878,1,53.6
1879,1,66.2
1880,1,71.7
1881,1,74.2
1882,1,73.4
1883,1,61.1
1884,1,67.4
1885,1,82.3
1886,1,68.2
1887,1,82.0
1888,1,74.0
1889,1,60.5
1890,1,74.3
1891,1,77.4
1892,1,66.6
1893,1,69.0
1894,1,73.8
1895,1,71.8
1896,1,62.8
1897,1,71.8
1898,1,74.4
1899,1,73.0
1900,1,72.3
1901,1,85.7
1902,1,70.1
1903,1,71.5
1904,1,70.6
1905,1,68.4
1906,1,73.7
1907,1,54.7
1908,1,84.8
1909,1,65.3
1910,1,82.6
1911,1,58.6
1912,1,69.2
1913,1,75.9
1914,1,72.7
1915,1,61.1
1916,1,64.1
1917,1,76.0
1918,1,75.8
1919,1,77.3
1920,1,70.4
1921,1,77.3
1922,1,70.8
1923,1,73.2
1924,1,63.8
1925,1,75.0
1926,1,66.7
1927,1,72.9
1928,1,69.4
1929,1,72.1
1930,1,62.3
1931,1,77.0
1932,1,67.1
1933,1,63.9
1934,1,66.8
1935,1,80.1
1936,1,67.8
1937,1,58.9
1938,1,73.3
1939,1,65.3
1940,1,59.3
1941,1,73.6
1942,1,54.3
1943,1,57.3
1944,1,81.5
1945,1,61.9
1946,1,63.2
1947,1,60.1
1948,1,67.4
1949,1,75.8
1950,1,77.1
1951,1,69.5
1952,1,63.7
1953,1,81.5
1954,1,71.6
1955,1,83.2
1956,1,74.7
1957,1,80.6
1958,1,75.6
1959,1,84.6
1960,1,58.6
1961,1,73.9
1962,1,70.9
1963,1,80.7
1964,1,60.9
1965,1,56.4
1966,1,78.4
1967,1,68.5
1968,1,70.1
1969,1,64.1
1970,1,72.1
1971,1,76.9
1972,1,74.0
1973,1,76.5
1974,1,77.3
1975,1,60.1
1976,1,60.5
1977,1,59.0
1978,1,81.9
1979,1,70.9
1980,1,61.3
1981,1,74.6
1982,1,73.0
1983,1,75.8
1984,1,71.0
1985,1,75.7
1986,1,55.6
1987,1,79.0
1988,1,74.8
1989,1,66.0
1990,1,76.0
1991,1,71.4
1992,1,62.7
1993,1,53.2
1994,1,74.9
1995,1,64.5
1996,1,64.8
1997,1,70.9
1998,1,71.8
1999,1,74.3
2000,1,62.0
2001,1,64.4
2002,1,74.1
2003,1,74.3
2004,1,76.3
2005,1,69.5
2006,1,67.9
2007,1,73.4
2008,1,79.1
2009,1,80.9
2010,1,70.4
2011,1,65.2
2012,1,64.2
2013,1,68.3
2014,1,78.9
2015,1,76.7
2016,1,71.6
2017,1,84.5
2018,1,73.3
2019,1,75.6
2020,1,81.4
2021,1,80.1
2022,1,69.7
2023,1,76.6
2024,1,66.9
2025,1,74.0
2026,1,78.4
2027,1,73.4
2028,1,81.7
2029,1,66.2
2030,1,76.8
2031,1,72.0
2032,1,78.4
2033,1,79.4
2034,1,60.4
2035,1,66.6
2036,1,68.7
2037,1,70.4
2038,1,72.3
2039,1,72.1
2040,1,69.4
2041,1,82.1
2042,1,67.5
2043,1,80.8
2044,1,58.1
2045,1,65.6
2046,1,75.7
2047,1,70.7
2048,1,70.2
2049,1,70.2
2050,1,73.4
2051,1,79.3
2052,1,70.3
2053,1,76.4
2054,1,58.8
2055,1,72.0
2056,1,68.4
2057,1,76.0
2058,1,68.3
2059,1,74.3
2060,1,69.2
2061,1,63.5
2062,1,67.7
2063,1,72.5
2064,1,72.3
2065,1,79.1
2066,1,80.2
2067,1,90.0
2068,1,82.0
2069,1,57.2
2070,1,78.6
2071,1,68.1
2072,1,66.6
2073,1,71.8
2074,1,76.0
2075,1,73.8
2076,1,75.5
2077,1,62.8
2078,1,65.5
2079,1,67.7
2080,1,76.2
2081,1,63.2
2082,1,60.2
2083,1,75.1
2084,1,68.0
2085,1,77.2
2086,1,80.0
2087,1,77.4
2088,1,78.8
2089,1,79.7
2090,1,71.2
2091,1,69.7
2092,1,62.9
2093,1,69.8
2094,1,67.3
2095,1,78.1
2096,1,66.0
2097,1,70.7
2098,1,87.0
2099,1,85.3
2100,1,59.6
2101,1,73.4
2102,1,73.3
2103,1,85.2
2104,1,69.0
2105,1,73.5
2106,1,73.3
2107,1,72.3
2108,1,70.9
2109,1,75.6
2110,1,74.8
2111,1,77.5
2112,1,76.6
2113,1,77.0
2114,1,79.1
2115,1,63.7
2116,1,63.9
2117,1,61.0
2118,1,68.5
2119,1,70.2
2120,1,74.0
2121,1,78.3
2122,1,70.6
2123,1,72.3
2124,1,78.9
2125,1,77.3
2126,1,75.7
2127,1,68.5
2128,1,73.6
2129,1,68.3
2130,1,80.1
2131,1,75.4
2132,1,79.1
2133,1,57.2
2134,1,70.4
2135,1,78.3
2136,1,69.2
2137,1,72.4
2138,1,66.1
2139,1,78.5
2140,1,74.7
2141,1,77.7
2142,1,71.9
2143,1,63.1
2144,1,72.8
2145,1,75.7
2146,1,64.5
2147,1,72.8
2148,1,73.5
2149,1,73.6
2150,1,62.0
2151,1,78.1
2152,1,81.0
2153,1,69.5
2154,1,78.1
2155,1,74.1
2156,1,68.7
2157,1,63.6
2158,1,70.3
2159,1,56.5
2160,1,80.2
2161,1,69.8
2162,1,67.7
2163,1,63.8
2164,1,77.9
2165,1,78.9
2166,1,65.0
2167,1,64.7
2168,1,69.7
2169,1,76.6
2170,1,75.2
2171,1,58.1
2172,1,79.9
2173,1,69.3
2174,1,73.1
2175,1,71.9
2176,1,78.7
2177,1,77.7
2178,1,71.7
2179,1,62.5
2180,1,74.7
2181,1,64.2
2182,1,82.9
2183,1,65.4
2184,1,74.7
2185,1,57.4
2186,1,77.6
2187,1,68.4
2188,1,71.7
2189,1,79.6
2190,1,75.4
2191,1,66.2
2192,1,86.7
2193,1,66.8
2194,1,52.7
2195,1,71.4
2196,1,70.7
2197,1,60.2
2198,1,66.0
2199,1,79.4
2200,1,64.6
2201,1,79.6
2202,1,70.0
2203,1,68.2
2204,1,65.3
2205,1,72.0
2206,1,78.0
2207,1,55.8
2208,1,68.3
2209,1,50.9
2210,1,69.6
2211,1,66.5
2212,1,72.3
2213,1,86.7
2214,1,75.0
2215,1,69.4
2216,1,76.4
2217,1,66.5
2218,1,82.8
2219,1,68.3
2220,1,72.3
2221,1,66.1
2222,1,72.8
2223,1,78.0
2224,1,59.9
2225,1,73.4
2226,1,63.5
2227,1,65.0
2228,1,82.7
2229,1,74.8
2230,1,72.3
2231,1,71.6
2232,1,70.4
2233,1,71.5
2234,1,73.0
2235,1,64.0
2236,1,63.4
2237,1,69.0
2238,1,70.1
2239,1,66.2
2240,1,59.5
2241,1,80.3
2242,1,70.6
2243,1,67.9
2244,1,56.5
2245,1,64.1
2246,1,64.3
2247,1,62.0
2248,1,69.4
2249,1,74.6
2250,1,69.3
2251,1,65.7
2252,1,71.2
2253,1,81.2
2254,1,67.3
2255,1,67.4
2256,1,62.1
2257,1,66.1
2258,1,58.8
2259,1,61.1
2260,1,66.6
2261,1,78.9
2262,1,71.9
2263,1,67.8
2264,1,72.1
2265,1,67.2
2266,1,78.9
2267,1,66.0
2268,1,73.2
2269,1,67.0
2270,1,71.3
2271,1,73.5
2272,1,81.3
2273,1,74.6
2274,1,73.3
2275,1,73.3
2276,1,74.8
2277,1,67.2
2278,1,86.3
2279,1,85.0
2280,1,71.0
2281,1,52.5
2282,1,88.8
2283,1,66.5
2284,1,59.8
2285,1,79.5
2286,1,70.5
2287,1,70.1
2288,1,66.4
2289,1,87.3
2290,1,82.5
2291,1,64.1
2292,1,74.7
2293,1,71.5
2294,1,71.4
2295,1,78.8
2296,1,66.2
2297,1,68.5
2298,1,73.3
2299,1,83.5
2300,1,69.2
2301,1,66.4
2302,1,66.0
2303,1,66.1
2304,1,74.7
2305,1,64.1
2306,1,60.7
2307,1,76.5
2308,1,75.0
2309,1,58.6
2310,1,68.5
2311,1,76.3
2312,1,73.5
2313,1,73.7
2314,1,64.4
2315,1,73.9
2316,1,66.6
2317,1,69.3
2318,1,60.7
2319,1,64.6
2320,1,75.1
2321,1,61.7
2322,1,68.5
2323,1,62.2
2324,1,58.9
2325,1,69.7
2326,1,62.1
2327,1,71.1
2328,1,68.6
2329,1,68.8
2330,1,72.5
2331,1,71.5
2332,1,75.3
2333,1,81.3
2334,1,58.6
2335,1,52.6
2336,1,66.0
2337,1,74.7
2338,1,64.2
2339,1,71.0
2340,1,73.9
2341,1,78.9
2342,1,75.0
2343,1,73.1
2344,1,72.0
2345,1,65.3
2346,1,65.3
2347,1,76.1
2348,1,78.5
2349,1,63.1
2350,1,65.0
2351,1,56.0
2352,1,73.8
2353,1,66.9
2354,1,79.0
2355,1,75.9
2356,1,71.3
2357,1,80.1
2358,1,64.5
2359,1,86.8
2360,1,71.9
2361,1,48.1
2362,1,64.4
2363,1,71.3
2364,1,70.9
2365,1,72.2
2366,1,64.2
2367,1,66.2
2368,1,67.0
2369,1,80.1
2370,1,56.7
2371,1,63.1
2372,1,79.0
2373,1,59.0
2374,1,71.3
2375,1,52.7
2376,1,60.9
2377,1,63.8
2378,1,90.9
2379,1,67.9
2380,1,84.3
2381,1,75.3
2382,1,81.1
2383,1,73.5
2384,1,89.7
2385,1,67.2
2386,1,70.1
2387,1,64.6
2388,1,67.0
2389,1,64.5
2390,1,84.7
2391,1,77.9
2392,1,58.0
2393,1,84.0
2394,1,76.0
2395,1,52.7
2396,1,78.0
2397,1,63.1
2398,1,83.7
2399,1,71.3
2400,1,57.8
2401,1,73.8
2402,1,57.6
2403,1,69.9
2404,1,73.8
2405,1,65.6
2406,1,59.3
2407,1,72.8
2408,1,69.5
2409,1,78.2
2410,1,68.8
2411,1,66.2
2412,1,62.4
2413,1,66.4
2414,1,85.6
2415,1,61.5
2416,1,79.0
2417,1,80.1
2418,1,68.1
2419,1,76.5
2420,1,72.0
2421,1,70.3
2422,1,76.6
2423,1,71.9
2424,1,86.4
2425,1,63.4
2426,1,70.3
2427,1,66.2
2428,1,66.0
2429,1,86.6
2430,1,78.0
2431,1,74.1
2432,1,76.5
2433,1,56.2
2434,1,81.5
2435,1,73.9
2436,1,81.0
2437,1,81.1
2438,1,71.8
2439,1,75.8
2440,1,79.7
2441,1,70.8
2442,1,72.6
2443,1,56.4
2444,1,76.3
2445,1,60.8
2446,1,79.0
2447,1,60.7
2448,1,79.4
2449,1,78.5
2450,1,72.0
2451,1,71.9
2452,1,76.4
2453,1,67.4
2454,1,70.3
2455,1,63.5
2456,1,71.5
2457,1,69.0
2458,1,81.8
2459,1,72.4
2460,1,62.1
2461,1,83.3
2462,1,63.5
2463,1,79.3
2464,1,62.8
2465,1,66.7
2466,1,73.1
2467,1,73.2
2468,1,76.6
2469,1,73.4
2470,1,53.7
2471,1,78.2
2472,1,78.4
2473,1,68.7
2474,1,70.1
2475,1,73.5
2476,1,68.1
2477,1,61.9
2478,1,58.9
2479,1,70.4
2480,1,73.6
2481,1,61.4
2482,1,62.2
2483,1,64.9
2484,1,69.8
2485,1,70.0
2486,1,88.8
2487,1,74.8
2488,1,73.1
2489,1,79.6
2490,1,75.2
2491,1,59.3
2492,1,65.9
2493,1,74.1
2494,1,67.7
2495,1,71.5
2496,1,65.3
2497,1,72.3
2498,1,77.6
2499,1,72.8
2500,1,49.6
2501,1,73.8
2502,1,73.3
2503,1,72.0
2504,1,77.4
2505,1,73.5
2506,1,65.4
2507,1,72.1
2508,1,75.7
2509,1,66.1
2510,1,68.6
2511,1,72.5
2512,1,63.5
2513,1,66.6
2514,1,68.8
2515,1,60.7
2516,1,63.2
2517,1,87.4
2518,1,76.1
2519,1,61.5
2520,1,72.7
2521,1,71.2
2522,1,66.4
2523,1,69.2
2524,1,86.4
2525,1,73.3
2526,1,76.3
2527,1,62.4
2528,1,61.8
2529,1,84.4
2530,1,76.6
2531,1,74.1
2532,1,64.4
2533,1,75.3
2534,1,66.6
2535,1,74.1
2536,1,82.2
2537,1,74.6
2538,1,75.5
2539,1,70.0
2540,1,71.9
2541,1,68.2
2542,1,73.7
2543,1,84.3
2544,1,71.7
2545,1,63.2
2546,1,74.3
2547,1,77.4
2548,1,79.7
2549,1,62.5
2550,1,77.8
2551,1,57.4
2552,1,74.5
2553,1,73.0
2554,1,65.7
2555,1,72.1
2556,1,56.8
2557,1,74.7
2558,1,75.7
2559,1,73.3
2560,1,70.8
2561,1,64.4
2562,1,72.6
2563,1,64.6
2564,1,60.9
2565,1,73.2
2566,1,78.6
2567,1,67.2
2568,1,80.4
2569,1,59.5
2570,1,71.4
2571,1,71.5
2572,1,71.9
2573,1,66.9
2574,1,79.6
2575,1,77.7
2576,1,66.2
2577,1,67.7
2578,1,62.1
2579,1,82.7
2580,1,74.6
2581,1,65.7
2582,1,66.5
2583,1,75.2
2584,1,70.1
2585,1,66.7
2586,1,74.3
2587,1,65.7
2588,1,75.2
2589,1,64.1
2590,1,69.2
2591,1,69.6
2592,1,67.8
2593,1,74.4
2594,1,69.9
2595,1,57.8
2596,1,71.0
2597,1,63.9
2598,1,68.8
2599,1,66.7
2600,1,66.7
2601,1,84.5
2602,1,70.6
2603,1,59.9
2604,1,58.9
2605,1,77.1
2606,1,83.3
2607,1,74.4
2608,1,74.8
2609,1,70.9
2610,1,69.1
2611,1,64.4
2612,1,88.2
2613,1,76.7
2614,1,65.6
2615,1,63.3
2616,1,72.6
2617,1,66.0
2618,1,77.9
2619,1,69.5
2620,1,75.7
2621,1,85.6
2622,1,77.3
2623,1,81.5
2624,1,72.1
2625,1,67.9
2626,1,75.2
2627,1,69.1
2628,1,82.1
2629,1,75.3
2630,1,79.1
2631,1,68.3
2632,1,71.1
2633,1,75.2
2634,1,62.7
2635,1,78.0
2636,1,60.2
2637,1,67.8
2638,1,78.6
2639,1,66.0
2640,1,84.2
2641,1,55.3
2642,1,83.2
2643,1,60.2
2644,1,85.8
2645,1,83.7
2646,1,77.1
2647,1,76.8
2648,1,73.1
2649,1,59.0
2650,1,78.7
2651,1,63.5
2652,1,63.6
2653,1,70.1
2654,1,66.5
2655,1,69.1
2656,1,71.5
2657,1,63.2
2658,1,83.0
2659,1,75.1
2660,1,70.9
2661,1,77.1
2662,1,68.7
2663,1,86.5
2664,1,77.3
2665,1,67.5
2666,1,63.1
2667,1,73.0
2668,1,71.4
2669,1,71.4
2670,1,73.2
2671,1,73.5
2672,1,72.8
2673,1,77.0
2674,1,82.9
2675,1,73.8
2676,1,63.1
2677,1,67.0
2678,1,81.7
2679,1,67.5
2680,1,69.8
2681,1,75.1
2682,1,84.2
2683,1,72.0
2684,1,67.4
2685,1,70.3
2686,1,73.7
2687,1,63.5
2688,1,74.2
2689,1,80.3
2690,1,63.1
2691,1,63.7
2692,1,73.0
2693,1,82.3
2694,1,62.0
2695,1,68.9
2696,1,66.7
2697,1,63.7
2698,1,57.7
2699,1,72.9
2700,1,71.1
2701,1,71.7
2702,1,78.0
2703,1,61.3
2704,1,60.2
2705,1,70.7
2706,1,65.4
2707,1,71.5
2708,1,65.7
2709,1,79.8
2710,1,72.9
2711,1,70.0
2712,1,76.7
2713,1,73.6
2714,1,87.7
2715,1,60.9
2716,1,58.1
2717,1,74.1
2718,1,61.0
2719,1,80.4
2720,1,79.7
2721,1,67.3
2722,1,59.9
2723,1,66.0
2724,1,69.0
2725,1,80.4
2726,1,73.4
2727,1,77.6
2728,1,70.2
2729,1,71.7
2730,1,64.8
2731,1,66.8
2732,1,72.7
2733,1,81.7
2734,1,59.1
2735,1,76.0
2736,1,66.1
2737,1,69.6
2738,1,74.2
2739,1,63.2
2740,1,59.4
2741,1,70.4
2742,1,68.4
2743,1,75.8
2744,1,76.1
2745,1,71.2
2746,1,69.4
2747,1,77.0
2748,1,76.9
2749,1,73.6
2750,1,51.8
2751,1,82.4
2752,1,62.2
2753,1,67.8
2754,1,64.7
2755,1,70.1
2756,1,76.1
2757,1,65.4
2758,1,73.5
2759,1,80.3
2760,1,65.5
2761,1,78.6
2762,1,70.7
2763,1,70.8
2764,1,79.3
2765,1,73.6
2766,1,67.3
2767,1,60.0
2768,1,72.9
2769,1,58.7
2770,1,78.7
2771,1,69.2
2772,1,70.5
2773,1,66.6
2774,1,68.5
2775,1,67.8
2776,1,61.8
2777,1,80.6
2778,1,81.9
2779,1,70.8
2780,1,55.8
2781,1,64.7
2782,1,72.4
2783,1,79.9
2784,1,62.7
2785,1,74.3
2786,1,66.6
2787,1,77.0
2788,1,76.5
2789,1,76.9
2790,1,66.4
2791,1,67.8
2792,1,75.8
2793,1,72.7
2794,1,70.8
2795,1,73.5
2796,1,74.5
2797,1,78.9
2798,1,73.9
2799,1,81.1
2800,1,75.0
2801,1,76.6
2802,1,70.7
2803,1,74.6
2804,1,77.6
2805,1,72.8
2806,1,64.2
2807,1,76.9
2808,1,71.9
2809,1,63.0
2810,1,69.0
2811,1,67.3
2812,1,60.7
2813,1,69.2
2814,1,78.9
2815,1,69.6
2816,1,74.2
2817,1,71.0
2818,1,72.3
2819,1,62.6
2820,1,55.7
2821,1,87.0
2822,1,74.5
2823,1,73.4
2824,1,71.7
2825,1,66.0
2826,1,72.6
2827,1,74.2
2828,1,78.6
2829,1,66.4
2830,1,73.9
2831,1,75.4
2832,1,49.2
2833,1,76.5
2834,1,69.4
2835,1,65.8
2836,1,65.1
2837,1,69.7
2838,1,76.7
2839,1,72.7
2840,1,62.4
2841,1,72.6
2842,1,72.0
2843,1,74.2
2844,1,70.6
2845,1,68.4
2846,1,67.0
2847,1,72.4
2848,1,72.5
2849,1,68.6
2850,1,63.1
2851,1,51.2
2852,1,73.6
2853,1,76.1
2854,1,72.0
2855,1,71.4
2856,1,74.8
2857,1,73.2
2858,1,73.4
2859,1,72.7
2860,1,67.5
2861,1,64.3
2862,1,67.8
2863,1,74.3
2864,1,70.0
2865,1,78.8
2866,1,67.0
2867,1,71.7
2868,1,71.1
2869,1,87.4
2870,1,75.4
2871,1,75.9
2872,1,55.6
2873,1,72.2
2874,1,75.9
2875,1,65.8
2876,1,73.2
2877,1,72.8
2878,1,66.9
2879,1,76.1
2880,1,78.9
2881,1,65.3
2882,1,76.9
2883,1,84.8
2884,1,63.9
2885,1,77.0
2886,1,73.1
2887,1,64.4
2888,1,79.5
2889,1,62.6
2890,1,76.1
2891,1,73.2
2892,1,73.2
2893,1,74.1
2894,1,67.7
2895,1,84.0
2896,1,70.0
2897,1,58.8
2898,1,71.9
2899,1,67.2
2900,1,65.9
2901,1,67.5
2902,1,78.5
2903,1,75.2
2904,1,61.3
2905,1,72.0
2906,1,67.9
2907,1,59.5
2908,1,73.5
2909,1,77.0
2910,1,83.9
2911,1,67.6
2912,1,75.4
2913,1,59.6
2914,1,74.3
2915,1,70.2
2916,1,62.3
2917,1,63.1
2918,1,74.5
2919,1,75.0
2920,1,60.7
2921,1,51.2
2922,1,79.8
2923,1,69.7
2924,1,70.8
2925,1,78.6
2926,1,70.5
2927,1,62.2
2928,1,71.5
2929,1,66.6
2930,1,69.9
2931,1,73.3
2932,1,72.8
2933,1,64.3
2934,1,74.3
2935,1,71.7
2936,1,83.2
2937,1,70.6
2938,1,73.5
2939,1,80.0
2940,1,72.9
2941,1,71.0
2942,1,70.7
2943,1,64.1
2944,1,65.0
2945,1,67.2
2946,1,73.4
2947,1,65.3
2948,1,83.7
2949,1,77.1
2950,1,76.7
2951,1,62.2
2952,1,64.8
2953,1,76.0
2954,1,79.3
2955,1,63.7
2956,1,69.5
2957,1,74.0
2958,1,76.3
2959,1,73.0
2960,1,66.6
2961,1,82.2
2962,1,71.6
2963,1,64.3
2964,1,68.2
2965,1,79.0
2966,1,62.0
2967,1,71.7
2968,1,60.0
2969,1,72.4
2970,1,78.6
2971,1,73.3
2972,1,61.4
2973,1,71.9
2974,1,67.0
2975,1,60.5
2976,1,73.1
2977,1,65.3
2978,1,69.7
2979,1,71.4
2980,1,77.4
2981,1,80.0
2982,1,77.1
2983,1,65.2
2984,1,80.3
2985,1,77.6
2986,1,73.3
2987,1,78.8
2988,1,53.8
2989,1,70.5
2990,1,73.9
2991,1,56.7
2992,1,85.7
2993,1,68.8
2994,1,80.9
2995,1,74.8
2996,1,82.0
2997,1,64.7
2998,1,67.4
2999,1,62.5
3000,1,72.8
1,2,82.7
2,2,70.9
3,2,77.8
4,2,75.8
5,2,72.1
6,2,76.2
7,2,68.0
8,2,69.2
9,2,57.4
10,2,74.7
11,2,70.6
12,2,71.7
13,2,65.2
14,2,72.3
15,2,78.7
16,2,76.5
17,2,75.2
18,2,80.1
19,2,67.2
20,2,77.4
21,2,66.0
22,2,72.9
23,2,74.4
24,2,69.2
25,2,67.2
26,2,78.8
27,2,73.7
28,2,69.4
29,2,76.5
30,2,68.1
31,2,62.6
32,2,73.4
33,2,73.6
34,2,64.8
35,2,68.7
36,2,74.9
37,2,62.6
38,2,69.0
39,2,75.5
40,2,78.7
41,2,68.3
42,2,73.2
43,2,78.4
44,2,76.2
45,2,59.6
46,2,68.5
47,2,78.0
48,2,60.1
49,2,75.0
50,2,58.4
51,2,74.4
52,2,70.2
53,2,74.7
54,2,77.6
55,2,66.2
56,2,69.5
57,2,75.5
58,2,74.1
59,2,67.3
60,2,69.0
61,2,71.9
62,2,60.1
63,2,66.5
64,2,78.5
65,2,72.9
66,2,64.7
67,2,67.0
68,2,88.1
69,2,56.5
70,2,76.2
71,2,70.7
72,2,60.7
73,2,79.6
74,2,63.9
75,2,82.0
76,2,61.7
77,2,79.5
78,2,69.1
79,2,74.9
80,2,76.8
81,2,80.4
82,2,64.7
83,2,75.2
84,2,75.5
85,2,67.2
86,2,71.6
87,2,73.2
88,2,67.6
89,2,56.7
90,2,57.7
91,2,76.2
92,2,69.5
93,2,65.4
94,2,69.5
95,2,71.2
96,2,67.1
97,2,65.3
98,2,65.3
99,2,85.2
100,2,74.8
101,2,71.2
102,2,77.9
103,2,66.5
104,2,65.9
105,2,71.4
106,2,71.9
107,2,66.9
108,2,61.5
109,2,66.2
110,2,78.8
111,2,70.7
112,2,74.0
113,2,65.9
114,2,74.7
115,2,67.6
116,2,76.8
117,2,54.0
118,2,78.0
119,2,69.5
120,2,71.4
121,2,73.1
122,2,83.7
123,2,73.0
124,2,68.7
125,2,80.4
126,2,72.7
127,2,66.0
128,2,67.7
129,2,66.3
130,2,73.9
131,2,72.1
132,2,69.0
133,2,78.8
134,2,72.6
135,2,84.2
136,2,63.4
137,2,62.0
138,2,71.8
139,2,68.5
140,2,71.1
141,2,69.1
142,2,71.1
143,2,52.3
144,2,59.5
145,2,61.7
146,2,63.8
147,2,73.7
148,2,67.5
149,2,69.9
150,2,67.2
151,2,72.0
152,2,69.2
153,2,68.6
154,2,71.0
155,2,79.9
156,2,71.1
157,2,76.1
158,2,77.7
159,2,66.7
160,2,68.8
161,2,67.6
162,2,60.9
163,2,77.0
164,2,54.8
165,2,83.1
166,2,73.0
167,2,64.1
168,2,74.7
169,2,73.0
170,2,54.0
171,2,59.2
172,2,86.6
173,2,72.7
174,2,89.9
175,2,74.8
176,2,72.1
177,2,66.8
178,2,72.2
179,2,74.9
180,2,76.6
181,2,62.3
182,2,77.0
183,2,70.3
184,2,73.8
185,2,68.0
186,2,68.7
187,2,86.2
188,2,76.9
189,2,62.3
190,2,83.5
191,2,56.7
192,2,65.6
193,2,68.7
194,2,60.2
195,2,71.4
196,2,80.6
197,2,72.5
198,2,81.5
199,2,66.0
200,2,74.1
201,2,65.2
202,2,65.1
203,2,61.5
204,2,65.5
205,2,80.5
206,2,87.9
207,2,73.9
208,2,78.3
209,2,84.2
210,2,73.6
211,2,55.7
212,2,60.8
213,2,71.5
214,2,70.3
215,2,63.5
216,2,79.9
217,2,62.2
218,2,76.5
219,2,69.5
220,2,61.6
221,2,78.6
222,2,66.6
223,2,68.1
224,2,76.0
225,2,67.1
226,2,79.1
227,2,73.5
228,2,73.2
229,2,61.7
230,2,85.7
231,2,64.5
232,2,61.4
233,2,75.2
234,2,72.5
235,2,67.0
236,2,59.1
237,2,62.1
238,2,68.2
239,2,66.2
240,2,69.0
241,2,73.0
242,2,73.9
243,2,52.7
244,2,59.0
245,2,75.1
246,2,62.9
247,2,66.8
248,2,72.3
249,2,70.2
250,2,64.7
251,2,79.0
252,2,64.0
253,2,78.3
254,2,63.9
255,2,69.3
256,2,81.7
257,2,77.5
258,2,66.1
259,2,63.5
260,2,59.7
261,2,74.6
262,2,54.3
263,2,62.9
264,2,72.4
265,2,71.3
266,2,59.3
267,2,74.6
268,2,67.9
269,2,73.7
270,2,65.3
271,2,64.6
272,2,65.7
273,2,79.3
274,2,64.0
275,2,74.0
276,2,77.7
277,2,62.6
278,2,57.4
279,2,68.3
280,2,70.6
281,2,65.8
282,2,46.2
283,2,75.8
284,2,65.6
285,2,67.7
286,2,67.9
287,2,66.7
288,2,81.1
289,2,69.4
290,2,84.4
291,2,79.2
292,2,60.8
293,2,65.1
294,2,77.1
295,2,65.0
296,2,75.2
297,2,69.6
298,2,77.1
299,2,77.8
300,2,63.3
301,2,78.8
302,2,79.3
303,2,53.7
304,2,73.6
305,2,72.4
306,2,53.6
307,2,84.7
308,2,70.3
309,2,66.8
310,2,68.6
311,2,61.7
312,2,67.8
313,2,70.2
314,2,72.1
315,2,71.6
316,2,77.7
317,2,76.9
318,2,75.0
319,2,73.5
320,2,69.2
321,2,69.2
322,2,71.0
323,2,56.8
324,2,56.4
325,2,74.0
326,2,65.8
327,2,59.8
328,2,74.4
329,2,64.8
330,2,84.1
331,2,74.1
332,2,65.3
333,2,76.2
334,2,64.5
335,2,69.3
336,2,68.7
337,2,73.5
338,2,64.5
339,2,75.0
340,2,69.0
341,2,66.6
342,2,72.5
343,2,79.1
344,2,71.8
345,2,71.3
346,2,73.9
347,2,78.9
348,2,75.0
349,2,69.5
350,2,67.7
351,2,63.4
352,2,65.5
353,2,81.2
354,2,62.8
355,2,75.3
356,2,52.2
357,2,78.4
358,2,75.1
359,2,66.2
360,2,74.1
361,2,78.6
362,2,67.0
363,2,72.9
364,2,77.7
365,2,82.2
366,2,65.8
367,2,73.5
368,2,69.8
369,2,90.0
370,2,68.4
371,2,77.5
372,2,67.5
373,2,61.9
374,2,80.1
375,2,84.6
376,2,73.3
377,2,72.4
378,2,75.6
379,2,83.8
380,2,73.9
381,2,77.9
382,2,82.7
383,2,76.7
384,2,65.5
385,2,66.5
386,2,67.0
387,2,65.4
388,2,81.2
389,2,67.5
390,2,69.5
391,2,66.8
392,2,73.1
393,2,72.8
394,2,72.7
395,2,64.8
396,2,69.1
397,2,58.9
398,2,69.6
399,2,66.8
400,2,77.9
401,2,79.1
402,2,76.6
403,2,75.4
404,2,71.4
405,2,64.6
406,2,71.1
407,2,67.5
408,2,60.6
409,2,63.5
410,2,61.5
411,2,69.2
412,2,62.7
413,2,69.9
414,2,66.2
415,2,64.6
416,2,68.9
417,2,83.4
418,2,81.5
419,2,63.9
420,2,62.8
421,2,73.9
422,2,67.6
423,2,71.5
424,2,70.0
425,2,62.2
426,2,75.4
427,2,62.8
428,2,73.3
429,2,66.5
430,2,76.3
431,2,68.2
432,2,66.2
433,2,58.1
434,2,62.0
435,2,64.9
436,2,64.3
437,2,72.1
438,2,76.0
439,2,58.4
440,2,61.1
441,2,62.9
442,2,59.4
443,2,82.4
444,2,57.7
445,2,63.5
446,2,78.7
447,2,79.6
448,2,61.5
449,2,62.5
450,2,66.4
451,2,84.7
452,2,63.9
453,2,65.6
454,2,71.1
455,2,73.6
456,2,79.8
457,2,75.9
458,2,71.4
459,2,74.5
460,2,72.4
461,2,74.8
462,2,67.7
463,2,64.3
464,2,74.7
465,2,73.0
466,2,70.8
467,2,75.4
468,2,64.4
469,2,65.1
470,2,89.3
471,2,65.8
472,2,70.6
473,2,77.7
474,2,68.0
475,2,67.3
476,2,60.7
477,2,79.4
478,2,71.2
479,2,69.5
480,2,78.2
481,2,66.2
482,2,65.6
483,2,84.3
484,2,77.2
485,2,81.2
486,2,57.7
487,2,75.2
488,2,75.3
489,2,77.7
490,2,70.0
491,2,67.5
492,2,67.6
493,2,79.7
494,2,78.2
495,2,75.8
496,2,65.5
497,2,79.8
498,2,61.2
499,2,80.2
500,2,63.1
501,2,80.0
502,2,68.8
503,2,77.9
504,2,66.5
505,2,74.7
506,2,69.3
507,2,72.8
508,2,73.8
509,2,69.0
510,2,71.5
511,2,81.3
512,2,70.7
513,2,77.5
514,2,64.2
515,2,80.7
516,2,65.8
517,2,83.2
518,2,54.8
519,2,67.6
520,2,63.4
521,2,65.8
522,2,73.7
523,2,60.5
524,2,75.3
525,2,75.9
526,2,59.6
527,2,74.6
528,2,75.0
529,2,79.3
530,2,71.6
531,2,60.9
532,2,83.2
533,2,79.4
534,2,70.7
535,2,72.5
536,2,69.2
537,2,70.9
538,2,65.6
539,2,79.3
540,2,70.0
541,2,59.9
542,2,72.6
543,2,69.4
544,2,89.4
545,2,78.8
546,2,69.3
547,2,73.4
548,2,80.7
549,2,72.9
550,2,67.1
551,2,64.9
552,2,68.5
553,2,67.5
554,2,74.7
555,2,66.2
556,2,68.5
557,2,82.4
558,2,70.8
559,2,66.2
560,2,74.7
561,2,81.9
562,2,70.6
563,2,70.4
564,2,49.2
565,2,67.3
566,2,64.5
567,2,75.0
568,2,66.8
569,2,85.1
570,2,78.4
571,2,76.4
572,2,67.5
573,2,79.6
574,2,66.2
575,2,67.6
576,2,68.2
577,2,60.9
578,2,78.4
579,2,72.2
580,2,57.6
581,2,63.3
582,2,79.4
583,2,76.9
584,2,73.3
585,2,69.1
586,2,73.5
587,2,69.8
588,2,64.4
589,2,79.4
590,2,70.6
591,2,68.0
592,2,75.8
593,2,71.0
594,2,78.5
595,2,74.1
596,2,57.7
597,2,69.6
598,2,68.0
599,2,64.0
600,2,75.6
601,2,77.7
602,2,51.7
603,2,78.8
604,2,68.8
605,2,70.3
606,2,65.9
607,2,60.6
608,2,66.8
609,2,75.3
610,2,76.7
611,2,67.0
612,2,77.7
613,2,65.6
614,2,74.9
615,2,75.1
616,2,78.1
617,2,74.5
618,2,57.6
619,2,52.7
620,2,80.6
621,2,70.3
622,2,59.7
623,2,80.7
624,2,63.8
625,2,65.8
626,2,68.4
627,2,68.1
628,2,55.2
629,2,70.0
630,2,78.9
631,2,78.9
632,2,61.1
633,2,73.3
634,2,79.2
635,2,71.1
636,2,70.8
637,2,63.8
638,2,72.1
639,2,70.6
640,2,70.8
641,2,77.7
642,2,66.7
643,2,72.3
644,2,69.1
645,2,69.5
646,2,62.7
647,2,74.7
648,2,81.1
649,2,71.0
650,2,60.4
651,2,56.3
652,2,85.2
653,2,70.4
654,2,55.4
655,2,66.1
656,2,77.8
657,2,74.3
658,2,71.0
659,2,73.2
660,2,78.4
661,2,69.1
662,2,69.5
663,2,62.5
664,2,83.1
665,2,72.8
666,2,77.2
667,2,56.2
668,2,65.8
669,2,78.9
670,2,67.5
671,2,66.0
672,2,64.9
673,2,65.6
674,2,63.2
675,2,75.5
676,2,68.0
677,2,75.0
678,2,75.4
679,2,76.7
680,2,62.4
681,2,77.7
682,2,69.8
683,2,76.8
684,2,74.3
685,2,83.1
686,2,74.0
687,2,65.8
688,2,74.7
689,2,85.8
690,2,79.8
691,2,77.0
692,2,61.7
693,2,73.5
694,2,73.8
695,2,75.4
696,2,78.6
697,2,72.1
698,2,74.4
699,2,73.9
700,2,65.5
701,2,66.0
702,2,71.5
703,2,62.3
704,2,71.2
705,2,75.6
706,2,83.6
707,2,61.7
708,2,68.3
709,2,78.7
710,2,67.0
711,2,68.6
712,2,64.6
713,2,79.3
714,2,75.9
715,2,65.5
716,2,61.7
717,2,66.4
718,2,68.0
719,2,62.7
720,2,72.3
721,2,56.7
722,2,62.4
723,2,70.9
724,2,74.8
725,2,55.6
726,2,82.2
727,2,69.0
728,2,85.0
729,2,62.6
730,2,79.5
731,2,81.8
732,2,73.4
733,2,75.0
734,2,65.9
735,2,79.0
736,2,67.3
737,2,83.3
738,2,67.3
739,2,80.0
740,2,72.4
741,2,58.6
742,2,63.6
743,2,80.3
744,2,57.2
745,2,73.7
746,2,67.9
747,2,79.2
748,2,63.0
749,2,60.6
750,2,76.0
751,2,71.0
752,2,74.3
753,2,89.5
754,2,80.9
755,2,70.0
756,2,76.4
757,2,73.8
758,2,76.4
759,2,65.5
760,2,67.5
761,2,57.9
762,2,76.5
763,2,67.3
764,2,55.4
765,2,75.4
766,2,67.9
767,2,76.8
768,2,67.9
769,2,76.4
770,2,73.4
771,2,66.2
772,2,69.6
773,2,74.4
774,2,89.9
775,2,73.7
776,2,72.2
777,2,70.3
778,2,65.1
779,2,59.2
780,2,66.5
781,2,73.0
782,2,74.2
783,2,65.4
784,2,76.6
785,2,65.1
786,2,68.5
787,2,66.3
788,2,72.3
789,2,59.6
790,2,59.6
791,2,80.3
792,2,72.3
793,2,83.5
794,2,66.8
795,2,73.7
796,2,71.7
797,2,69.2
798,2,73.6
799,2,78.4
800,2,67.5
801,2,82.2
802,2,73.6
803,2,89.8
804,2,74.9
805,2,64.5
806,2,63.7
807,2,77.8
808,2,60.5
809,2,72.6
810,2,67.9
811,2,81.1
812,2,65.7
813,2,77.2
814,2,70.2
815,2,61.6
816,2,82.5
817,2,77.5
818,2,67.7
819,2,74.5
820,2,60.7
821,2,82.1
822,2,70.0
823,2,69.7
824,2,55.6
825,2,69.5
826,2,66.0
827,2,74.9
828,2,62.7
829,2,77.4
830,2,86.6
831,2,79.6
832,2,75.4
833,2,77.2
834,2,62.4
835,2,76.9
836,2,79.1
837,2,69.5
838,2,79.4
839,2,82.6
840,2,66.5
841,2,72.9
842,2,73.4
843,2,60.0
844,2,65.8
845,2,67.8
846,2,88.2
847,2,71.4
848,2,58.5
849,2,67.6
850,2,57.2
851,2,59.1
852,2,68.5
853,2,69.7
854,2,72.0
855,2,72.5
856,2,58.6
857,2,67.1
858,2,66.3
859,2,70.9
860,2,55.3
861,2,69.1
862,2,74.7
863,2,63.6
864,2,70.3
865,2,65.6
866,2,75.4
867,2,78.2
868,2,73.3
869,2,70.4
870,2,75.9
871,2,73.7
872,2,63.5
873,2,70.8
874,2,70.4
875,2,61.7
876,2,55.4
877,2,65.7
878,2,73.1
879,2,56.2
880,2,69.6
881,2,73.1
882,2,69.4
883,2,79.4
884,2,82.2
885,2,64.8
886,2,64.6
887,2,76.8
888,2,78.8
889,2,71.6
890,2,81.0
891,2,71.9
892,2,71.4
893,2,66.6
894,2,75.4
895,2,69.8
896,2,78.5
897,2,72.7
898,2,75.3
899,2,69.9
900,2,79.8
901,2,72.3
902,2,73.4
903,2,71.6
904,2,72.2
905,2,72.6
906,2,65.7
907,2,69.7
908,2,78.4
909,2,68.1
910,2,71.9
911,2,82.5
912,2,81.3
913,2,68.2
914,2,67.1
915,2,74.4
916,2,66.3
917,2,59.9
918,2,67.7
919,2,79.2
920,2,69.5
921,2,57.8
922,2,70.2
923,2,73.2
924,2,60.5
925,2,76.3
926,2,71.4
927,2,74.9
928,2,67.0
929,2,63.7
930,2,69.1
931,2,57.6
932,2,74.1
933,2,65.4
934,2,80.4
935,2,71.2
936,2,64.3
937,2,67.0
938,2,70.3
939,2,80.0
940,2,76.2
941,2,73.5
942,2,78.4
943,2,64.1
944,2,62.5
945,2,84.8
946,2,76.9
947,2,67.1
948,2,64.0
949,2,60.5
950,2,78.9
951,2,72.6
952,2,59.1
953,2,59.8
954,2,58.7
955,2,70.5
956,2,71.3
957,2,76.5
958,2,73.7
959,2,85.4
960,2,59.6
961,2,80.1
962,2,72.7
963,2,58.1
964,2,71.7
965,2,71.1
966,2,70.0
967,2,83.2
968,2,57.8
969,2,65.5
970,2,73.7
971,2,77.0
972,2,79.4
973,2,68.5
974,2,63.1
975,2,67.8
976,2,64.6
977,2,71.3
978,2,66.9
979,2,75.0
980,2,81.1
981,2,70.4
982,2,69.7
983,2,76.9
984,2,70.0
985,2,74.4
986,2,83.2
987,2,70.5
988,2,72.7
989,2,65.5
990,2,81.2
991,2,75.1
992,2,78.9
993,2,68.1
994,2,74.2
995,2,62.2
996,2,71.5
997,2,75.0
998,2,70.0
999,2,65.7
1000,2,74.5
1001,2,92.1
1002,2,75.4
1003,2,70.8
1004,2,69.3
1005,2,77.8
1006,2,85.1
1007,2,80.0
1008,2,73.2
1009,2,68.4
1010,2,65.6
1011,2,77.2
1012,2,68.5
1013,2,50.2
1014,2,63.7
1015,2,71.6
1016,2,78.2
1017,2,68.3
1018,2,79.0
1019,2,58.9
1020,2,61.9
1021,2,61.3
1022,2,63.7
1023,2,63.9
1024,2,72.3
1025,2,75.4
1026,2,68.1
1027,2,71.5
1028,2,62.9
1029,2,58.5
1030,2,69.7
1031,2,54.0
1032,2,75.7
1033,2,78.8
1034,2,66.9
1035,2,86.9
1036,2,66.9
1037,2,82.9
1038,2,66.8
1039,2,60.4
1040,2,76.8
1041,2,70.6
1042,2,80.7
1043,2,63.9
1044,2,66.8
1045,2,77.6
1046,2,78.2
1047,2,78.9
1048,2,69.8
1049,2,56.6
1050,2,67.9
1051,2,58.5
1052,2,62.0
1053,2,78.4
1054,2,60.7
1055,2,64.7
1056,2,72.7
1057,2,69.0
1058,2,75.0
1059,2,68.6
1060,2,66.1
1061,2,77.1
1062,2,74.3
1063,2,73.1
1064,2,61.8
1065,2,66.5
1066,2,83.9
1067,2,72.6
1068,2,65.5
1069,2,60.4
1070,2,69.7
1071,2,70.9
1072,2,73.1
1073,2,68.5
1074,2,77.4
1075,2,58.9
1076,2,67.3
1077,2,65.0
1078,2,80.6
1079,2,73.3
1080,2,72.8
1081,2,67.0
1082,2,73.6
1083,2,75.7
1084,2,68.2
1085,2,61.0
1086,2,69.1
1087,2,74.9
1088,2,74.0
1089,2,69.8
1090,2,71.3
1091,2,72.5
1092,2,69.7
1093,2,80.4
1094,2,76.4
1095,2,69.6
1096,2,66.8
1097,2,82.5
1098,2,65.1
1099,2,76.6
1100,2,66.5
1101,2,68.0
1102,2,68.8
1103,2,54.9
1104,2,77.2
1105,2,72.8
1106,2,64.6
1107,2,65.5
1108,2,71.0
1109,2,88.3
1110,2,74.6
1111,2,70.0
1112,2,85.4
1113,2,82.0
1114,2,71.7
1115,2,71.1
1116,2,66.7
1117,2,80.5
1118,2,70.1
1119,2,62.7
1120,2,67.1
1121,2,61.0
1122,2,62.8
1123,2,69.8
1124,2,60.6
1125,2,73.2
1126,2,73.7
1127,2,67.0
1128,2,78.2
1129,2,80.0
1130,2,68.9
1131,2,55.4
1132,2,58.1
1133,2,74.8
1134,2,72.4
1135,2,70.9
1136,2,83.7
1137,2,73.2
1138,2,85.3
1139,2,80.2
1140,2,65.2
1141,2,67.7
1142,2,73.7
1143,2,65.7
1144,2,69.5
1145,2,68.7
1146,2,69.7
1147,2,75.2
1148,2,74.8
1149,2,89.7
1150,2,68.1
1151,2,70.8
1152,2,78.4
1153,2,72.5
1154,2,72.6
1155,2,81.6
1156,2,64.5
1157,2,74.1
1158,2,65.5
1159,2,75.1
1160,2,62.1
1161,2,94.0
1162,2,70.3
1163,2,76.0
1164,2,58.8
1165,2,69.2
1166,2,56.9
1167,2,87.7
1168,2,70.4
1169,2,72.4
1170,2,65.2
1171,2,67.2
1172,2,78.0
1173,2,70.9
1174,2,74.0
1175,2,67.5
1176,2,71.1
1177,2,70.6
1178,2,73.8
1179,2,73.7
1180,2,76.4
1181,2,67.2
1182,2,76.3
1183,2,78.6
1184,2,75.4
1185,2,77.1
1186,2,75.9
1187,2,83.7
1188,2,83.5
1189,2,70.4
1190,2,56.5
1191,2,71.6
1192,2,69.0
1193,2,69.9
1194,2,79.8
1195,2,60.9
1196,2,65.3
1197,2,72.5
1198,2,72.7
1199,2,59.8
1200,2,60.0
1201,2,79.7
1202,2,67.7
1203,2,67.9
1204,2,60.8
1205,2,63.7
1206,2,74.2
1207,2,83.8
1208,2,60.8
1209,2,72.8
1210,2,71.5
1211,2,59.5
1212,2,64.8
1213,2,63.1
1214,2,78.1
1215,2,80.3
1216,2,76.6
1217,2,63.6
1218,2,63.4
1219,2,61.2
1220,2,57.0
1221,2,73.6
1222,2,78.8
1223,2,68.9
1224,2,74.4
1225,2,71.8
1226,2,63.8
1227,2,80.4
1228,2,82.4
1229,2,61.9
1230,2,79.3
1231,2,80.6
1232,2,72.7
1233,2,64.0
1234,2,65.8
1235,2,81.2
1236,2,63.1
1237,2,63.8
1238,2,57.9
1239,2,78.5
1240,2,55.9
1241,2,73.7
1242,2,59.6
1243,2,62.7
1244,2,72.6
1245,2,71.3
1246,2,70.5
1247,2,74.9
1248,2,66.9
1249,2,72.9
1250,2,75.5
1251,2,67.5
1252,2,89.2
1253,2,51.1
1254,2,69.1
1255,2,76.2
1256,2,65.3
1257,2,56.0
1258,2,56.5
1259,2,65.4
1260,2,79.0
1261,2,61.3
1262,2,69.2
1263,2,67.7
1264,2,64.8
1265,2,70.1
1266,2,75.9
1267,2,73.3
1268,2,86.6
1269,2,65.1
1270,2,59.3
1271,2,82.1
1272,2,86.2
1273,2,67.5
1274,2,72.4
1275,2,67.2
1276,2,68.8
1277,2,78.4
1278,2,62.7
1279,2,84.6
1280,2,68.2
1281,2,79.8
1282,2,78.2
1283,2,74.4
1284,2,68.7
1285,2,63.0
1286,2,67.7
1287,2,80.1
1288,2,63.4
1289,2,61.1
1290,2,81.5
1291,2,66.0
1292,2,77.7
1293,2,65.6
1294,2,74.1
1295,2,71.3
1296,2,67.6
1297,2,73.8
1298,2,76.8
1299,2,74.4
1300,2,80.3
1301,2,70.0
1302,2,69.8
1303,2,67.1
1304,2,63.2
1305,2,76.0
1306,2,62.0
1307,2,75.4
1308,2,84.1
1309,2,65.8
1310,2,75.4
1311,2,65.0
1312,2,67.5
1313,2,69.4
1314,2,66.7
1315,2,79.6
1316,2,65.9
1317,2,78.1
1318,2,63.2
1319,2,70.1
1320,2,70.0
1321,2,82.1
1322,2,73.1
1323,2,64.2
1324,2,65.6
1325,2,63.8
1326,2,72.1
1327,2,69.4
1328,2,68.0
1329,2,79.1
1330,2,69.4
1331,2,75.0
1332,2,64.2
1333,2,61.0
1334,2,77.0
1335,2,81.5
1336,2,60.6
1337,2,76.6
1338,2,72.8
1339,2,79.0
1340,2,74.6
1341,2,77.5
1342,2,72.9
1343,2,76.0
1344,2,64.9
1345,2,76.7
1346,2,69.1
1347,2,71.1
1348,2,94.9
1349,2,70.7
1350,2,79.0
1351,2,61.5
1352,2,64.5
1353,2,67.2
1354,2,77.3
1355,2,74.3
1356,2,78.5
1357,2,71.2
1358,2,74.5
1359,2,73.2
1360,2,75.9
1361,2,74.2
1362,2,68.5
1363,2,90.0
1364,2,82.6
1365,2,73.2
1366,2,74.7
1367,2,60.1
1368,2,67.5
1369,2,75.3
1370,2,63.6
1371,2,80.5
1372,2,64.1
1373,2,58.0
1374,2,80.4
1375,2,67.4
1376,2,78.9
1377,2,85.6
1378,2,73.9
1379,2,65.4
1380,2,72.5
1381,2,52.9
1382,2,85.2
1383,2,72.9
1384,2,45.2
1385,2,65.3
1386,2,68.2
1387,2,68.5
1388,2,61.0
1389,2,71.2
1390,2,57.8
1391,2,61.3
1392,2,69.6
1393,2,72.4
1394,2,72.9
1395,2,75.6
1396,2,68.6
1397,2,75.4
1398,2,68.2
1399,2,66.7
1400,2,76.0
1401,2,78.7
1402,2,76.9
1403,2,73.6
1404,2,69.1
1405,2,76.9
1406,2,72.7
1407,2,80.1
1408,2,55.9
1409,2,68.8
1410,2,68.5
1411,2,55.6
1412,2,69.8
1413,2,70.2
1414,2,77.6
1415,2,88.4
1416,2,69.6
1417,2,78.3
1418,2,65.7
1419,2,70.8
1420,2,65.4
1421,2,65.7
1422,2,76.3
1423,2,80.7
1424,2,77.7
1425,2,63.9
1426,2,68.2
1427,2,60.9
1428,2,83.4
1429,2,81.1
1430,2,79.9
1431,2,58.8
1432,2,79.4
1433,2,68.2
1434,2,65.8
1435,2,69.8
1436,2,65.7
1437,2,81.2
1438,2,81.5
1439,2,84.3
1440,2,75.2
1441,2,70.2
1442,2,63.8
1443,2,73.2
1444,2,66.9
1445,2,63.4
1446,2,77.7
1447,2,76.3
1448,2,65.9
1449,2,87.3
1450,2,73.8
1451,2,63.7
1452,2,66.6
1453,2,84.4
1454,2,72.8
1455,2,80.7
1456,2,69.6
1457,2,68.4
1458,2,66.9
1459,2,77.0
1460,2,79.2
1461,2,87.3
1462,2,75.7
1463,2,78.9
1464,2,75.9
1465,2,72.8
1466,2,74.1
1467,2,75.2
1468,2,77.1
1469,2,53.8
1470,2,78.8
1471,2,85.9
1472,2,71.3
1473,2,72.9
1474,2,71.8
1475,2,76.4
1476,2,84.0
1477,2,65.1
1478,2,71.5
1479,2,62.2
1480,2,72.7
1481,2,74.3
1482,2,67.7
1483,2,79.3
1484,2,76.2
1485,2,76.1
1486,2,63.5
1487,2,64.1
1488,2,66.7
1489,2,72.4
1490,2,68.7
1491,2,73.6
1492,2,71.5
1493,2,59.9
1494,2,65.2
1495,2,73.5
1496,2,71.8
1497,2,67.2
1498,2,78.5
1499,2,80.8
1500,2,69.8
1501,2,68.5
1502,2,71.8
1503,2,62.6
1504,2,70.8
1505,2,73.2
1506,2,72.2
1507,2,61.6
1508,2,55.3
1509,2,71.4
1510,2,65.7
1511,2,79.3
1512,2,63.6
1513,2,51.6
1514,2,74.9
1515,2,74.8
1516,2,59.0
1517,2,74.7
1518,2,81.5
1519,2,61.0
1520,2,85.1
1521,2,82.6
1522,2,80.3
1523,2,72.1
1524,2,77.3
1525,2,73.3
1526,2,61.7
1527,2,78.3
1528,2,69.6
1529,2,72.2
1530,2,67.3
1531,2,65.6
1532,2,77.3
1533,2,66.1
1534,2,75.5
1535,2,66.7
1536,2,75.2
1537,2,69.7
1538,2,79.7
1539,2,56.8
1540,2,74.4
1541,2,70.3
1542,2,81.0
1543,2,63.1
1544,2,64.1
1545,2,75.0
1546,2,64.8
1547,2,58.1
1548,2,73.4
1549,2,73.9
1550,2,57.3
1551,2,73.5
1552,2,71.0
1553,2,61.9
1554,2,62.5
1555,2,76.7
1556,2,81.3
1557,2,80.7
1558,2,70.6
1559,2,73.8
1560,2,68.1
1561,2,78.1
1562,2,82.9
1563,2,75.7
1564,2,64.4
1565,2,80.3
1566,2,76.8
1567,2,80.3
1568,2,80.8
1569,2,53.0
1570,2,61.4
1571,2,72.2
1572,2,60.6
1573,2,66.9
1574,2,86.6
1575,2,74.3
1576,2,77.3
1577,2,75.0
1578,2,74.0
1579,2,69.0
1580,2,64.5
1581,2,67.0
1582,2,88.1
1583,2,66.9
1584,2,80.8
1585,2,83.6
1586,2,66.9
1587,2,71.7
1588,2,84.9
1589,2,64.4
1590,2,67.7
1591,2,78.1
1592,2,66.7
1593,2,66.0
1594,2,82.3
1595,2,66.9
1596,2,84.1
1597,2,74.8
1598,2,73.1
1599,2,73.1
1600,2,81.4
1601,2,77.6
1602,2,57.3
1603,2,74.9
1604,2,63.3
1605,2,77.7
1606,2,75.1
1607,2,52.5
1608,2,70.5
1609,2,80.9
1610,2,79.7
1611,2,68.4
1612,2,78.0
1613,2,64.7
1614,2,73.2
1615,2,68.3
1616,2,73.7
1617,2,72.8
1618,2,83.4
1619,2,63.9
1620,2,76.8
1621,2,79.7
1622,2,71.2
1623,2,68.1
1624,2,55.2
1625,2,59.3
1626,2,64.9
1627,2,86.9
1628,2,73.7
1629,2,73.1
1630,2,69.2
1631,2,63.9
1632,2,59.3
1633,2,63.0
1634,2,77.2
1635,2,65.7
1636,2,68.6
1637,2,73.9
1638,2,82.1
1639,2,75.4
1640,2,78.7
1641,2,68.0
1642,2,58.1
1643,2,72.7
1644,2,74.0
1645,2,76.2
1646,2,62.8
1647,2,73.1
1648,2,77.4
1649,2,75.3
1650,2,75.3
1651,2,72.2
1652,2,68.8
1653,2,82.7
1654,2,70.3
1655,2,88.7
1656,2,59.1
1657,2,59.4
1658,2,69.0
1659,2,75.3
1660,2,66.2
1661,2,59.7
1662,2,60.1
1663,2,74.3
1664,2,71.0
1665,2,76.5
1666,2,69.8
1667,2,64.7
1668,2,64.2
1669,2,61.2
1670,2,82.8
1671,2,67.4
1672,2,68.3
1673,2,74.5
1674,2,65.5
1675,2,55.7
1676,2,69.8
1677,2,63.4
1678,2,78.9
1679,2,63.2
1680,2,60.3
1681,2,81.7
1682,2,89.8
1683,2,63.2
1684,2,56.6
1685,2,61.9
1686,2,69.6
1687,2,67.6
1688,2,66.0
1689,2,87.6
1690,2,76.1
1691,2,66.3
1692,2,52.9
1693,2,60.1
1694,2,61.9
1695,2,78.1
1696,2,65.9
1697,2,70.3
1698,2,73.2
1699,2,66.4
1700,2,67.4
1701,2,67.1
1702,2,70.0
1703,2,77.6
1704,2,68.2
1705,2,75.1
1706,2,63.2
1707,2,73.1
1708,2,87.3
1709,2,66.3
1710,2,73.9
1711,2,68.0
1712,2,61.9
1713,2,69.7
1714,2,68.9
1715,2,63.1
1716,2,68.8
1717,2,65.5
1718,2,70.8
1719,2,73.6
1720,2,71.8
1721,2,76.5
1722,2,63.0
1723,2,60.0
1724,2,72.1
1725,2,68.0
1726,2,70.2
1727,2,79.4
1728,2,75.3
1729,2,73.7
1730,2,71.2
1731,2,74.1
1732,2,72.8
1733,2,70.7
1734,2,56.3
1735,2,72.7
1736,2,61.4
1737,2,66.9
1738,2,73.0
1739,2,62.2
1740,2,89.0
1741,2,80.2
1742,2,68.8
1743,2,86.6
1744,2,68.9
1745,2,66.1
1746,2,71.4
1747,2,80.3
1748,2,64.6
1749,2,62.7
1750,2,61.3
1751,2,60.6
1752,2,67.3
1753,2,64.1
1754,2,62.1
1755,2,84.5
1756,2,76.2
1757,2,75.7
1758,2,75.8
1759,2,73.2
1760,2,71.0
1761,2,68.7
1762,2,84.6
1763,2,77.8
1764,2,73.7
1765,2,64.0
1766,2,60.4
1767,2,68.0
1768,2,68.2
1769,2,78.4
1770,2,80.1
1771,2,76.8
1772,2,73.5
1773,2,73.6
1774,2,71.9
1775,2,57.6
1776,2,78.2
1777,2,73.0
1778,2,54.5
1779,2,61.0
1780,2,66.5
1781,2,70.7
1782,2,72.0
1783,2,74.7
1784,2,79.0
1785,2,75.8
1786,2,67.6
1787,2,70.3
1788,2,54.3
1789,2,71.2
1790,2,74.0
1791,2,56.5
1792,2,73.2
1793,2,68.8
1794,2,79.7
1795,2,69.4
1796,2,79.9
1797,2,75.4
1798,2,84.8
1799,2,78.9
1800,2,59.1
1801,2,67.1
1802,2,69.0
1803,2,77.8
1804,2,75.8
1805,2,61.1
1806,2,70.3
1807,2,71.9
1808,2,73.3
1809,2,68.5
1810,2,79.5
1811,2,58.9
1812,2,60.6
1813,2,68.2
1814,2,70.5
1815,2,73.3
1816,2,65.1
1817,2,77.9
1818,2,69.9
1819,2,67.4
1820,2,62.7
1821,2,74.7
1822,2,62.4
1823,2,66.0
1824,2,69.1
1825,2,72.2
1826,2,79.0
1827,2,78.8
1828,2,81.8
1829,2,70.1
1830,2,77.7
1831,2,76.3
1832,2,70.6
1833,2,77.7
1834,2,67.7
1835,2,80.2
1836,2,67.6
1837,2,53.9
1838,2,65.9
1839,2,78.6
1840,2,69.5
1841,2,73.6
1842,2,76.4
1843,2,76.2
1844,2,73.3
1845,2,78.0
1846,2,70.2
1847,2,67.3
1848,2,72.2
1849,2,74.8
1850,2,65.8
1851,2,65.7
1852,2,72.4
1853,2,68.1
1854,2,67.5
1855,2,79.1
1856,2,67.9
1857,2,62.5
1858,2,63.7
1859,2,75.3
1860,2,66.9
1861,2,69.4
1862,2,62.7
1863,2,74.5
1864,2,62.3
1865,2,81.4
1866,2,77.9
1867,2,70.1
1868,2,67.4
1869,2,68.5
1870,2,76.8
1871,2,68.1
1872,2,80.9
1873,2,72.8
1874,2,61.6
1875,2,58.8
1876,2,81.1
1877,2,78.5
1878,2,53.0
1879,2,66.0
1880,2,72.7
1881,2,72.8
1882,2,71.9
1883,2,62.5
1884,2,67.5
1885,2,78.8
1886,2,70.2
1887,2,79.8
1888,2,75.5
1889,2,59.5
1890,2,74.9
1891,2,77.3
1892,2,70.2
1893,2,69.3
1894,2,72.1
1895,2,73.8
1896,2,61.3
1897,2,69.7
1898,2,77.6
1899,2,76.8
1900,2,73.5
1901,2,83.3
1902,2,68.1
1903,2,73.3
1904,2,71.1
1905,2,61.6
1906,2,75.4
1907,2,56.6
1908,2,87.4
1909,2,63.8
1910,2,84.8
1911,2,57.1
1912,2,69.3
1913,2,78.2
1914,2,71.2
1915,2,60.8
1916,2,63.3
1917,2,77.9
1918,2,77.6
1919,2,85.4
1920,2,71.9
1921,2,75.5
1922,2,67.3
1923,2,70.2
1924,2,64.0
1925,2,77.4
1926,2,70.2
1927,2,71.0
1928,2,71.6
1929,2,70.5
1930,2,63.8
1931,2,76.3
1932,2,58.0
1933,2,64.9
1934,2,74.2
1935,2,75.5
1936,2,70.6
1937,2,59.9
1938,2,75.0
1939,2,64.3
1940,2,63.2
1941,2,70.5
1942,2,58.3
1943,2,60.0
1944,2,78.8
1945,2,64.1
1946,2,59.6
1947,2,60.6
1948,2,71.2
1949,2,78.6
1950,2,74.5
1951,2,69.6
1952,2,62.0
1953,2,81.7
1954,2,68.5
1955,2,83.9
1956,2,75.6
1957,2,77.9
1958,2,73.0
1959,2,83.9
1960,2,54.8
1961,2,73.3
1962,2,66.4
1963,2,78.7
1964,2,59.0
1965,2,54.3
1966,2,75.9
1967,2,66.9
1968,2,73.1
1969,2,62.8
1970,2,69.8
1971,2,74.2
1972,2,75.7
1973,2,77.3
1974,2,76.1
1975,2,56.5
1976,2,59.8
1977,2,60.2
1978,2,82.6
1979,2,71.3
1980,2,61.3
1981,2,77.1
1982,2,74.5
1983,2,74.4
1984,2,67.3
1985,2,75.8
1986,2,52.8
1987,2,74.2
1988,2,77.4
1989,2,69.7
1990,2,77.2
1991,2,68.0
1992,2,61.7
1993,2,58.4
1994,2,72.0
1995,2,68.7
1996,2,67.2
1997,2,72.3
1998,2,76.1
1999,2,71.7
2000,2,60.9
2001,2,70.7
2002,2,74.1
2003,2,75.5
2004,2,76.5
2005,2,74.1
2006,2,70.2
2007,2,77.5
2008,2,77.3
2009,2,81.4
2010,2,68.1
2011,2,69.6
2012,2,64.4
2013,2,69.0
2014,2,76.2
2015,2,76.3
2016,2,72.1
2017,2,82.9
2018,2,72.9
2019,2,74.8
2020,2,84.3
2021,2,78.7
2022,2,73.7
2023,2,74.8
2024,2,71.2
2025,2,76.2
2026,2,76.6
2027,2,69.4
2028,2,82.5
2029,2,66.8
2030,2,75.6
2031,2,74.3
2032,2,77.9
2033,2,80.4
2034,2,53.7
2035,2,68.6
2036,2,73.0
2037,2,69.1
2038,2,74.0
2039,2,68.6
2040,2,67.0
2041,2,82.6
2042,2,69.1
2043,2,80.3
2044,2,64.7
2045,2,64.5
2046,2,78.4
2047,2,69.2
2048,2,67.8
2049,2,67.1
2050,2,75.2
2051,2,78.2
2052,2,72.5
2053,2,79.3
2054,2,64.1
2055,2,72.6
2056,2,68.8
2057,2,77.7
2058,2,65.0
2059,2,71.1
2060,2,73.2
2061,2,63.7
2062,2,70.2
2063,2,74.8
2064,2,72.1
2065,2,76.5
2066,2,78.2
2067,2,87.4
2068,2,78.8
2069,2,61.3
2070,2,78.6
2071,2,69.5
2072,2,67.8
2073,2,72.1
2074,2,78.0
2075,2,74.2
2076,2,73.3
2077,2,67.1
2078,2,66.2
2079,2,70.9
2080,2,75.9
2081,2,64.3
2082,2,63.7
2083,2,78.5
2084,2,70.2
2085,2,76.0
2086,2,75.0
2087,2,78.2
2088,2,71.4
2089,2,75.4
2090,2,69.5
2091,2,69.7
2092,2,62.4
2093,2,69.3
2094,2,64.4
2095,2,79.3
2096,2,65.7
2097,2,68.6
2098,2,83.5
2099,2,85.3
2100,2,62.4
2101,2,76.0
2102,2,71.8
2103,2,81.2
2104,2,71.4
2105,2,69.8
2106,2,81.7
2107,2,74.9
2108,2,70.4
2109,2,75.4
2110,2,71.8
2111,2,73.6
2112,2,75.0
2113,2,75.4
2114,2,83.0
2115,2,65.5
2116,2,62.5
2117,2,67.1
2118,2,74.0
2119,2,71.0
2120,2,69.7
2121,2,76.8
2122,2,72.1
2123,2,73.4
2124,2,79.7
2125,2,77.9
2126,2,75.7
2127,2,74.0
2128,2,77.2
2129,2,69.0
2130,2,80.5
2131,2,74.9
2132,2,78.5
2133,2,58.7
2134,2,69.3
2135,2,77.2
2136,2,67.7
2137,2,76.1
2138,2,68.2
2139,2,75.6
2140,2,71.9
2141,2,77.5
2142,2,74.2
2143,2,63.4
2144,2,71.3
2145,2,76.5
2146,2,65.8
2147,2,76.1
2148,2,74.0
2149,2,68.8
2150,2,62.5
2151,2,76.4
2152,2,79.5
2153,2,68.7
2154,2,75.0
2155,2,69.5
2156,2,70.3
2157,2,64.9
2158,2,71.4
2159,2,59.4
2160,2,76.0
2161,2,71.6
2162,2,67.7
2163,2,68.1
2164,2,75.2
2165,2,79.7
2166,2,65.0
2167,2,64.3
2168,2,71.0
2169,2,78.5
2170,2,72.4
2171,2,60.5
2172,2,75.4
2173,2,65.6
2174,2,73.1
2175,2,74.0
2176,2,77.1
2177,2,80.2
2178,2,67.5
2179,2,61.2
2180,2,71.6
2181,2,66.8
2182,2,81.9
2183,2,65.4
2184,2,74.9
2185,2,54.2
2186,2,76.9
2187,2,69.7
2188,2,72.5
2189,2,77.9
2190,2,72.6
2191,2,71.1
2192,2,86.9
2193,2,70.3
2194,2,52.8
2195,2,72.1
2196,2,73.4
2197,2,63.3
2198,2,62.9
2199,2,77.9
2200,2,65.9
2201,2,78.8
2202,2,69.9
2203,2,67.7
2204,2,68.0
2205,2,76.4
2206,2,77.4
2207,2,57.3
2208,2,69.7
2209,2,52.0
2210,2,66.3
2211,2,69.1
2212,2,73.2
2213,2,85.6
2214,2,75.5
2215,2,71.8
2216,2,77.3
2217,2,67.3
2218,2,84.0
2219,2,65.7
2220,2,70.6
2221,2,66.7
2222,2,75.1
2223,2,78.3
2224,2,54.0
2225,2,74.1
2226,2,63.8
2227,2,67.7
2228,2,79.0
2229,2,72.8
2230,2,72.5
2231,2,74.2
2232,2,68.8
2233,2,72.9
2234,2,70.2
2235,2,63.2
2236,2,65.6
2237,2,69.2
2238,2,69.0
2239,2,67.7
2240,2,59.5
2241,2,83.6
2242,2,67.4
2243,2,70.0
2244,2,57.6
2245,2,66.2
2246,2,63.2
2247,2,62.9
2248,2,70.7
2249,2,74.8
2250,2,68.6
2251,2,64.9
2252,2,76.0
2253,2,77.9
2254,2,67.5
2255,2,67.1
2256,2,65.7
2257,2,64.8
2258,2,60.1
2259,2,62.3
2260,2,64.2
2261,2,82.0
2262,2,66.6
2263,2,71.0
2264,2,71.7
2265,2,64.4
2266,2,77.3
2267,2,63.7
2268,2,75.0
2269,2,71.2
2270,2,69.7
2271,2,76.4
2272,2,81.3
2273,2,75.2
2274,2,71.1
2275,2,79.2
2276,2,69.0
2277,2,65.4
2278,2,86.1
2279,2,87.3
2280,2,73.1
2281,2,53.8
2282,2,89.7
2283,2,65.0
2284,2,64.5
2285,2,80.7
2286,2,73.8
2287,2,72.4
2288,2,67.2
2289,2,85.8
2290,2,84.1
2291,2,69.1
2292,2,76.1
2293,2,69.1
2294,2,65.9
2295,2,79.7
2296,2,68.0
2297,2,70.3
2298,2,72.3
2299,2,80.9
2300,2,66.3
2301,2,65.0
2302,2,65.1
2303,2,68.4
2304,2,70.7
2305,2,69.4
2306,2,65.2
2307,2,73.3
2308,2,77.2
2309,2,62.2
2310,2,64.6
2311,2,77.1
2312,2,74.1
2313,2,76.2
2314,2,63.3
2315,2,74.2
2316,2,62.5
2317,2,72.0
2318,2,59.7
2319,2,60.6
2320,2,75.2
2321,2,59.8
2322,2,66.7
2323,2,61.6
2324,2,55.8
2325,2,64.1
2326,2,63.6
2327,2,67.3
2328,2,63.2
2329,2,68.8
2330,2,73.7
2331,2,74.1
2332,2,75.7
2333,2,78.0
2334,2,51.1
2335,2,51.4
2336,2,65.2
2337,2,76.1
2338,2,62.3
2339,2,73.2
2340,2,72.8
2341,2,80.3
2342,2,77.0
2343,2,71.5
2344,2,74.6
2345,2,69.2
2346,2,66.8
2347,2,72.3
2348,2,81.7
2349,2,65.3
2350,2,63.1
2351,2,62.3
2352,2,72.4
2353,2,66.3
2354,2,76.6
2355,2,78.1
2356,2,69.9
2357,2,79.2
2358,2,69.8
2359,2,84.7
2360,2,70.5
2361,2,50.6
2362,2,67.7
2363,2,68.3
2364,2,73.6
2365,2,67.7
2366,2,66.9
2367,2,66.4
2368,2,67.1
2369,2,79.0
2370,2,58.9
2371,2,62.8
2372,2,76.6
2373,2,59.7
2374,2,71.8
2375,2,55.5
2376,2,64.7
2377,2,64.4
2378,2,89.0
2379,2,70.7
2380,2,81.5
2381,2,74.1
2382,2,80.1
2383,2,76.1
2384,2,87.7
2385,2,66.3
2386,2,70.5
2387,2,65.0
2388,2,68.8
2389,2,64.4
2390,2,76.9
2391,2,76.5
2392,2,58.7
2393,2,82.9
2394,2,75.5
2395,2,57.1
2396,2,75.4
2397,2,62.2
2398,2,83.3
2399,2,73.7
2400,2,56.7
2401,2,73.1
2402,2,61.5
2403,2,66.6
2404,2,74.9
2405,2,69.5
2406,2,62.0
2407,2,70.9
2408,2,64.2
2409,2,79.1
2410,2,72.7
2411,2,67.4
2412,2,60.7
2413,2,64.9
2414,2,79.9
2415,2,64.5
2416,2,83.7
2417,2,78.4
2418,2,70.6
2419,2,73.2
2420,2,74.8
2421,2,67.5
2422,2,74.0
2423,2,70.3
2424,2,89.2
2425,2,62.6
2426,2,67.5
2427,2,68.1
2428,2,65.3
2429,2,86.0
2430,2,82.7
2431,2,74.1
2432,2,74.7
2433,2,54.5
2434,2,80.2
2435,2,72.3
2436,2,83.9
2437,2,82.1
2438,2,77.3
2439,2,77.8
2440,2,80.9
2441,2,73.3
2442,2,67.7
2443,2,59.1
2444,2,74.3
2445,2,60.3
2446,2,80.0
2447,2,68.4
2448,2,80.5
2449,2,79.2
2450,2,70.7
2451,2,69.2
2452,2,80.8
2453,2,69.1
2454,2,74.5
2455,2,64.2
2456,2,72.5
2457,2,64.5
2458,2,83.3
2459,2,73.9
2460,2,61.4
2461,2,83.1
2462,2,65.2
2463,2,76.5
2464,2,71.4
2465,2,63.8
2466,2,74.8
2467,2,68.9
2468,2,81.4
2469,2,72.0
2470,2,53.3
2471,2,79.1
2472,2,80.4
2473,2,62.9
2474,2,71.0
2475,2,69.8
2476,2,68.5
2477,2,67.2
2478,2,64.0
2479,2,71.6
2480,2,72.6
2481,2,63.6
2482,2,61.7
2483,2,64.3
2484,2,68.8
2485,2,66.3
2486,2,88.0
2487,2,73.4
2488,2,72.7
2489,2,79.8
2490,2,70.5
2491,2,60.5
2492,2,74.3
2493,2,72.7
2494,2,67.5
2495,2,75.0
2496,2,64.1
2497,2,69.1
2498,2,78.0
2499,2,76.7
2500,2,51.9
2501,2,69.9
2502,2,68.3
2503,2,71.7
2504,2,80.0
2505,2,74.7
2506,2,67.3
2507,2,72.0
2508,2,76.0
2509,2,73.5
2510,2,72.6
2511,2,70.8
2512,2,65.7
2513,2,65.2
2514,2,66.3
2515,2,62.8
2516,2,63.0
2517,2,82.3
2518,2,76.2
2519,2,65.8
2520,2,69.3
2521,2,73.5
2522,2,69.1
2523,2,71.1
2524,2,85.9
2525,2,74.2
2526,2,72.5
2527,2,59.8
2528,2,63.8
2529,2,85.9
2530,2,75.0
2531,2,77.9
2532,2,62.5
2533,2,72.7
2534,2,71.7
2535,2,76.0
2536,2,81.2
2537,2,71.3
2538,2,74.7
2539,2,69.9
2540,2,72.9
2541,2,68.9
2542,2,83.3
2543,2,79.3
2544,2,70.9
2545,2,60.6
2546,2,75.9
2547,2,79.5
2548,2,77.4
2549,2,62.9
2550,2,78.9
2551,2,62.3
2552,2,75.5
2553,2,73.1
2554,2,62.1
2555,2,67.3
2556,2,57.6
2557,2,79.3
2558,2,78.6
2559,2,72.0
2560,2,74.1
2561,2,69.1
2562,2,72.9
2563,2,64.5
2564,2,59.0
2565,2,73.5
2566,2,85.0
2567,2,73.5
2568,2,77.5
2569,2,61.1
2570,2,65.6
2571,2,70.4
2572,2,72.0
2573,2,70.1
2574,2,81.9
2575,2,79.9
2576,2,66.5
2577,2,68.5
2578,2,63.6
2579,2,83.4
2580,2,74.1
2581,2,64.7
2582,2,61.1
2583,2,76.2
2584,2,65.8
2585,2,64.6
2586,2,71.8
2587,2,67.5
2588,2,68.3
2589,2,68.4
2590,2,68.4
2591,2,74.0
2592,2,70.1
2593,2,77.6
2594,2,66.7
2595,2,59.3
2596,2,65.8
2597,2,67.0
2598,2,63.9
2599,2,67.3
2600,2,71.2
2601,2,82.5
2602,2,69.4
2603,2,59.5
2604,2,56.9
2605,2,79.5
2606,2,81.6
2607,2,73.9
2608,2,72.5
2609,2,68.1
2610,2,70.4
2611,2,66.1
2612,2,87.9
2613,2,80.7
2614,2,70.7
2615,2,62.2
2616,2,74.1
2617,2,61.0
2618,2,80.2
2619,2,70.9
2620,2,74.9
2621,2,87.5
2622,2,76.7
2623,2,77.2
2624,2,72.6
2625,2,65.5
2626,2,75.3
2627,2,66.7
2628,2,83.1
2629,2,74.3
2630,2,74.0
2631,2,66.9
2632,2,66.9
2633,2,71.6
2634,2,62.1
2635,2,75.8
2636,2,61.0
2637,2,68.7
2638,2,73.2
2639,2,65.4
2640,2,81.9
2641,2,54.2
2642,2,82.0
2643,2,57.9
2644,2,83.1
2645,2,80.5
2646,2,76.5
2647,2,74.9
2648,2,71.1
2649,2,59.5
2650,2,80.2
2651,2,63.0
2652,2,62.0
2653,2,68.0
2654,2,66.6
2655,2,70.6
2656,2,72.0
2657,2,63.6
2658,2,86.3
2659,2,80.9
2660,2,66.4
2661,2,75.4
2662,2,67.7
2663,2,81.2
2664,2,80.3
2665,2,72.4
2666,2,64.4
2667,2,73.0
2668,2,72.3
2669,2,67.8
2670,2,70.9
2671,2,72.3
2672,2,68.1
2673,2,80.1
2674,2,81.6
2675,2,71.8
2676,2,67.6
2677,2,64.9
2678,2,85.0
2679,2,66.9
2680,2,72.5
2681,2,72.5
2682,2,81.0
2683,2,73.5
2684,2,66.2
2685,2,71.1
2686,2,73.7
2687,2,59.4
2688,2,74.3
2689,2,74.3
2690,2,64.1
2691,2,65.4
2692,2,73.4
2693,2,77.5
2694,2,67.6
2695,2,72.6
2696,2,66.0
2697,2,60.6
2698,2,62.4
2699,2,72.9
2700,2,64.8
2701,2,69.3
2702,2,71.8
2703,2,61.0
2704,2,64.4
2705,2,67.2
2706,2,69.9
2707,2,67.0
2708,2,70.2
2709,2,78.8
2710,2,70.5
2711,2,68.8
2712,2,75.7
2713,2,69.9
2714,2,86.6
2715,2,61.8
2716,2,58.7
2717,2,68.7
2718,2,61.4
2719,2,79.7
2720,2,75.9
2721,2,69.2
2722,2,59.7
2723,2,69.8
2724,2,70.4
2725,2,77.3
2726,2,74.3
2727,2,76.1
2728,2,70.5
2729,2,69.5
2730,2,62.8
2731,2,64.2
2732,2,71.2
2733,2,74.7
2734,2,59.8
2735,2,74.7
2736,2,62.8
2737,2,69.5
2738,2,77.3
2739,2,64.7
2740,2,62.0
2741,2,73.5
2742,2,70.2
2743,2,72.6
2744,2,76.8
2745,2,69.0
2746,2,71.3
2747,2,73.4
2748,2,74.3
2749,2,76.7
2750,2,54.0
2751,2,82.3
2752,2,63.8
2753,2,62.3
2754,2,65.4
2755,2,72.3
2756,2,71.3
2757,2,68.3
2758,2,72.0
2759,2,77.6
2760,2,64.9
2761,2,82.8
2762,2,73.0
2763,2,69.9
2764,2,75.8
2765,2,75.8
2766,2,72.0
2767,2,63.6
2768,2,74.7
2769,2,63.6
2770,2,84.3
2771,2,70.3
2772,2,67.1
2773,2,68.0
2774,2,65.8
2775,2,67.6
2776,2,61.8
2777,2,79.6
2778,2,80.0
2779,2,65.0
2780,2,57.8
2781,2,70.4
2782,2,65.4
2783,2,76.2
2784,2,56.3
2785,2,77.2
2786,2,64.4
2787,2,74.4
2788,2,71.9
2789,2,72.0
2790,2,74.8
2791,2,66.9
2792,2,79.3
2793,2,69.5
2794,2,70.3
2795,2,75.1
2796,2,73.4
2797,2,79.2
2798,2,73.6
2799,2,77.0
2800,2,67.9
2801,2,71.0
2802,2,73.6
2803,2,72.7
2804,2,81.6
2805,2,70.1
2806,2,66.4
2807,2,76.9
2808,2,76.8
2809,2,69.3
2810,2,63.9
2811,2,66.9
2812,2,64.3
2813,2,67.3
2814,2,84.8
2815,2,65.5
2816,2,78.5
2817,2,71.1
2818,2,66.7
2819,2,65.1
2820,2,58.5
2821,2,88.2
2822,2,83.4
2823,2,73.4
2824,2,67.1
2825,2,66.5
2826,2,71.1
2827,2,71.3
2828,2,75.3
2829,2,66.6
2830,2,76.5
2831,2,74.4
2832,2,48.2
2833,2,80.4
2834,2,65.0
2835,2,71.2
2836,2,66.6
2837,2,70.5
2838,2,75.7
2839,2,72.7
2840,2,66.0
2841,2,73.5
2842,2,73.0
2843,2,77.2
2844,2,70.3
2845,2,71.3
2846,2,67.2
2847,2,74.6
2848,2,70.3
2849,2,67.5
2850,2,61.0
2851,2,47.9
2852,2,76.5
2853,2,78.9
2854,2,74.5
2855,2,77.2
2856,2,77.5
2857,2,69.7
2858,2,79.2
2859,2,76.3
2860,2,71.4
2861,2,66.3
2862,2,66.7
2863,2,73.8
2864,2,68.1
2865,2,77.7
2866,2,70.1
2867,2,73.1
2868,2,70.9
2869,2,81.1
2870,2,78.1
2871,2,74.6
2872,2,60.0
2873,2,74.3
2874,2,77.7
2875,2,66.2
2876,2,73.0
2877,2,74.0
2878,2,69.5
2879,2,78.7
2880,2,78.6
2881,2,64.3
2882,2,76.4
2883,2,81.3
2884,2,62.2
2885,2,76.9
2886,2,69.6
2887,2,63.5
2888,2,76.6
2889,2,65.8
2890,2,76.1
2891,2,73.4
2892,2,74.4
2893,2,75.5
2894,2,70.8
2895,2,84.5
2896,2,71.9
2897,2,59.3
2898,2,71.0
2899,2,66.3
2900,2,63.3
2901,2,71.1
2902,2,79.7
2903,2,73.7
2904,2,63.4
2905,2,68.3
2906,2,67.4
2907,2,59.0
2908,2,72.0
2909,2,76.0
2910,2,85.4
2911,2,70.4
2912,2,76.2
2913,2,59.6
2914,2,77.7
2915,2,67.3
2916,2,62.4
2917,2,63.8
2918,2,77.8
2919,2,75.2
2920,2,59.7
2921,2,50.1
2922,2,80.7
2923,2,74.0
2924,2,68.3
2925,2,78.6
2926,2,71.6
2927,2,62.6
2928,2,72.6
2929,2,67.9
2930,2,71.5
2931,2,68.8
2932,2,73.7
2933,2,62.4
2934,2,79.9
2935,2,76.6
2936,2,87.8
2937,2,66.9
2938,2,74.8
2939,2,85.6
2940,2,73.9
2941,2,72.7
2942,2,74.6
2943,2,65.4
2944,2,62.1
2945,2,70.1
2946,2,73.5
2947,2,67.3
2948,2,83.5
2949,2,74.4
2950,2,77.1
2951,2,61.9
2952,2,65.8
2953,2,77.4
2954,2,79.2
2955,2,63.3
2956,2,64.8
2957,2,74.4
2958,2,79.3
2959,2,74.5
2960,2,70.7
2961,2,80.3
2962,2,69.6
2963,2,62.2
2964,2,67.9
2965,2,79.1
2966,2,67.4
2967,2,71.4
2968,2,59.7
2969,2,74.4
2970,2,82.1
2971,2,70.6
2972,2,66.0
2973,2,70.3
2974,2,70.9
2975,2,60.9
2976,2,77.3
2977,2,62.4
2978,2,63.7
2979,2,70.0
2980,2,74.3
2981,2,80.2
2982,2,83.0
2983,2,65.8
2984,2,82.5
2985,2,78.9
2986,2,74.1
2987,2,74.4
2988,2,51.6
2989,2,75.5
2990,2,72.9
2991,2,61.3
2992,2,81.9
2993,2,66.6
2994,2,79.6
2995,2,72.1
2996,2,80.9
2997,2,61.8
2998,2,67.6
2999,2,64.3
3000,2,72.4
1,3,81.9
2,3,72.9
3,3,76.6
4,3,79.3
5,3,77.0
6,3,75.4
7,3,71.7
8,3,68.0
9,3,56.8
10,3,76.1
11,3,67.5
12,3,73.9
13,3,65.8
14,3,76.0
15,3,78.3
16,3,73.5
17,3,72.9
18,3,76.7
19,3,67.8
20,3,79.9
21,3,67.8
22,3,68.8
23,3,75.6
24,3,68.0
25,3,66.8
26,3,75.6
27,3,72.8
28,3,68.7
29,3,79.1
30,3,71.0
31,3,65.7
32,3,77.4
33,3,74.0
34,3,63.6
35,3,69.8
36,3,74.5
37,3,63.3
38,3,65.4
39,3,77.8
40,3,77.5
41,3,71.7
42,3,81.5
43,3,75.0
44,3,75.5
45,3,62.6
46,3,67.5
47,3,75.1
48,3,65.7
49,3,72.0
50,3,57.7
51,3,77.1
52,3,68.5
53,3,74.5
54,3,80.4
55,3,71.1
56,3,72.4
57,3,72.3
58,3,71.8
59,3,68.6
60,3,66.6
61,3,72.7
62,3,65.8
63,3,66.0
64,3,75.1
65,3,69.7
66,3,62.6
67,3,73.0
68,3,89.6
69,3,57.5
70,3,79.1
71,3,70.6
72,3,64.5
73,3,78.0
74,3,60.8
75,3,83.6
76,3,60.3
77,3,76.9
78,3,70.1
79,3,75.6
80,3,78.0
81,3,81.9
82,3,64.2
83,3,75.7
84,3,76.8
85,3,68.9
86,3,71.0
87,3,73.9
88,3,70.5
89,3,54.1
90,3,59.3
91,3,75.6
92,3,68.3
93,3,62.4
94,3,65.9
95,3,70.4
96,3,69.8
97,3,61.7
98,3,64.4
99,3,86.3
100,3,76.5
101,3,70.3
102,3,74.9
103,3,64.0
104,3,66.5
105,3,68.8
106,3,72.5
107,3,67.6
108,3,60.1
109,3,64.4
110,3,75.7
111,3,67.0
112,3,74.4
113,3,63.9
114,3,72.4
115,3,71.4
116,3,79.6
117,3,55.4
118,3,79.2
119,3,73.2
120,3,66.4
121,3,77.3
122,3,73.7
123,3,77.7
124,3,68.1
125,3,78.8
126,3,71.0
127,3,64.9
128,3,65.8
129,3,70.8
130,3,74.4
131,3,66.8
132,3,71.8
133,3,78.1
134,3,76.8
135,3,83.6
136,3,62.3
137,3,63.6
138,3,74.4
139,3,65.6
140,3,68.6
141,3,66.2
142,3,71.7
143,3,53.2
144,3,57.2
145,3,58.6
146,3,64.4
147,3,75.3
148,3,74.2
149,3,68.9
150,3,69.6
151,3,73.3
152,3,68.6
153,3,62.1
154,3,68.5
155,3,79.0
156,3,74.3
157,3,74.6
158,3,81.2
159,3,66.2
160,3,69.2
161,3,65.6
162,3,59.5
163,3,79.2
164,3,57.5
165,3,86.2
166,3,71.8
167,3,65.1
168,3,74.7
169,3,77.5
170,3,57.2
171,3,60.8
172,3,87.3
173,3,70.9
174,3,86.3
175,3,77.6
176,3,68.9
177,3,69.2
178,3,71.7
179,3,74.8
180,3,73.1
181,3,60.9
182,3,76.1
183,3,71.6
184,3,73.1
185,3,66.6
186,3,68.3
187,3,87.9
188,3,76.9
189,3,68.7
190,3,77.2
191,3,59.7
192,3,70.0
193,3,71.6
194,3,57.8
195,3,72.1
196,3,81.2
197,3,72.5
198,3,73.2
199,3,65.0
200,3,71.4
201,3,67.6
202,3,64.6
203,3,58.6
204,3,65.1
205,3,76.8
206,3,85.7
207,3,73.3
208,3,74.3
209,3,82.7
210,3,72.1
211,3,57.6
212,3,61.0
213,3,72.3
214,3,76.4
215,3,63.1
216,3,82.9
217,3,66.5
218,3,78.7
219,3,72.8
220,3,58.2
221,3,79.9
222,3,67.5
223,3,70.6
224,3,77.3
225,3,69.4
226,3,79.1
227,3,73.7
228,3,68.3
229,3,60.1
230,3,83.3
231,3,62.5
232,3,63.0
233,3,71.4
234,3,73.3
235,3,66.7
236,3,64.6
237,3,60.8
238,3,68.7
239,3,68.4
240,3,65.8
241,3,71.3
242,3,72.6
243,3,55.9
244,3,61.7
245,3,76.6
246,3,64.8
247,3,71.1
248,3,72.0
249,3,69.0
250,3,68.1
251,3,76.9
252,3,65.2
253,3,78.8
254,3,64.2
255,3,71.3
256,3,79.8
257,3,78.5
258,3,66.4
259,3,68.9
260,3,61.4
261,3,76.2
262,3,57.3
263,3,64.1
264,3,74.8
265,3,75.7
266,3,62.7
267,3,68.6
268,3,66.0
269,3,73.9
270,3,62.8
271,3,61.3
272,3,64.0
273,3,78.1
274,3,62.4
275,3,69.3
276,3,78.4
277,3,61.5
278,3,61.7
279,3,67.8
280,3,69.4
281,3,66.6
282,3,49.8
283,3,73.4
284,3,67.5
285,3,71.4
286,3,67.9
287,3,67.5
288,3,80.0
289,3,64.8
290,3,87.4
291,3,76.8
292,3,62.5
293,3,68.4
294,3,76.9
295,3,60.8
296,3,75.3
297,3,70.0
298,3,75.9
299,3,82.3
300,3,63.2
301,3,76.2
302,3,77.0
303,3,53.6
304,3,74.8
305,3,71.9
306,3,55.9
307,3,81.3
308,3,69.6
309,3,67.0
310,3,70.8
311,3,62.6
312,3,66.7
313,3,67.5
314,3,69.6
315,3,74.2
316,3,79.5
317,3,80.1
318,3,72.4
319,3,72.5
320,3,74.3
321,3,70.2
322,3,74.3
323,3,58.5
324,3,63.8
325,3,74.8
326,3,67.4
327,3,59.2
328,3,74.3
329,3,61.2
330,3,80.6
331,3,74.9
332,3,69.0
333,3,75.2
334,3,63.1
335,3,69.2
336,3,67.9
337,3,70.0
338,3,58.9
339,3,71.4
340,3,64.6
341,3,72.0
342,3,74.4
343,3,80.9
344,3,69.6
345,3,71.6
346,3,70.2
347,3,78.9
348,3,73.1
349,3,71.7
350,3,66.6
351,3,64.4
352,3,67.2
353,3,78.5
354,3,68.2
355,3,71.6
356,3,54.5
357,3,79.8
358,3,72.9
359,3,65.1
360,3,74.4
361,3,74.2
362,3,65.4
363,3,68.2
364,3,73.7
365,3,80.9
366,3,63.7
367,3,69.3
368,3,70.4
369,3,87.4
370,3,69.2
371,3,76.6
372,3,67.5
373,3,60.6
374,3,75.7
375,3,83.3
376,3,70.8
377,3,72.0
378,3,78.0
379,3,77.9
380,3,73.2
381,3,78.9
382,3,84.3
383,3,78.2
384,3,61.4
385,3,64.5
386,3,70.6
387,3,63.2
388,3,77.2
389,3,64.4
390,3,75.1
391,3,68.0
392,3,70.5
393,3,72.0
394,3,70.4
395,3,66.4
396,3,70.4
397,3,61.6
398,3,68.6
399,3,59.8
400,3,78.5
401,3,85.0
402,3,77.1
403,3,78.5
404,3,71.9
405,3,66.2
406,3,71.5
407,3,64.4
408,3,62.9
409,3,64.9
410,3,57.9
411,3,64.9
412,3,63.3
413,3,69.7
414,3,64.1
415,3,67.2
416,3,70.6
417,3,77.9
418,3,77.5
419,3,62.8
420,3,59.2
421,3,76.4
422,3,74.3
423,3,74.1
424,3,71.0
425,3,58.2
426,3,75.9
427,3,65.4
428,3,75.2
429,3,64.9
430,3,75.9
431,3,68.8
432,3,66.3
433,3,53.4
434,3,63.4
435,3,68.3
436,3,64.2
437,3,72.6
438,3,75.9
439,3,59.4
440,3,59.2
441,3,65.4
442,3,53.7
443,3,82.0
444,3,56.6
445,3,63.6
446,3,81.6
447,3,84.8
448,3,69.0
449,3,67.6
450,3,66.1
451,3,80.2
452,3,66.1
453,3,65.4
454,3,69.1
455,3,73.9
456,3,73.8
457,3,80.1
458,3,78.5
459,3,78.2
460,3,70.7
461,3,69.1
462,3,66.8
463,3,64.3
464,3,75.0
465,3,72.6
466,3,72.7
467,3,72.5
468,3,62.2
469,3,65.2
470,3,88.2
471,3,65.4
472,3,69.2
473,3,73.0
474,3,69.3
475,3,60.6
476,3,66.0
477,3,79.9
478,3,69.9
479,3,63.4
480,3,77.0
481,3,65.6
482,3,64.3
483,3,82.5
484,3,74.5
485,3,79.9
486,3,59.8
487,3,75.4
488,3,76.7
489,3,81.6
490,3,66.5
491,3,69.1
492,3,68.0
493,3,79.3
494,3,78.7
495,3,73.4
496,3,66.7
497,3,81.1
498,3,65.3
499,3,80.8
500,3,63.7
501,3,81.8
502,3,71.1
503,3,78.0
504,3,64.2
505,3,75.6
506,3,68.1
507,3,70.5
508,3,73.8
509,3,71.2
510,3,78.2
511,3,79.1
512,3,70.4
513,3,74.6
514,3,64.4
515,3,76.3
516,3,66.9
517,3,77.8
518,3,51.2
519,3,69.4
520,3,66.1
521,3,65.3
522,3,76.0
523,3,56.5
524,3,71.9
525,3,69.0
526,3,60.3
527,3,79.3
528,3,78.2
529,3,79.8
530,3,67.5
531,3,68.4
532,3,84.6
533,3,79.0
534,3,65.8
535,3,77.5
536,3,71.5
537,3,67.8
538,3,66.7
539,3,76.8
540,3,71.1
541,3,60.3
542,3,71.8
543,3,72.0
544,3,85.6
545,3,75.3
546,3,69.2
547,3,75.1
548,3,76.7
549,3,70.5
550,3,70.9
551,3,64.7
552,3,68.7
553,3,64.9
554,3,75.3
555,3,69.5
556,3,66.1
557,3,79.0
558,3,69.3
559,3,63.5
560,3,71.8
561,3,83.2
562,3,69.6
563,3,70.5
564,3,56.6
565,3,64.9
566,3,62.1
567,3,71.2
568,3,65.2
569,3,80.5
570,3,75.6
571,3,75.7
572,3,69.1
573,3,82.5
574,3,67.0
575,3,70.4
576,3,67.2
577,3,58.1
578,3,81.4
579,3,70.7
580,3,61.3
581,3,68.4
582,3,78.9
583,3,81.1
584,3,77.8
585,3,67.6
586,3,71.5
587,3,70.0
588,3,62.3
589,3,78.2
590,3,70.7
591,3,68.9
592,3,74.3
593,3,74.6
594,3,78.0
595,3,76.8
596,3,60.7
597,3,74.6
598,3,64.5
599,3,61.3
600,3,74.5
601,3,78.1
602,3,51.2
603,3,77.0
604,3,68.2
605,3,63.8
606,3,69.5
607,3,61.5
608,3,63.0
609,3,78.1
610,3,77.9
611,3,65.5
612,3,80.8
613,3,71.1
614,3,73.3
615,3,76.5
616,3,72.5
617,3,78.3
618,3,58.2
619,3,49.8
620,3,76.3
621,3,74.4
622,3,58.2
623,3,81.1
624,3,60.4
625,3,63.2
626,3,67.7
627,3,66.5
628,3,55.0
629,3,69.2
630,3,79.1
631,3,77.2
632,3,62.1
633,3,68.9
634,3,81.0
635,3,70.1
636,3,67.9
637,3,63.3
638,3,72.3
639,3,72.8
640,3,71.6
641,3,76.6
642,3,68.9
643,3,71.8
644,3,67.8
645,3,71.3
646,3,65.1
647,3,76.4
648,3,74.9
649,3,72.5
650,3,62.6
651,3,64.6
652,3,83.5
653,3,68.7
654,3,59.5
655,3,65.2
656,3,76.1
657,3,73.7
658,3,68.3
659,3,77.6
660,3,82.9
661,3,68.3
662,3,70.0
663,3,68.6
664,3,80.9
665,3,75.8
666,3,76.9
667,3,57.8
668,3,66.8
669,3,73.3
670,3,66.4
671,3,66.0
672,3,66.1
673,3,70.9
674,3,62.0
675,3,73.9
676,3,67.0
677,3,72.3
678,3,76.8
679,3,73.8
680,3,61.0
681,3,75.9
682,3,72.4
683,3,70.7
684,3,72.7
685,3,85.3
686,3,76.3
687,3,68.1
688,3,71.4
689,3,82.5
690,3,81.2
691,3,75.6
692,3,62.5
693,3,76.0
694,3,78.8
695,3,77.2
696,3,76.5
697,3,73.1
698,3,70.4
699,3,78.0
700,3,65.3
701,3,66.1
702,3,70.7
703,3,65.4
704,3,71.4
705,3,79.7
706,3,83.0
707,3,67.5
708,3,72.0
709,3,79.8
710,3,69.1
711,3,62.7
712,3,64.6
713,3,82.4
714,3,70.8
715,3,65.1
716,3,59.6
717,3,66.6
718,3,71.1
719,3,66.4
720,3,75.0
721,3,58.9
722,3,66.6
723,3,68.8
724,3,78.9
725,3,48.0
726,3,84.2
727,3,68.0
728,3,85.3
729,3,60.9
730,3,74.9
731,3,85.2
732,3,70.3
733,3,77.8
734,3,69.1
735,3,72.9
736,3,69.8
737,3,81.0
738,3,67.2
739,3,79.0
740,3,69.5
741,3,57.4
742,3,63.2
743,3,81.0
744,3,57.7
745,3,75.7
746,3,66.7
747,3,79.3
748,3,64.5
749,3,63.1
750,3,75.6
751,3,72.3
752,3,70.6
753,3,91.9
754,3,76.4
755,3,69.1
756,3,74.9
757,3,75.0
758,3,73.7
759,3,68.5
760,3,68.5
761,3,62.0
762,3,77.7
763,3,72.1
764,3,56.5
765,3,77.4
766,3,70.4
767,3,76.4
768,3,70.0
769,3,72.6
770,3,76.6
771,3,68.1
772,3,67.8
773,3,77.0
774,3,87.7
775,3,74.4
776,3,71.5
777,3,72.2
778,3,64.4
779,3,58.9
780,3,65.5
781,3,73.2
782,3,75.1
783,3,70.6
784,3,75.7
785,3,63.9
786,3,68.7
787,3,66.3
788,3,71.7
789,3,58.9
790,3,59.0
791,3,77.5
792,3,68.6
793,3,76.9
794,3,70.9
795,3,72.9
796,3,72.7
797,3,66.5
798,3,69.2
799,3,80.2
800,3,60.2
801,3,79.7
802,3,74.6
803,3,87.0
804,3,76.9
805,3,66.9
806,3,71.5
807,3,75.0
808,3,60.1
809,3,76.3
810,3,62.2
811,3,82.7
812,3,66.7
813,3,74.3
814,3,73.8
815,3,62.8
816,3,84.1
817,3,77.5
818,3,66.1
819,3,77.6
820,3,59.4
821,3,84.1
822,3,69.8
823,3,71.5
824,3,58.3
825,3,69.4
826,3,68.0
827,3,72.0
828,3,61.0
829,3,74.5
830,3,86.4
831,3,79.8
832,3,76.1
833,3,75.5
834,3,58.4
835,3,81.0
836,3,77.4
837,3,64.0
838,3,79.9
839,3,79.1
840,3,63.8
841,3,74.2
842,3,71.8
843,3,61.5
844,3,69.1
845,3,68.3
846,3,86.8
847,3,71.2
848,3,57.5
849,3,71.9
850,3,56.2
851,3,61.3
852,3,72.3
853,3,69.1
854,3,66.1
855,3,74.2
856,3,60.9
857,3,65.2
858,3,67.6
859,3,71.4
860,3,59.8
861,3,62.8
862,3,72.0
863,3,64.3
864,3,73.3
865,3,62.7
866,3,72.2
867,3,73.3
868,3,73.4
869,3,71.9
870,3,77.6
871,3,72.4
872,3,62.7
873,3,69.0
874,3,70.0
875,3,58.8
876,3,56.3
877,3,61.6
878,3,75.5
879,3,58.6
880,3,74.3
881,3,72.0
882,3,70.0
883,3,82.0
884,3,84.0
885,3,69.9
886,3,66.4
887,3,75.9
888,3,79.6
889,3,70.3
890,3,79.1
891,3,67.9
892,3,65.2
893,3,69.1
894,3,72.3
895,3,64.2
896,3,80.3
897,3,68.7
898,3,75.5
899,3,69.4
900,3,83.8
901,3,74.8
902,3,77.9
903,3,74.1
904,3,68.7
905,3,69.5
906,3,66.9
907,3,74.9
908,3,75.7
909,3,75.3
910,3,70.9
911,3,81.3
912,3,82.0
913,3,69.6
914,3,65.2
915,3,73.1
916,3,66.0
917,3,61.6
918,3,62.5
919,3,79.8
920,3,72.1
921,3,60.3
922,3,71.3
923,3,71.6
924,3,62.0
925,3,75.6
926,3,71.0
927,3,77.7
928,3,60.9
929,3,61.2
930,3,68.2
931,3,62.2
932,3,71.8
933,3,65.4
934,3,81.4
935,3,71.6
936,3,66.7
937,3,69.3
938,3,73.4
939,3,81.1
940,3,73.4
941,3,76.1
942,3,82.5
943,3,63.3
944,3,65.1
945,3,87.0
946,3,75.6
947,3,62.7
948,3,65.4
949,3,61.4
950,3,81.1
951,3,71.2
952,3,65.7
953,3,65.9
954,3,62.7
955,3,68.3
956,3,69.7
957,3,79.9
958,3,73.6
959,3,84.5
960,3,59.4
961,3,78.1
962,3,74.3
963,3,55.6
964,3,67.6
965,3,73.5
966,3,71.6
967,3,85.4
968,3,54.9
969,3,63.8
970,3,74.8
971,3,75.5
972,3,82.7
973,3,66.4
974,3,63.1
975,3,67.3
976,3,71.2
977,3,71.0
978,3,67.2
979,3,74.5
980,3,83.6
981,3,69.1
982,3,76.2
983,3,79.3
984,3,70.0
985,3,71.8
986,3,84.3
987,3,73.9
988,3,71.4
989,3,64.2
990,3,78.4
991,3,73.6
992,3,76.9
993,3,63.0
994,3,71.7
995,3,60.4
996,3,77.1
997,3,73.1
998,3,73.9
999,3,67.0
1000,3,67.6
1001,3,94.3
1002,3,74.7
1003,3,72.8
1004,3,66.0
1005,3,82.8
1006,3,86.6
1007,3,78.9
1008,3,75.0
1009,3,69.4
1010,3,66.4
1011,3,76.0
1012,3,67.3
1013,3,52.1
1014,3,66.4
1015,3,73.5
1016,3,82.2
1017,3,67.1
1018,3,79.7
1019,3,54.1
1020,3,66.2
1021,3,65.9
1022,3,62.8
1023,3,69.1
1024,3,73.5
1025,3,71.9
1026,3,67.3
1027,3,71.5
1028,3,63.2
1029,3,60.6
1030,3,74.1
1031,3,52.4
1032,3,74.1
1033,3,74.8
1034,3,71.3
1035,3,84.9
1036,3,72.9
1037,3,80.0
1038,3,65.8
1039,3,63.1
1040,3,74.0
1041,3,69.5
1042,3,76.6
1043,3,68.2
1044,3,62.8
1045,3,77.6
1046,3,76.0
1047,3,75.3
1048,3,65.8
1049,3,58.7
1050,3,68.7
1051,3,56.0
1052,3,65.4
1053,3,80.5
1054,3,58.7
1055,3,65.7
1056,3,74.8
1057,3,67.3
1058,3,77.9
1059,3,70.1
1060,3,67.1
1061,3,74.9
1062,3,77.7
1063,3,69.8
1064,3,67.7
1065,3,66.4
1066,3,81.1
1067,3,74.4
1068,3,65.1
1069,3,61.1
1070,3,66.4
1071,3,70.8
1072,3,70.6
1073,3,73.4
1074,3,76.3
1075,3,60.3
1076,3,62.7
1077,3,64.3
1078,3,79.9
1079,3,77.4
1080,3,73.8
1081,3,72.4
1082,3,76.0
1083,3,75.5
1084,3,69.3
1085,3,58.8
1086,3,71.1
1087,3,74.6
1088,3,74.3
1089,3,68.6
1090,3,73.6
1091,3,71.7
1092,3,72.9
1093,3,80.1
1094,3,71.8
1095,3,69.7
1096,3,69.0
1097,3,83.3
1098,3,67.1
1099,3,73.0
1100,3,65.2
1101,3,66.0
1102,3,66.7
1103,3,58.4
1104,3,78.2
1105,3,73.8
1106,3,61.4
1107,3,65.9
1108,3,70.9
1109,3,85.0
1110,3,77.4
1111,3,65.3
1112,3,86.7
1113,3,79.5
1114,3,71.6
1115,3,72.7
1116,3,67.0
1117,3,79.9
1118,3,69.2
1119,3,64.3
1120,3,70.1
1121,3,63.6
1122,3,62.5
1123,3,73.1
1124,3,57.6
1125,3,76.6
1126,3,71.4
1127,3,73.9
1128,3,79.4
1129,3,75.7
1130,3,69.7
1131,3,58.8
1132,3,59.1
1133,3,72.1
1134,3,67.9
1135,3,65.5
1136,3,83.4
1137,3,65.6
1138,3,84.9
1139,3,81.1
1140,3,71.5
1141,3,64.6
1142,3,71.7
1143,3,65.7
1144,3,72.6
1145,3,67.0
1146,3,72.5
1147,3,74.2
1148,3,76.0
1149,3,87.5
1150,3,70.8
1151,3,74.9
1152,3,75.9
1153,3,72.9
1154,3,75.6
1155,3,76.1
1156,3,65.0
1157,3,75.5
1158,3,62.6
1159,3,83.7
1160,3,63.2
1161,3,95.2
1162,3,67.9
1163,3,72.1
1164,3,55.0
1165,3,68.1
1166,3,58.3
1167,3,87.8
1168,3,74.6
1169,3,69.8
1170,3,67.4
1171,3,66.7
1172,3,80.9
1173,3,72.0
1174,3,74.0
1175,3,72.3
1176,3,68.9
1177,3,71.6
1178,3,76.3
1179,3,73.0
1180,3,74.1
1181,3,68.5
1182,3,79.3
1183,3,75.6
1184,3,73.8
1185,3,76.4
1186,3,75.7
1187,3,77.5
1188,3,82.6
1189,3,65.3
1190,3,59.5
1191,3,73.9
1192,3,71.2
1193,3,70.7
1194,3,82.9
1195,3,61.2
1196,3,65.7
1197,3,70.9
1198,3,72.9
1199,3,64.8
1200,3,61.8
1201,3,76.1
1202,3,64.0
1203,3,69.6
1204,3,58.2
1205,3,65.9
1206,3,74.4
1207,3,81.9
1208,3,55.2
1209,3,80.0
1210,3,76.9
1211,3,59.9
1212,3,61.9
1213,3,65.9
1214,3,77.6
1215,3,77.8
1216,3,70.0
1217,3,63.7
1218,3,65.1
1219,3,59.7
1220,3,56.3
1221,3,69.4
1222,3,79.7
1223,3,68.8
1224,3,70.2
1225,3,70.7
1226,3,68.7
1227,3,80.4
1228,3,75.2
1229,3,65.7
1230,3,75.1
1231,3,81.9
1232,3,71.5
1233,3,61.5
1234,3,61.7
1235,3,77.3
1236,3,60.4
1237,3,63.5
1238,3,58.4
1239,3,79.6
1240,3,58.7
1241,3,75.1
1242,3,63.6
1243,3,62.4
1244,3,73.9
1245,3,67.5
1246,3,69.9
1247,3,76.7
1248,3,72.2
1249,3,68.1
1250,3,75.0
1251,3,66.7
1252,3,86.6
1253,3,51.1
1254,3,71.8
1255,3,76.0
1256,3,62.8
1257,3,54.7
1258,3,52.4
1259,3,62.3
1260,3,76.8
1261,3,59.5
1262,3,65.8
1263,3,65.7
1264,3,62.0
1265,3,74.0
1266,3,76.3
1267,3,74.1
1268,3,86.4
1269,3,70.1
1270,3,55.6
1271,3,79.3
1272,3,91.3
1273,3,63.7
1274,3,71.3
1275,3,65.4
1276,3,70.1
1277,3,76.8
1278,3,66.8
1279,3,79.0
1280,3,60.7
1281,3,77.5
1282,3,78.2
1283,3,75.2
1284,3,66.8
1285,3,56.7
1286,3,68.5
1287,3,80.2
1288,3,68.9
1289,3,62.9
1290,3,83.9
1291,3,68.4
1292,3,77.8
1293,3,67.4
1294,3,75.2
1295,3,72.3
1296,3,65.0
1297,3,70.4
1298,3,73.2
1299,3,77.8
1300,3,78.8
1301,3,69.6
1302,3,70.7
1303,3,65.6
1304,3,62.7
1305,3,71.5
1306,3,64.9
1307,3,72.4
1308,3,81.5
1309,3,58.9
1310,3,75.8
1311,3,64.1
1312,3,67.6
1313,3,67.1
1314,3,63.1
1315,3,78.7
1316,3,68.1
1317,3,77.7
1318,3,68.1
1319,3,74.2
1320,3,69.3
1321,3,79.1
1322,3,70.1
1323,3,69.1
1324,3,63.8
1325,3,63.9
1326,3,75.8
1327,3,68.7
1328,3,69.2
1329,3,76.4
1330,3,69.8
1331,3,75.6
1332,3,62.8
1333,3,62.6
1334,3,73.8
1335,3,79.5
1336,3,58.7
1337,3,80.0
1338,3,73.3
1339,3,81.7
1340,3,78.8
1341,3,82.9
1342,3,72.6
1343,3,73.3
1344,3,68.7
1345,3,72.6
1346,3,69.8
1347,3,72.6
1348,3,95.0
1349,3,66.4
1350,3,78.7
1351,3,62.6
1352,3,64.3
1353,3,63.0
1354,3,81.3
1355,3,72.8
1356,3,74.1
1357,3,69.4
1358,3,77.9
1359,3,69.7
1360,3,70.7
1361,3,80.0
1362,3,71.4
1363,3,86.7
1364,3,79.1
1365,3,73.5
1366,3,75.9
1367,3,61.7
1368,3,62.8
1369,3,80.6
1370,3,62.0
1371,3,77.4
1372,3,65.2
1373,3,58.3
1374,3,77.1
1375,3,68.9
1376,3,76.0
1377,3,82.5
1378,3,72.8
1379,3,65.1
1380,3,75.9
1381,3,56.2
1382,3,84.8
1383,3,77.2
1384,3,50.8
1385,3,59.8
1386,3,69.6
1387,3,68.5
1388,3,65.4
1389,3,68.4
1390,3,60.3
1391,3,57.7
1392,3,65.9
1393,3,71.6
1394,3,69.1
1395,3,73.4
1396,3,68.4
1397,3,74.4
1398,3,66.1
1399,3,67.9
1400,3,77.4
1401,3,82.9
1402,3,77.8
1403,3,74.1
1404,3,70.2
1405,3,82.9
1406,3,72.8
1407,3,80.2
1408,3,59.7
1409,3,67.5
1410,3,68.9
1411,3,53.8
1412,3,71.2
1413,3,72.5
1414,3,76.0
1415,3,88.4
1416,3,68.4
1417,3,81.0
1418,3,67.3
1419,3,72.0
1420,3,64.0
1421,3,64.8
1422,3,73.6
1423,3,79.1
1424,3,78.8
1425,3,65.6
1426,3,64.7
1427,3,61.4
1428,3,76.6
1429,3,78.4
1430,3,81.2
1431,3,56.1
1432,3,85.0
1433,3,69.9
1434,3,66.7
1435,3,68.5
1436,3,63.5
1437,3,79.4
1438,3,76.6
1439,3,79.5
1440,3,71.1
1441,3,71.5
1442,3,58.0
1443,3,75.9
1444,3,66.5
1445,3,62.9
1446,3,75.2
1447,3,73.0
1448,3,71.6
1449,3,86.6
1450,3,71.5
1451,3,63.2
1452,3,62.5
1453,3,83.8
1454,3,73.9
1455,3,82.1
1456,3,71.0
1457,3,65.8
1458,3,67.9
1459,3,79.5
1460,3,80.4
1461,3,88.0
1462,3,72.3
1463,3,85.0
1464,3,79.2
1465,3,70.7
1466,3,73.9
1467,3,74.6
1468,3,79.6
1469,3,58.1
1470,3,73.1
1471,3,85.8
1472,3,78.8
1473,3,71.6
1474,3,72.1
1475,3,72.8
1476,3,82.9
1477,3,69.4
1478,3,71.7
1479,3,68.4
1480,3,72.3
1481,3,70.4
1482,3,67.8
1483,3,81.0
1484,3,77.5
1485,3,81.8
1486,3,65.0
1487,3,64.4
1488,3,67.5
1489,3,70.5
1490,3,66.1
1491,3,71.9
1492,3,71.3
1493,3,61.9
1494,3,60.4
1495,3,74.4
1496,3,68.2
1497,3,63.3
1498,3,74.7
1499,3,77.0
1500,3,70.2
1501,3,65.9
1502,3,73.3
1503,3,64.8
1504,3,71.1
1505,3,72.3
1506,3,75.1
1507,3,66.6
1508,3,56.2
1509,3,72.4
1510,3,61.3
1511,3,78.5
1512,3,58.8
1513,3,47.5
1514,3,79.0
1515,3,70.4
1516,3,61.8
1517,3,75.2
1518,3,80.6
1519,3,65.8
1520,3,85.1
1521,3,80.8
1522,3,77.7
1523,3,71.1
1524,3,80.2
1525,3,76.0
1526,3,61.7
1527,3,80.4
1528,3,68.0
1529,3,72.3
1530,3,70.8
1531,3,66.2
1532,3,76.4
1533,3,64.1
1534,3,77.3
1535,3,62.2
1536,3,71.4
1537,3,73.2
1538,3,81.7
1539,3,58.3
1540,3,78.3
1541,3,67.0
1542,3,77.5
1543,3,70.4
1544,3,64.8
1545,3,74.7
1546,3,63.9
1547,3,57.8
1548,3,72.1
1549,3,69.6
1550,3,59.0
1551,3,72.8
1552,3,72.2
1553,3,61.1
1554,3,66.8
1555,3,80.0
1556,3,80.3
1557,3,76.7
1558,3,73.5
1559,3,73.9
1560,3,68.5
1561,3,76.3
1562,3,86.3
1563,3,72.6
1564,3,66.0
1565,3,79.6
1566,3,74.0
1567,3,75.2
1568,3,81.0
1569,3,55.6
1570,3,60.5
1571,3,73.6
1572,3,65.3
1573,3,66.5
1574,3,83.7
1575,3,70.1
1576,3,84.2
1577,3,77.8
1578,3,72.5
1579,3,69.9
1580,3,65.1
1581,3,71.6
1582,3,88.9
1583,3,65.0
1584,3,78.4
1585,3,78.1
1586,3,63.5
1587,3,76.7
1588,3,83.8
1589,3,62.0
1590,3,63.4
1591,3,76.2
1592,3,67.1
1593,3,70.9
1594,3,82.0
1595,3,66.4
1596,3,83.1
1597,3,76.8
1598,3,73.5
1599,3,71.1
1600,3,82.9
1601,3,72.7
1602,3,56.9
1603,3,71.1
1604,3,62.0
1605,3,78.5
1606,3,71.8
1607,3,56.4
1608,3,68.2
1609,3,82.1
1610,3,79.6
1611,3,67.1
1612,3,79.6
1613,3,72.3
1614,3,67.6
1615,3,67.4
1616,3,70.7
1617,3,70.6
1618,3,81.1
1619,3,67.9
1620,3,74.3
1621,3,79.3
1622,3,69.1
1623,3,70.4
1624,3,52.2
1625,3,58.2
1626,3,62.4
1627,3,86.5
1628,3,73.9
1629,3,68.6
1630,3,67.3
1631,3,66.7
1632,3,58.0
1633,3,60.6
1634,3,75.4
1635,3,65.4
1636,3,71.0
1637,3,76.0
1638,3,83.2
1639,3,72.0
1640,3,74.0
1641,3,71.2
1642,3,60.2
1643,3,73.3
1644,3,71.3
1645,3,77.6
1646,3,63.3
1647,3,72.5
1648,3,76.7
1649,3,75.8
1650,3,73.4
1651,3,76.4
1652,3,68.1
1653,3,77.9
1654,3,68.6
1655,3,88.0
1656,3,62.2
1657,3,63.0
1658,3,68.5
1659,3,75.6
1660,3,67.8
1661,3,57.4
1662,3,56.6
1663,3,74.3
1664,3,70.4
1665,3,81.7
1666,3,66.0
1667,3,61.1
1668,3,61.7
1669,3,64.8
1670,3,79.0
1671,3,65.4
1672,3,69.3
1673,3,77.0
1674,3,67.0
1675,3,53.5
1676,3,69.3
1677,3,67.5
1678,3,75.1
1679,3,65.9
1680,3,62.4
1681,3,79.4
1682,3,86.2
1683,3,62.1
1684,3,61.3
1685,3,63.8
1686,3,71.7
1687,3,64.0
1688,3,65.2
1689,3,89.5
1690,3,76.6
1691,3,65.7
1692,3,52.0
1693,3,59.6
1694,3,64.2
1695,3,75.4
1696,3,68.8
1697,3,67.7
1698,3,69.8
1699,3,72.4
1700,3,62.6
1701,3,73.1
1702,3,70.6
1703,3,75.3
1704,3,71.2
1705,3,70.6
1706,3,62.4
1707,3,72.5
1708,3,82.5
1709,3,65.6
1710,3,72.2
1711,3,71.8
1712,3,60.9
1713,3,65.3
1714,3,69.2
1715,3,63.0
1716,3,69.7
1717,3,67.0
1718,3,68.1
1719,3,71.0
1720,3,69.4
1721,3,78.9
1722,3,67.2
1723,3,61.7
1724,3,70.8
1725,3,70.7
1726,3,69.1
1727,3,76.8
1728,3,76.6
1729,3,78.6
1730,3,69.6
1731,3,79.6
1732,3,70.6
1733,3,72.1
1734,3,62.5
1735,3,75.7
1736,3,60.6
1737,3,64.6
1738,3,70.4
1739,3,60.7
1740,3,88.8
1741,3,83.3
1742,3,68.4
1743,3,86.5
1744,3,71.2
1745,3,66.5
1746,3,72.7
1747,3,81.0
1748,3,62.6
1749,3,60.5
1750,3,58.2
1751,3,55.6
1752,3,70.9
1753,3,62.2
1754,3,68.0
1755,3,83.3
1756,3,77.8
1757,3,77.9
1758,3,78.8
1759,3,66.8
1760,3,69.3
1761,3,66.7
1762,3,85.1
1763,3,73.0
1764,3,71.0
1765,3,67.3
1766,3,61.9
1767,3,70.2
1768,3,67.3
1769,3,78.9
1770,3,81.5
1771,3,78.2
1772,3,71.1
1773,3,72.0
1774,3,77.4
1775,3,62.8
1776,3,80.5
1777,3,72.6
1778,3,51.8
1779,3,62.0
1780,3,64.9
1781,3,70.7
1782,3,68.0
1783,3,76.9
1784,3,76.7
1785,3,74.9
1786,3,66.9
1787,3,66.0
1788,3,53.7
1789,3,68.2
1790,3,73.7
1791,3,57.3
1792,3,72.7
1793,3,69.9
1794,3,83.0
1795,3,71.6
1796,3,82.2
1797,3,67.2
1798,3,81.4
1799,3,73.0
1800,3,57.1
1801,3,69.2
1802,3,69.8
1803,3,79.8
1804,3,73.5
1805,3,63.2
1806,3,76.7
1807,3,75.3
1808,3,74.9
1809,3,70.6
1810,3,83.2
1811,3,56.2
1812,3,60.9
1813,3,69.9
1814,3,74.1
1815,3,70.6
1816,3,63.7
1817,3,77.6
1818,3,66.6
1819,3,66.6
1820,3,64.5
1821,3,78.1
1822,3,64.1
1823,3,67.9
1824,3,69.9
1825,3,72.5
1826,3,78.5
1827,3,76.1
1828,3,82.1
1829,3,74.4
1830,3,77.7
1831,3,73.1
1832,3,69.4
1833,3,75.6
1834,3,72.9
1835,3,80.1
1836,3,66.7
1837,3,55.9
1838,3,72.9
1839,3,79.1
1840,3,71.7
1841,3,73.9
1842,3,74.8
1843,3,76.4
1844,3,77.4
1845,3,77.1
1846,3,71.8
1847,3,69.0
1848,3,73.2
1849,3,72.4
1850,3,62.4
1851,3,66.5
1852,3,74.2
1853,3,68.2
1854,3,69.2
1855,3,75.9
1856,3,71.1
1857,3,66.7
1858,3,69.2
1859,3,71.9
1860,3,68.8
1861,3,75.9
1862,3,61.8
1863,3,72.6
1864,3,65.8
1865,3,79.4
1866,3,75.2
1867,3,74.4
1868,3,66.2
1869,3,69.4
1870,3,77.9
1871,3,69.4
1872,3,82.3
1873,3,74.2
1874,3,65.9
1875,3,66.1
1876,3,79.9
1877,3,72.9
1878,3,53.4
1879,3,62.4
1880,3,74.7
1881,3,72.5
1882,3,73.1
1883,3,59.1
1884,3,69.5
1885,3,78.3
1886,3,71.0
1887,3,82.6
1888,3,70.9
1889,3,60.1
1890,3,78.3
1891,3,81.1
1892,3,71.2
1893,3,70.1
1894,3,70.5
1895,3,73.3
1896,3,58.4
1897,3,68.7
1898,3,75.1
1899,3,73.6
1900,3,73.6
1901,3,81.2
1902,3,71.0
1903,3,71.3
1904,3,73.1
1905,3,67.4
1906,3,72.7
1907,3,60.1
1908,3,90.2
1909,3,63.1
1910,3,82.9
1911,3,59.2
1912,3,69.2
1913,3,79.2
1914,3,71.0
1915,3,56.6
1916,3,60.5
1917,3,74.9
1918,3,75.8
1919,3,78.9
1920,3,71.1
1921,3,76.9
1922,3,67.1
1923,3,74.2
1924,3,62.0
1925,3,74.7
1926,3,67.4
1927,3,69.7
1928,3,70.5
1929,3,68.9
1930,3,63.2
1931,3,84.5
1932,3,61.2
1933,3,62.9
1934,3,67.4
1935,3,76.1
1936,3,71.2
1937,3,61.9
1938,3,70.9
1939,3,66.6
1940,3,60.8
1941,3,72.5
1942,3,54.3
1943,3,61.8
1944,3,77.4
1945,3,65.7
1946,3,65.8
1947,3,59.2
1948,3,61.8
1949,3,76.7
1950,3,75.3
1951,3,70.6
1952,3,62.3
1953,3,79.3
1954,3,69.0
1955,3,84.9
1956,3,75.4
1957,3,81.6
1958,3,75.6
1959,3,81.7
1960,3,54.5
1961,3,76.7
1962,3,69.1
1963,3,79.5
1964,3,61.0
1965,3,56.8
1966,3,78.8
1967,3,68.6
1968,3,73.3
1969,3,64.5
1970,3,65.9
1971,3,74.8
1972,3,69.6
1973,3,74.9
1974,3,76.0
1975,3,58.6
1976,3,58.5
1977,3,61.1
1978,3,81.2
1979,3,69.5
1980,3,62.2
1981,3,78.0
1982,3,76.1
1983,3,76.5
1984,3,66.1
1985,3,73.0
1986,3,54.3
1987,3,76.8
1988,3,75.7
1989,3,68.7
1990,3,79.5
1991,3,64.7
1992,3,61.0
1993,3,56.0
1994,3,74.7
1995,3,67.7
1996,3,63.3
1997,3,69.6
1998,3,73.1
1999,3,73.4
2000,3,65.5
2001,3,69.8
2002,3,70.5
2003,3,79.8
2004,3,73.2
2005,3,72.9
2006,3,69.8
2007,3,75.0
2008,3,78.4
2009,3,77.3
2010,3,70.0
2011,3,68.7
2012,3,61.7
2013,3,68.9
2014,3,77.0
2015,3,79.1
2016,3,71.5
2017,3,80.1
2018,3,71.4
2019,3,67.8
2020,3,83.0
2021,3,80.3
2022,3,72.5
2023,3,75.3
2024,3,71.8
2025,3,73.2
2026,3,79.2
2027,3,70.8
2028,3,77.7
2029,3,64.7
2030,3,70.2
2031,3,69.2
2032,3,76.3
2033,3,77.4
2034,3,59.5
2035,3,70.9
2036,3,68.6
2037,3,72.0
2038,3,71.4
2039,3,70.5
2040,3,69.9
2041,3,80.8
2042,3,66.8
2043,3,75.1
2044,3,61.2
2045,3,64.1
2046,3,79.5
2047,3,67.7
2048,3,63.0
2049,3,69.5
2050,3,74.2
2051,3,79.1
2052,3,74.3
2053,3,82.8
2054,3,63.2
2055,3,69.5
2056,3,64.7
2057,3,79.0
2058,3,69.2
2059,3,70.1
2060,3,70.1
2061,3,64.0
2062,3,71.7
2063,3,73.4
2064,3,67.2
2065,3,78.6
2066,3,79.6
2067,3,84.0
2068,3,76.6
2069,3,59.0
2070,3,74.3
2071,3,70.8
2072,3,70.0
2073,3,71.3
2074,3,76.1
2075,3,74.9
2076,3,81.4
2077,3,63.6
2078,3,64.3
2079,3,66.2
2080,3,78.9
2081,3,63.5
2082,3,63.0
2083,3,76.4
2084,3,66.6
2085,3,75.4
2086,3,73.5
2087,3,80.4
2088,3,71.5
2089,3,77.9
2090,3,70.8
2091,3,73.2
2092,3,65.7
2093,3,67.0
2094,3,68.3
2095,3,77.6
2096,3,63.5
2097,3,72.2
2098,3,85.8
2099,3,87.2
2100,3,63.8
2101,3,72.5
2102,3,70.6
2103,3,81.1
2104,3,68.5
2105,3,72.9
2106,3,79.3
2107,3,73.3
2108,3,65.8
2109,3,79.3
2110,3,68.1
2111,3,77.0
2112,3,77.6
2113,3,76.5
2114,3,81.1
2115,3,65.9
2116,3,63.4
2117,3,62.5
2118,3,71.8
2119,3,68.2
2120,3,69.4
2121,3,82.1
2122,3,69.7
2123,3,71.7
2124,3,78.5
2125,3,75.9
2126,3,74.8
2127,3,64.0
2128,3,76.0
2129,3,68.1
2130,3,82.4
2131,3,78.9
2132,3,78.6
2133,3,56.0
2134,3,69.5
2135,3,76.4
2136,3,69.3
2137,3,73.4
2138,3,67.7
2139,3,76.4
2140,3,73.3
2141,3,77.8
2142,3,71.4
2143,3,62.3
2144,3,70.8
2145,3,75.8
2146,3,66.4
2147,3,72.2
2148,3,70.0
2149,3,68.3
2150,3,61.9
2151,3,75.9
2152,3,78.5
2153,3,67.5
2154,3,78.3
2155,3,77.4
2156,3,71.4
2157,3,62.5
2158,3,73.3
2159,3,59.7
2160,3,77.4
2161,3,66.3
2162,3,68.0
2163,3,66.9
2164,3,79.5
2165,3,79.8
2166,3,65.6
2167,3,62.5
2168,3,69.4
2169,3,75.1
2170,3,74.1
2171,3,57.6
2172,3,76.3
2173,3,70.6
2174,3,73.8
2175,3,76.4
2176,3,80.1
2177,3,80.2
2178,3,63.2
2179,3,63.6
2180,3,73.6
2181,3,68.9
2182,3,81.0
2183,3,59.8
2184,3,75.4
2185,3,53.9
2186,3,77.1
2187,3,67.7
2188,3,71.7
2189,3,77.9
2190,3,75.1
2191,3,68.6
2192,3,88.8
2193,3,65.8
2194,3,57.9
2195,3,75.9
2196,3,70.2
2197,3,63.2
2198,3,65.1
2199,3,76.1
2200,3,64.1
2201,3,77.9
2202,3,68.2
2203,3,67.0
2204,3,63.3
2205,3,71.1
2206,3,80.8
2207,3,52.9
2208,3,76.1
2209,3,51.9
2210,3,69.9
2211,3,62.3
2212,3,73.8
2213,3,85.7
2214,3,73.3
2215,3,69.8
2216,3,77.3
2217,3,70.7
2218,3,85.2
2219,3,64.9
2220,3,73.2
2221,3,67.5
2222,3,70.8
2223,3,79.0
2224,3,53.9
2225,3,72.5
2226,3,59.9
2227,3,62.8
2228,3,76.8
2229,3,76.4
2230,3,76.1
2231,3,73.8
2232,3,69.8
2233,3,71.0
2234,3,72.2
2235,3,61.8
2236,3,63.8
2237,3,70.2
2238,3,66.8
2239,3,69.2
2240,3,60.0
2241,3,79.7
2242,3,66.6
2243,3,69.3
2244,3,55.7
2245,3,71.6
2246,3,64.4
2247,3,63.7
2248,3,68.6
2249,3,72.4
2250,3,66.8
2251,3,66.1
2252,3,71.9
2253,3,78.8
2254,3,63.5
2255,3,64.8
2256,3,66.0
2257,3,66.2
2258,3,60.4
2259,3,64.9
2260,3,64.5
2261,3,77.8
2262,3,67.3
2263,3,68.5
2264,3,72.8
2265,3,68.5
2266,3,76.8
2267,3,66.1
2268,3,74.2
2269,3,69.5
2270,3,72.2
2271,3,75.0
2272,3,83.3
2273,3,77.9
2274,3,74.0
2275,3,76.6
2276,3,70.9
2277,3,74.0
2278,3,89.8
2279,3,85.3
2280,3,68.4
2281,3,52.1
2282,3,87.7
2283,3,59.8
2284,3,64.1
2285,3,81.7
2286,3,73.0
2287,3,72.4
2288,3,65.6
2289,3,82.7
2290,3,83.3
2291,3,66.0
2292,3,71.1
2293,3,68.8
2294,3,67.4
2295,3,80.9
2296,3,71.6
2297,3,71.5
2298,3,75.1
2299,3,79.4
2300,3,70.6
2301,3,66.0
2302,3,70.3
2303,3,63.9
2304,3,73.4
2305,3,66.7
2306,3,59.7
2307,3,78.6
2308,3,75.2
2309,3,60.6
2310,3,62.9
2311,3,76.4
2312,3,74.3
2313,3,71.1
2314,3,60.0
2315,3,77.2
2316,3,64.8
2317,3,72.7
2318,3,66.7
2319,3,65.5
2320,3,72.9
2321,3,62.6
2322,3,68.9
2323,3,62.9
2324,3,54.0
2325,3,62.7
2326,3,64.0
2327,3,71.4
2328,3,65.4
2329,3,71.7
2330,3,71.4
2331,3,73.1
2332,3,75.6
2333,3,80.4
2334,3,56.4
2335,3,53.5
2336,3,64.8
2337,3,77.7
2338,3,66.4
2339,3,73.2
2340,3,77.5
2341,3,79.8
2342,3,78.6
2343,3,67.0
2344,3,72.5
2345,3,69.6
2346,3,69.6
2347,3,70.3
2348,3,77.3
2349,3,63.6
2350,3,60.6
2351,3,59.1
2352,3,71.1
2353,3,68.5
2354,3,76.5
2355,3,74.6
2356,3,72.5
2357,3,82.0
2358,3,69.9
2359,3,82.1
2360,3,74.1
2361,3,51.3
2362,3,65.9
2363,3,67.6
2364,3,70.9
2365,3,68.2
2366,3,66.8
2367,3,65.4
2368,3,69.3
2369,3,81.1
2370,3,56.9
2371,3,64.4
2372,3,78.9
2373,3,58.2
2374,3,70.1
2375,3,53.0
2376,3,62.0
2377,3,63.9
2378,3,88.5
2379,3,72.6
2380,3,79.0
2381,3,75.5
2382,3,83.3
2383,3,76.0
2384,3,88.3
2385,3,69.2
2386,3,70.4
2387,3,65.0
2388,3,68.9
2389,3,59.5
2390,3,81.6
2391,3,74.9
2392,3,61.7
2393,3,82.8
2394,3,69.5
2395,3,52.7
2396,3,75.6
2397,3,60.1
2398,3,81.0
2399,3,74.5
2400,3,57.7
2401,3,75.8
2402,3,64.3
2403,3,70.0
2404,3,75.1
2405,3,67.7
2406,3,58.6
2407,3,69.6
2408,3,65.3
2409,3,74.8
2410,3,71.6
2411,3,67.7
2412,3,63.8
2413,3,68.5
2414,3,83.8
2415,3,59.8
2416,3,81.1
2417,3,79.3
2418,3,66.0
2419,3,72.0
2420,3,76.1
2421,3,67.1
2422,3,77.4
2423,3,73.2
2424,3,82.9
2425,3,65.3
2426,3,71.0
2427,3,65.1
2428,3,65.2
2429,3,91.0
2430,3,76.5
2431,3,76.1
2432,3,75.7
2433,3,56.9
2434,3,79.0
2435,3,71.0
2436,3,80.1
2437,3,81.2
2438,3,76.3
2439,3,77.1
2440,3,78.1
2441,3,74.4
2442,3,68.0
2443,3,62.5
2444,3,81.3
2445,3,61.8
2446,3,82.9
2447,3,65.3
2448,3,81.9
2449,3,78.9
2450,3,68.8
2451,3,69.2
2452,3,76.0
2453,3,67.0
2454,3,71.9
2455,3,65.1
2456,3,70.0
2457,3,67.9
2458,3,83.8
2459,3,74.0
2460,3,59.4
2461,3,85.6
2462,3,62.1
2463,3,76.4
2464,3,66.7
2465,3,65.6
2466,3,74.7
2467,3,71.5
2468,3,77.0
2469,3,66.8
2470,3,55.3
2471,3,83.3
2472,3,79.7
2473,3,67.2
2474,3,71.0
2475,3,71.3
2476,3,64.9
2477,3,64.7
2478,3,64.3
2479,3,73.0
2480,3,71.8
2481,3,60.9
2482,3,62.9
2483,3,63.4
2484,3,69.3
2485,3,67.8
2486,3,90.5
2487,3,72.6
2488,3,72.0
2489,3,76.6
2490,3,77.5
2491,3,62.0
2492,3,68.9
2493,3,72.2
2494,3,70.2
2495,3,71.3
2496,3,59.5
2497,3,74.9
2498,3,76.8
2499,3,75.6
2500,3,51.6
2501,3,73.4
2502,3,71.0
2503,3,68.9
2504,3,83.4
2505,3,76.2
2506,3,65.6
2507,3,70.2
2508,3,80.2
2509,3,70.5
2510,3,72.3
2511,3,79.6
2512,3,63.3
2513,3,66.2
2514,3,68.2
2515,3,59.1
2516,3,62.7
2517,3,82.7
2518,3,72.5
2519,3,62.3
2520,3,70.2
2521,3,71.5
2522,3,69.2
2523,3,71.1
2524,3,85.6
2525,3,75.0
2526,3,75.6
2527,3,61.9
2528,3,61.3
2529,3,83.2
2530,3,74.9
2531,3,75.0
2532,3,68.4
2533,3,71.7
2534,3,66.4
2535,3,76.8
2536,3,85.6
2537,3,75.4
2538,3,76.2
2539,3,67.7
2540,3,69.8
2541,3,69.3
2542,3,83.4
2543,3,85.0
2544,3,69.9
2545,3,58.5
2546,3,73.0
2547,3,75.7
2548,3,78.6
2549,3,65.7
2550,3,74.5
2551,3,58.8
2552,3,73.6
2553,3,76.1
2554,3,62.2
2555,3,70.6
2556,3,55.0
2557,3,77.9
2558,3,81.1
2559,3,71.9
2560,3,70.9
2561,3,69.6
2562,3,71.4
2563,3,66.7
2564,3,62.9
2565,3,73.5
2566,3,83.2
2567,3,65.8
2568,3,79.4
2569,3,57.4
2570,3,68.7
2571,3,70.6
2572,3,70.7
2573,3,70.1
2574,3,78.9
2575,3,76.4
2576,3,65.6
2577,3,65.8
2578,3,62.6
2579,3,82.8
2580,3,74.9
2581,3,65.7
2582,3,67.9
2583,3,75.5
2584,3,66.0
2585,3,63.6
2586,3,70.3
2587,3,69.0
2588,3,74.7
2589,3,64.4
2590,3,68.3
2591,3,72.2
2592,3,64.7
2593,3,71.6
2594,3,69.8
2595,3,64.2
2596,3,67.1
2597,3,63.2
2598,3,67.9
2599,3,65.9
2600,3,70.4
2601,3,82.1
2602,3,63.6
2603,3,62.3
2604,3,59.5
2605,3,78.4
2606,3,82.9
2607,3,74.0
2608,3,78.1
2609,3,67.6
2610,3,67.6
2611,3,64.6
2612,3,87.6
2613,3,81.0
2614,3,67.6
2615,3,65.3
2616,3,72.3
2617,3,62.6
2618,3,83.0
2619,3,67.4
2620,3,71.8
2621,3,88.1
2622,3,75.0
2623,3,75.7
2624,3,76.0
2625,3,63.7
2626,3,72.7
2627,3,68.2
2628,3,81.4
2629,3,72.2
2630,3,73.4
2631,3,65.5
2632,3,73.5
2633,3,74.7
2634,3,60.8
2635,3,80.6
2636,3,62.9
2637,3,69.0
2638,3,75.0
2639,3,62.4
2640,3,82.5
2641,3,56.7
2642,3,80.9
2643,3,56.8
2644,3,84.1
2645,3,81.6
2646,3,77.4
2647,3,77.3
2648,3,64.1
2649,3,62.9
2650,3,80.2
2651,3,64.5
2652,3,60.4
2653,3,70.3
2654,3,66.2
2655,3,69.7
2656,3,71.7
2657,3,66.3
2658,3,82.9
2659,3,78.0
2660,3,67.4
2661,3,76.3
2662,3,70.2
2663,3,81.9
2664,3,82.0
2665,3,71.9
2666,3,61.1
2667,3,73.4
2668,3,75.6
2669,3,65.1
2670,3,69.5
2671,3,71.6
2672,3,75.0
2673,3,74.5
2674,3,85.6
2675,3,69.4
2676,3,65.0
2677,3,69.1
2678,3,81.5
2679,3,65.3
2680,3,68.1
2681,3,73.9
2682,3,80.7
2683,3,75.8
2684,3,66.7
2685,3,76.2
2686,3,73.7
2687,3,62.5
2688,3,73.7
2689,3,75.4
2690,3,65.4
2691,3,62.4
2692,3,71.1
2693,3,80.9
2694,3,66.6
2695,3,71.2
2696,3,66.3
2697,3,57.9
2698,3,61.6
2699,3,76.9
2700,3,66.8
2701,3,66.3
2702,3,76.0
2703,3,63.1
2704,3,59.6
2705,3,71.8
2706,3,66.7
2707,3,65.6
2708,3,68.4
2709,3,77.9
2710,3,73.8
2711,3,75.2
2712,3,77.8
2713,3,79.1
2714,3,89.0
2715,3,58.1
2716,3,59.3
2717,3,74.1
2718,3,64.0
2719,3,76.3
2720,3,78.9
2721,3,71.5
2722,3,60.1
2723,3,69.3
2724,3,69.1
2725,3,80.3
2726,3,76.6
2727,3,78.7
2728,3,68.6
2729,3,72.8
2730,3,63.9
2731,3,63.8
2732,3,73.3
2733,3,76.2
2734,3,66.5
2735,3,77.5
2736,3,69.0
2737,3,67.4
2738,3,73.0
2739,3,65.9
2740,3,62.6
2741,3,74.4
2742,3,69.4
2743,3,75.2
2744,3,77.1
2745,3,67.7
2746,3,69.0
2747,3,73.2
2748,3,72.5
2749,3,75.8
2750,3,50.7
2751,3,83.2
2752,3,65.9
2753,3,66.2
2754,3,65.6
2755,3,68.4
2756,3,68.7
2757,3,70.5
2758,3,74.1
2759,3,78.7
2760,3,66.5
2761,3,78.1
2762,3,71.3
2763,3,72.0
2764,3,73.7
2765,3,72.4
2766,3,69.2
2767,3,62.5
2768,3,78.5
2769,3,63.0
2770,3,83.4
2771,3,71.1
2772,3,70.2
2773,3,68.8
2774,3,71.4
2775,3,68.3
2776,3,65.0
2777,3,79.2
2778,3,81.2
2779,3,70.9
2780,3,54.1
2781,3,61.3
2782,3,63.0
2783,3,78.2
2784,3,59.8
2785,3,77.6
2786,3,69.9
2787,3,75.9
2788,3,80.1
2789,3,74.6
2790,3,72.9
2791,3,67.0
2792,3,79.2
2793,3,69.9
2794,3,69.9
2795,3,76.8
2796,3,72.2
2797,3,76.6
2798,3,75.6
2799,3,79.3
2800,3,69.4
2801,3,73.3
2802,3,73.6
2803,3,73.6
2804,3,77.0
2805,3,68.7
2806,3,64.0
2807,3,79.8
2808,3,78.1
2809,3,65.3
2810,3,68.1
2811,3,70.9
2812,3,64.0
2813,3,67.4
2814,3,81.3
2815,3,65.7
2816,3,76.2
2817,3,72.7
2818,3,73.2
2819,3,62.9
2820,3,54.8
2821,3,90.8
2822,3,79.4
2823,3,70.8
2824,3,63.1
2825,3,68.1
2826,3,72.9
2827,3,73.3
2828,3,75.7
2829,3,66.9
2830,3,71.9
2831,3,75.3
2832,3,56.0
2833,3,77.2
2834,3,68.5
2835,3,69.3
2836,3,68.0
2837,3,67.4
2838,3,76.3
2839,3,72.3
2840,3,62.7
2841,3,75.1
2842,3,72.1
2843,3,75.1
2844,3,75.4
2845,3,70.4
2846,3,66.6
2847,3,71.0
2848,3,69.7
2849,3,68.9
2850,3,65.5
2851,3,46.9
2852,3,77.3
2853,3,75.5
2854,3,72.5
2855,3,72.0
2856,3,74.3
2857,3,70.2
2858,3,75.7
2859,3,75.5
2860,3,70.2
2861,3,64.9
2862,3,63.6
2863,3,75.9
2864,3,70.5
2865,3,80.1
2866,3,69.2
2867,3,75.9
2868,3,71.6
2869,3,86.5
2870,3,78.8
2871,3,76.6
2872,3,56.0
2873,3,69.5
2874,3,81.0
2875,3,64.2
2876,3,73.8
2877,3,73.1
2878,3,69.6
2879,3,71.1
2880,3,81.7
2881,3,62.9
2882,3,76.2
2883,3,81.0
2884,3,64.2
2885,3,76.5
2886,3,72.1
2887,3,62.2
2888,3,77.6
2889,3,65.4
2890,3,77.2
2891,3,73.2
2892,3,75.8
2893,3,73.7
2894,3,67.1
2895,3,81.1
2896,3,68.8
2897,3,61.7
2898,3,70.5
2899,3,68.1
2900,3,59.7
2901,3,72.0
2902,3,79.5
2903,3,73.8
2904,3,65.2
2905,3,68.0
2906,3,68.9
2907,3,58.6
2908,3,71.0
2909,3,75.4
2910,3,83.8
2911,3,70.4
2912,3,75.8
2913,3,63.0
2914,3,73.4
2915,3,74.1
2916,3,59.3
2917,3,65.7
2918,3,76.8
2919,3,76.4
2920,3,59.8
2921,3,54.8
2922,3,75.9
2923,3,74.4
2924,3,66.2
2925,3,75.1
2926,3,72.6
2927,3,66.2
2928,3,67.8
2929,3,64.3
2930,3,67.4
2931,3,68.3
2932,3,74.4
2933,3,68.7
2934,3,76.0
2935,3,69.9
2936,3,87.3
2937,3,69.1
2938,3,72.2
2939,3,82.5
2940,3,71.5
2941,3,69.2
2942,3,73.4
2943,3,68.3
2944,3,63.3
2945,3,70.9
2946,3,71.4
2947,3,64.0
2948,3,84.6
2949,3,73.0
2950,3,74.4
2951,3,63.6
2952,3,67.8
2953,3,79.0
2954,3,75.3
2955,3,63.8
2956,3,64.9
2957,3,76.9
2958,3,76.8
2959,3,72.7
2960,3,69.3
2961,3,82.5
2962,3,74.5
2963,3,60.9
2964,3,71.5
2965,3,79.4
2966,3,63.7
2967,3,73.2
2968,3,58.0
2969,3,71.8
2970,3,79.8
2971,3,72.7
2972,3,56.9
2973,3,73.9
2974,3,72.8
2975,3,63.9
2976,3,74.5
2977,3,61.1
2978,3,67.3
2979,3,69.1
2980,3,73.0
2981,3,85.9
2982,3,81.2
2983,3,64.7
2984,3,80.7
2985,3,76.6
2986,3,72.8
2987,3,73.1
2988,3,49.0
2989,3,71.6
2990,3,74.9
2991,3,59.4
2992,3,87.9
2993,3,72.2
2994,3,80.4
2995,3,75.7
2996,3,80.3
2997,3,65.2
2998,3,65.9
2999,3,62.6
3000,3,74.7
1,4,81.8
2,4,71.5
3,4,76.5
4,4,77.5
5,4,73.0
6,4,76.2
7,4,68.2
8,4,64.5
9,4,57.0
10,4,73.9
11,4,71.7
12,4,72.4
13,4,67.3
14,4,75.3
15,4,78.7
16,4,74.3
17,4,74.1
18,4,78.6
19,4,71.2
20,4,78.6
21,4,64.9
22,4,65.4
23,4,77.6
24,4,69.6
25,4,67.3
26,4,79.1
27,4,75.6
28,4,65.6
29,4,77.8
30,4,66.9
31,4,61.2
32,4,72.1
33,4,73.1
34,4,63.4
35,4,69.6
36,4,78.8
37,4,65.5
38,4,63.2
39,4,73.3
40,4,74.6
41,4,67.5
42,4,81.8
43,4,76.8
44,4,73.1
45,4,59.2
46,4,69.2
47,4,76.7
48,4,62.0
49,4,74.4
50,4,60.5
51,4,72.3
52,4,69.9
53,4,77.2
54,4,74.8
55,4,67.8
56,4,71.9
57,4,73.4
58,4,72.7
59,4,64.8
60,4,66.8
61,4,69.7
62,4,58.1
63,4,65.1
64,4,78.3
65,4,72.0
66,4,66.2
67,4,68.8
68,4,89.6
69,4,56.5
70,4,76.7
71,4,68.9
72,4,66.0
73,4,74.3
74,4,62.8
75,4,84.3
76,4,59.5
77,4,78.0
78,4,73.6
79,4,72.9
80,4,80.9
81,4,81.6
82,4,63.7
83,4,75.5
84,4,77.4
85,4,66.1
86,4,69.9
87,4,75.0
88,4,72.0
89,4,54.3
90,4,60.8
91,4,74.3
92,4,68.8
93,4,59.7
94,4,71.0
95,4,70.6
96,4,70.5
97,4,65.5
98,4,69.2
99,4,87.3
100,4,73.9
101,4,71.7
102,4,76.1
103,4,63.4
104,4,63.3
105,4,68.0
106,4,65.7
107,4,69.5
108,4,59.0
109,4,62.6
110,4,79.9
111,4,67.8
112,4,74.1
113,4,72.5
114,4,79.6
115,4,71.6
116,4,73.6
117,4,54.0
118,4,76.4
119,4,72.1
120,4,75.5
121,4,76.2
122,4,81.1
123,4,74.5
124,4,67.2
125,4,80.1
126,4,67.2
127,4,68.4
128,4,65.3
129,4,63.9
130,4,77.0
131,4,71.3
132,4,69.2
133,4,83.1
134,4,76.9
135,4,82.2
136,4,63.8
137,4,60.1
138,4,75.2
139,4,66.1
140,4,69.5
141,4,67.6
142,4,69.4
143,4,54.3
144,4,57.7
145,4,58.5
146,4,65.5
147,4,78.9
148,4,67.3
149,4,68.2
150,4,70.4
151,4,68.6
152,4,73.3
153,4,65.0
154,4,67.6
155,4,76.4
156,4,75.7
157,4,78.0
158,4,78.7
159,4,70.4
160,4,69.7
161,4,67.7
162,4,59.2
163,4,79.3
164,4,59.3
165,4,84.4
166,4,75.8
167,4,65.3
168,4,70.5
169,4,76.6
170,4,52.5
171,4,59.4
172,4,82.2
173,4,68.4
174,4,87.0
175,4,70.3
176,4,73.1
177,4,72.0
178,4,71.6
179,4,78.0
180,4,75.4
181,4,62.5
182,4,80.8
183,4,74.5
184,4,75.3
185,4,71.8
186,4,70.8
187,4,87.1
188,4,75.9
189,4,65.1
190,4,81.6
191,4,57.8
192,4,71.2
193,4,72.4
194,4,60.8
195,4,71.0
196,4,77.0
197,4,70.1
198,4,77.0
199,4,63.4
200,4,74.3
201,4,69.6
202,4,68.6
203,4,61.9
204,4,65.9
205,4,76.5
206,4,87.8
207,4,72.9
208,4,75.9
209,4,84.7
210,4,71.4
211,4,60.7
212,4,62.7
213,4,74.8
214,4,72.3
215,4,61.8
216,4,83.0
217,4,66.7
218,4,80.3
219,4,75.0
220,4,63.6
221,4,80.5
222,4,70.6
223,4,71.9
224,4,77.1
225,4,66.9
226,4,86.5
227,4,75.5
228,4,71.5
229,4,62.1
230,4,83.5
231,4,63.5
232,4,64.2
233,4,73.1
234,4,75.0
235,4,70.1
236,4,61.7
237,4,60.6
238,4,71.5
239,4,67.5
240,4,66.7
241,4,72.4
242,4,77.8
243,4,51.0
244,4,62.5
245,4,73.5
246,4,60.2
247,4,67.7
248,4,74.1
249,4,72.6
250,4,66.6
251,4,79.8
252,4,65.2
253,4,78.7
254,4,62.0
255,4,67.8
256,4,81.0
257,4,81.0
258,4,66.3
259,4,63.5
260,4,58.5
261,4,74.2
262,4,54.9
263,4,63.2
264,4,71.4
265,4,74.4
266,4,59.6
267,4,68.2
268,4,62.7
269,4,74.5
270,4,64.4
271,4,62.9
272,4,60.1
273,4,77.2
274,4,61.1
275,4,75.9
276,4,76.1
277,4,57.9
278,4,61.3
279,4,66.5
280,4,72.5
281,4,65.3
282,4,45.4
283,4,74.1
284,4,67.3
285,4,64.9
286,4,66.1
287,4,68.6
288,4,81.6
289,4,67.0
290,4,84.3
291,4,78.7
292,4,61.4
293,4,66.6
294,4,77.8
295,4,60.3
296,4,75.9
297,4,69.1
298,4,72.0
299,4,82.8
300,4,65.6
301,4,77.0
302,4,78.0
303,4,54.0
304,4,74.7
305,4,72.4
306,4,54.3
307,4,81.0
308,4,67.6
309,4,67.7
310,4,71.9
311,4,59.1
312,4,69.0
313,4,72.3
314,4,66.7
315,4,74.2
316,4,79.4
317,4,79.5
318,4,75.7
319,4,75.0
320,4,68.0
321,4,69.9
322,4,72.0
323,4,58.7
324,4,63.0
325,4,73.0
326,4,60.8
327,4,62.3
328,4,72.2
329,4,62.2
330,4,79.7
331,4,76.8
332,4,71.6
333,4,76.5
334,4,63.6
335,4,67.8
336,4,68.1
337,4,74.1
338,4,65.4
339,4,72.8
340,4,75.8
341,4,71.9
342,4,71.5
343,4,79.1
344,4,72.1
345,4,77.4
346,4,71.9
347,4,76.6
348,4,74.0
349,4,72.8
350,4,69.8
351,4,60.3
352,4,68.9
353,4,79.0
354,4,65.1
355,4,77.1
356,4,55.5
357,4,76.4
358,4,70.7
359,4,69.4
360,4,74.1
361,4,78.8
362,4,64.8
363,4,71.9
364,4,75.3
365,4,82.7
366,4,67.4
367,4,68.5
368,4,75.2
369,4,90.5
370,4,64.0
371,4,76.4
372,4,65.2
373,4,59.4
374,4,77.6
375,4,87.7
376,4,71.7
377,4,71.2
378,4,78.6
379,4,81.1
380,4,75.8
381,4,75.9
382,4,83.3
383,4,76.3
384,4,64.6
385,4,67.9
386,4,66.4
387,4,62.1
388,4,73.9
389,4,66.1
390,4,72.1
391,4,72.0
392,4,70.4
393,4,69.3
394,4,69.5
395,4,70.7
396,4,68.9
397,4,59.8
398,4,76.3
399,4,62.4
400,4,83.0
401,4,82.3
402,4,77.0
403,4,75.2
404,4,69.8
405,4,65.6
406,4,71.0
407,4,63.4
408,4,61.7
409,4,66.5
410,4,61.9
411,4,67.3
412,4,62.6
413,4,70.7
414,4,67.9
415,4,64.4
416,4,66.1
417,4,84.0
418,4,75.6
419,4,64.8
420,4,61.8
421,4,72.3
422,4,68.6
423,4,68.6
424,4,72.5
425,4,61.3
426,4,74.1
427,4,60.8
428,4,74.9
429,4,65.5
430,4,78.0
431,4,65.1
432,4,64.9
433,4,54.7
434,4,67.6
435,4,65.0
436,4,64.5
437,4,72.2
438,4,76.7
439,4,60.1
440,4,59.8
441,4,64.9
442,4,59.9
443,4,83.4
444,4,58.3
445,4,62.5
446,4,81.8
447,4,81.0
448,4,64.6
449,4,64.4
450,4,62.3
451,4,82.4
452,4,66.0
453,4,66.9
454,4,70.8
455,4,75.9
456,4,78.7
457,4,75.8
458,4,76.2
459,4,79.8
460,4,63.8
461,4,75.4
462,4,67.3
463,4,66.8
464,4,73.6
465,4,71.2
466,4,72.3
467,4,76.7
468,4,60.6
469,4,64.2
470,4,89.4
471,4,67.7
472,4,65.7
473,4,75.3
474,4,69.8
475,4,67.5
476,4,63.2
477,4,80.5
478,4,69.9
479,4,62.5
480,4,74.8
481,4,70.1
482,4,64.5
483,4,82.7
484,4,78.5
485,4,85.1
486,4,60.1
487,4,75.1
488,4,77.4
489,4,81.0
490,4,67.3
491,4,70.4
492,4,65.6
493,4,78.2
494,4,75.6
495,4,74.8
496,4,63.3
497,4,80.0
498,4,61.9
499,4,82.7
500,4,58.8
501,4,79.3
502,4,71.7
503,4,75.9
504,4,64.6
505,4,72.2
506,4,70.5
507,4,71.7
508,4,76.0
509,4,68.4
510,4,75.2
511,4,82.1
512,4,68.6
513,4,76.4
514,4,64.0
515,4,82.3
516,4,65.4
517,4,78.8
518,4,48.7
519,4,69.9
520,4,57.7
521,4,63.1
522,4,78.5
523,4,54.1
524,4,70.7
525,4,76.5
526,4,62.0
527,4,76.8
528,4,78.4
529,4,78.1
530,4,74.8
531,4,64.7
532,4,82.8
533,4,81.5
534,4,66.7
535,4,75.0
536,4,68.9
537,4,69.1
538,4,64.8
539,4,79.2
540,4,73.9
541,4,63.8
542,4,72.0
543,4,69.0
544,4,89.7
545,4,70.5
546,4,65.0
547,4,70.4
548,4,78.7
549,4,71.4
550,4,71.2
551,4,64.7
552,4,71.5
553,4,64.3
554,4,80.1
555,4,69.7
556,4,63.6
557,4,79.1
558,4,68.6
559,4,63.8
560,4,74.0
561,4,82.8
562,4,71.9
563,4,66.7
564,4,50.5
565,4,69.3
566,4,65.9
567,4,72.1
568,4,65.1
569,4,81.1
570,4,77.4
571,4,78.3
572,4,68.4
573,4,82.8
574,4,65.3
575,4,65.5
576,4,66.3
577,4,62.0
578,4,78.4
579,4,74.2
580,4,58.6
581,4,66.7
582,4,80.1
583,4,78.6
584,4,75.4
585,4,66.4
586,4,73.0
587,4,74.8
588,4,63.5
589,4,73.4
590,4,71.0
591,4,66.6
592,4,76.2
593,4,70.1
594,4,75.5
595,4,75.7
596,4,57.8
597,4,70.4
598,4,67.5
599,4,63.1
600,4,69.7
601,4,72.4
602,4,50.7
603,4,77.4
604,4,64.9
605,4,64.0
606,4,68.4
607,4,56.8
608,4,57.7
609,4,77.1
610,4,77.1
611,4,63.9
612,4,79.1
613,4,71.4
614,4,80.8
615,4,80.0
616,4,76.4
617,4,73.5
618,4,61.3
619,4,50.6
620,4,80.7
621,4,70.6
622,4,60.5
623,4,79.3
624,4,65.0
625,4,64.3
626,4,64.4
627,4,66.9
628,4,55.0
629,4,66.8
630,4,79.1
631,4,78.9
632,4,61.4
633,4,74.3
634,4,82.3
635,4,71.6
636,4,71.4
637,4,64.8
638,4,70.7
639,4,69.0
640,4,72.8
641,4,75.9
642,4,67.7
643,4,70.6
644,4,74.6
645,4,66.2
646,4,63.0
647,4,73.5
648,4,71.8
649,4,73.3
650,4,63.0
651,4,66.5
652,4,84.3
653,4,74.0
654,4,56.5
655,4,64.9
656,4,75.4
657,4,72.8
658,4,68.2
659,4,72.7
660,4,83.7
661,4,66.3
662,4,72.8
663,4,67.5
664,4,86.4
665,4,73.9
666,4,76.6
667,4,57.3
668,4,70.0
669,4,77.6
670,4,65.9
671,4,64.8
672,4,67.8
673,4,69.4
674,4,65.5
675,4,76.4
676,4,68.0
677,4,74.3
678,4,74.8
679,4,78.5
680,4,60.0
681,4,80.3
682,4,72.1
683,4,73.6
684,4,74.1
685,4,78.0
686,4,74.3
687,4,65.8
688,4,74.2
689,4,85.2
690,4,83.5
691,4,75.4
692,4,61.6
693,4,76.0
694,4,74.5
695,4,78.2
696,4,79.2
697,4,74.6
698,4,73.5
699,4,71.1
700,4,66.0
701,4,67.4
702,4,71.9
703,4,63.1
704,4,69.6
705,4,76.1
706,4,86.1
707,4,63.6
708,4,67.3
709,4,79.4
710,4,68.8
711,4,65.9
712,4,60.3
713,4,80.9
714,4,74.8
715,4,67.0
716,4,60.4
717,4,63.3
718,4,72.4
719,4,64.7
720,4,76.2
721,4,56.8
722,4,64.5
723,4,70.1
724,4,70.8
725,4,49.3
726,4,86.4
727,4,70.9
728,4,82.6
729,4,64.7
730,4,78.5
731,4,79.0
732,4,71.0
733,4,76.0
734,4,64.5
735,4,77.7
736,4,71.5
737,4,82.8
738,4,68.5
739,4,81.1
740,4,64.5
741,4,54.9
742,4,60.3
743,4,79.7
744,4,58.8
745,4,71.8
746,4,69.6
747,4,78.2
748,4,67.3
749,4,60.7
750,4,73.9
751,4,68.7
752,4,74.9
753,4,85.9
754,4,81.1
755,4,71.6
756,4,73.7
757,4,76.9
758,4,72.5
759,4,66.8
760,4,70.8
761,4,59.5
762,4,77.7
763,4,68.3
764,4,55.7
765,4,77.7
766,4,66.9
767,4,77.1
768,4,71.1
769,4,72.2
770,4,73.5
771,4,68.8
772,4,70.3
773,4,73.0
774,4,88.1
775,4,70.6
776,4,70.0
777,4,69.1
778,4,64.5
779,4,62.4
780,4,68.4
781,4,70.1
782,4,73.0
783,4,69.4
784,4,78.2
785,4,68.3
786,4,68.9
787,4,69.2
788,4,72.5
789,4,53.9
790,4,60.1
791,4,77.7
792,4,74.4
793,4,78.0
794,4,67.6
795,4,70.8
796,4,73.6
797,4,68.2
798,4,68.6
799,4,77.8
800,4,68.8
801,4,83.6
802,4,71.9
803,4,89.2
804,4,71.4
805,4,62.8
806,4,65.8
807,4,72.6
808,4,61.6
809,4,72.1
810,4,63.0
811,4,84.9
812,4,69.4
813,4,72.6
814,4,71.0
815,4,58.3
816,4,82.2
817,4,76.2
818,4,68.8
819,4,76.1
820,4,63.1
821,4,82.7
822,4,71.0
823,4,70.8
824,4,52.8
825,4,72.3
826,4,68.0
827,4,69.4
828,4,62.7
829,4,74.1
830,4,87.6
831,4,81.3
832,4,72.3
833,4,76.5
834,4,60.6
835,4,77.6
836,4,76.6
837,4,67.2
838,4,78.8
839,4,79.2
840,4,60.8
841,4,74.1
842,4,75.5
843,4,61.3
844,4,69.0
845,4,65.7
846,4,85.8
847,4,65.7
848,4,60.9
849,4,69.0
850,4,59.9
851,4,63.2
852,4,70.1
853,4,67.7
854,4,70.4
855,4,71.7
856,4,63.1
857,4,71.5
858,4,65.8
859,4,67.9
860,4,59.3
861,4,68.9
862,4,74.7
863,4,61.8
864,4,69.2
865,4,63.7
866,4,74.3
867,4,81.0
868,4,74.8
869,4,68.0
870,4,76.3
871,4,75.5
872,4,62.0
873,4,70.0
874,4,68.0
875,4,62.1
876,4,58.0
877,4,60.6
878,4,76.5
879,4,56.7
880,4,74.1
881,4,71.3
882,4,72.5
883,4,80.8
884,4,80.8
885,4,66.7
886,4,65.0
887,4,73.1
888,4,80.2
889,4,69.7
890,4,82.8
891,4,75.1
892,4,64.2
893,4,70.3
894,4,71.1
895,4,67.5
896,4,81.4
897,4,68.3
898,4,73.7
899,4,69.1
900,4,87.1
901,4,75.1
902,4,76.4
903,4,70.4
904,4,69.6
905,4,70.7
906,4,65.9
907,4,72.8
908,4,73.8
909,4,69.2
910,4,67.1
911,4,83.3
912,4,80.2
913,4,66.6
914,4,62.3
915,4,74.6
916,4,64.6
917,4,61.9
918,4,61.9
919,4,79.7
920,4,71.2
921,4,61.3
922,4,70.7
923,4,72.9
924,4,62.2
925,4,75.5
926,4,70.5
927,4,81.1
928,4,67.0
929,4,63.6
930,4,70.2
931,4,63.0
932,4,71.1
933,4,68.2
934,4,82.4
935,4,71.4
936,4,63.8
937,4,65.5
938,4,70.2
939,4,83.7
940,4,71.0
941,4,71.7
942,4,83.4
943,4,61.2
944,4,63.4
945,4,84.8
946,4,80.2
947,4,66.3
948,4,65.0
949,4,61.5
950,4,78.6
951,4,72.3
952,4,62.3
953,4,67.1
954,4,62.0
955,4,70.3
956,4,73.1
957,4,77.4
958,4,68.7
959,4,82.5
960,4,60.4
961,4,81.7
962,4,72.7
963,4,58.5
964,4,68.8
965,4,70.4
966,4,72.7
967,4,81.9
968,4,56.0
969,4,67.6
970,4,68.7
971,4,77.5
972,4,80.8
973,4,70.9
974,4,62.0
975,4,67.5
976,4,64.2
977,4,70.7
978,4,70.1
979,4,74.0
980,4,80.4
981,4,71.2
982,4,71.9
983,4,75.7
984,4,68.5
985,4,71.5
986,4,85.6
987,4,72.2
988,4,67.7
989,4,67.3
990,4,78.9
991,4,79.0
992,4,77.6
993,4,63.1
994,4,73.5
995,4,55.8
996,4,75.7
997,4,73.2
998,4,71.5
999,4,67.0
1000,4,70.4
1001,4,92.7
1002,4,75.9
1003,4,68.9
1004,4,67.7
1005,4,80.3
1006,4,88.9
1007,4,77.2
1008,4,72.3
1009,4,68.0
1010,4,64.8
1011,4,78.1
1012,4,69.6
1013,4,48.9
1014,4,66.7
1015,4,75.8
1016,4,83.2
1017,4,69.4
1018,4,79.3
1019,4,58.0
1020,4,65.1
1021,4,64.0
1022,4,61.3
1023,4,67.5
1024,4,70.8
1025,4,73.0
1026,4,71.4
1027,4,70.1
1028,4,64.6
1029,4,56.9
1030,4,75.7
1031,4,52.8
1032,4,74.2
1033,4,73.4
1034,4,67.7
1035,4,85.4
1036,4,71.5
1037,4,78.8
1038,4,66.8
1039,4,66.6
1040,4,75.6
1041,4,75.1
1042,4,79.3
1043,4,69.4
1044,4,65.0
1045,4,76.6
1046,4,77.9
1047,4,75.9
1048,4,71.1
1049,4,58.1
1050,4,67.5
1051,4,58.5
1052,4,63.6
1053,4,78.7
1054,4,60.1
1055,4,66.0
1056,4,71.8
1057,4,65.3
1058,4,73.5
1059,4,65.6
1060,4,64.9
1061,4,72.9
1062,4,77.8
1063,4,74.2
1064,4,66.4
1065,4,68.8
1066,4,82.5
1067,4,77.3
1068,4,66.0
1069,4,65.1
1070,4,64.6
1071,4,66.6
1072,4,73.0
1073,4,71.5
1074,4,76.0
1075,4,57.9
1076,4,69.2
1077,4,68.3
1078,4,84.0
1079,4,76.8
1080,4,73.0
1081,4,67.4
1082,4,76.1
1083,4,74.0
1084,4,70.0
1085,4,59.7
1086,4,71.3
1087,4,72.6
1088,4,73.0
1089,4,68.1
1090,4,72.3
1091,4,70.8
1092,4,68.9
1093,4,76.3
1094,4,73.5
1095,4,70.0
1096,4,66.4
1097,4,83.8
1098,4,65.0
1099,4,76.6
1100,4,67.8
1101,4,67.2
1102,4,67.9
1103,4,54.2
1104,4,78.3
1105,4,69.2
1106,4,67.4
1107,4,71.3
1108,4,69.4
1109,4,88.7
1110,4,77.7
1111,4,68.6
1112,4,87.9
1113,4,73.7
1114,4,74.7
1115,4,75.0
1116,4,67.5
1117,4,77.5
1118,4,68.2
1119,4,62.2
1120,4,67.5
1121,4,64.8
1122,4,64.3
1123,4,72.5
1124,4,59.3
1125,4,76.7
1126,4,71.8
1127,4,72.2
1128,4,81.2
1129,4,80.5
1130,4,67.6
1131,4,56.4
1132,4,58.7
1133,4,72.5
1134,4,73.6
1135,4,70.3
1136,4,83.5
1137,4,67.1
1138,4,80.0
1139,4,84.6
1140,4,71.3
1141,4,66.1
1142,4,75.8
1143,4,70.6
1144,4,70.9
1145,4,69.9
1146,4,67.2
1147,4,74.8
1148,4,70.4
1149,4,88.9
1150,4,70.9
1151,4,74.2
1152,4,76.6
1153,4,67.3
1154,4,75.3
1155,4,82.3
1156,4,67.0
1157,4,76.8
1158,4,64.9
1159,4,82.5
1160,4,63.3
1161,4,93.6
1162,4,73.0
1163,4,74.1
1164,4,56.5
1165,4,69.4
1166,4,52.5
1167,4,85.9
1168,4,69.5
1169,4,69.4
1170,4,68.5
1171,4,64.5
1172,4,81.5
1173,4,70.8
1174,4,70.8
1175,4,71.4
1176,4,71.0
1177,4,70.6
1178,4,72.6
1179,4,71.0
1180,4,69.8
1181,4,64.3
1182,4,74.5
1183,4,79.9
1184,4,68.2
1185,4,79.7
1186,4,74.2
1187,4,79.0
1188,4,85.1
1189,4,68.5
1190,4,56.3
1191,4,69.7
1192,4,73.2
1193,4,69.2
1194,4,75.4
1195,4,61.0
1196,4,68.3
1197,4,70.0
1198,4,74.3
1199,4,64.8
1200,4,60.3
1201,4,82.1
1202,4,65.7
1203,4,70.7
1204,4,64.4
1205,4,68.1
1206,4,79.5
1207,4,86.2
1208,4,56.9
1209,4,78.0
1210,4,74.1
1211,4,58.2
1212,4,63.6
1213,4,66.4
1214,4,77.3
1215,4,77.5
1216,4,72.5
1217,4,65.1
1218,4,62.5
1219,4,61.3
1220,4,55.6
1221,4,71.0
1222,4,78.7
1223,4,69.9
1224,4,72.6
1225,4,71.0
1226,4,63.7
1227,4,73.6
1228,4,83.4
1229,4,66.6
1230,4,81.6
1231,4,78.6
1232,4,73.6
1233,4,60.0
1234,4,62.7
1235,4,75.0
1236,4,61.5
1237,4,64.4
1238,4,57.5
1239,4,78.2
1240,4,55.6
1241,4,74.5
1242,4,58.8
1243,4,61.5
1244,4,73.4
1245,4,70.6
1246,4,70.6
1247,4,72.0
1248,4,71.5
1249,4,71.1
1250,4,73.2
1251,4,68.0
1252,4,87.2
1253,4,50.4
1254,4,72.3
1255,4,79.5
1256,4,62.6
1257,4,56.5
1258,4,54.5
1259,4,65.8
1260,4,80.7
1261,4,61.2
1262,4,71.2
1263,4,69.7
1264,4,64.1
1265,4,74.1
1266,4,77.2
1267,4,74.5
1268,4,85.7
1269,4,66.5
1270,4,59.4
1271,4,82.0
1272,4,87.6
1273,4,66.9
1274,4,71.2
1275,4,65.9
1276,4,70.7
1277,4,77.9
1278,4,66.7
1279,4,80.8
1280,4,63.2
1281,4,77.9
1282,4,77.4
1283,4,72.6
1284,4,65.0
1285,4,62.2
1286,4,67.6
1287,4,76.8
1288,4,65.2
1289,4,60.4
1290,4,85.6
1291,4,63.1
1292,4,80.8
1293,4,62.7
1294,4,71.8
1295,4,72.2
1296,4,68.1
1297,4,70.3
1298,4,76.2
1299,4,74.1
1300,4,77.7
1301,4,67.7
1302,4,72.9
1303,4,67.0
1304,4,64.4
1305,4,72.2
1306,4,67.8
1307,4,76.2
1308,4,84.8
1309,4,63.3
1310,4,72.2
1311,4,65.4
1312,4,69.2
1313,4,70.3
1314,4,66.1
1315,4,76.1
1316,4,67.6
1317,4,71.8
1318,4,66.5
1319,4,68.1
1320,4,71.9
1321,4,79.6
1322,4,70.7
1323,4,67.9
1324,4,65.6
1325,4,62.2
1326,4,74.5
1327,4,70.7
1328,4,72.2
1329,4,78.6
1330,4,66.2
1331,4,80.8
1332,4,63.7
1333,4,65.2
1334,4,76.7
1335,4,78.2
1336,4,64.0
1337,4,77.1
1338,4,73.9
1339,4,80.7
1340,4,79.2
1341,4,81.1
1342,4,75.2
1343,4,72.8
1344,4,69.2
1345,4,75.6
1346,4,68.2
1347,4,68.7
1348,4,92.0
1349,4,68.9
1350,4,79.6
1351,4,65.0
1352,4,63.5
1353,4,65.7
1354,4,78.0
1355,4,72.9
1356,4,74.4
1357,4,67.8
1358,4,79.0
1359,4,71.1
1360,4,75.1
1361,4,80.9
1362,4,72.3
1363,4,84.8
1364,4,84.6
1365,4,72.1
1366,4,74.0
1367,4,59.1
1368,4,63.3
1369,4,83.1
1370,4,61.7
1371,4,75.8
1372,4,67.6
1373,4,55.8
1374,4,76.3
1375,4,63.4
1376,4,79.8
1377,4,84.1
1378,4,74.2
1379,4,62.9
1380,4,75.7
1381,4,50.7
1382,4,82.3
1383,4,77.1
1384,4,47.9
1385,4,61.1
1386,4,68.4
1387,4,68.9
1388,4,61.2
1389,4,67.7
1390,4,59.6
1391,4,58.1
1392,4,70.2
1393,4,69.8
1394,4,70.4
1395,4,73.3
1396,4,74.3
1397,4,74.6
1398,4,69.7
1399,4,66.7
1400,4,76.0
1401,4,79.4
1402,4,78.5
1403,4,76.6
1404,4,66.9
1405,4,78.0
1406,4,69.1
1407,4,80.1
1408,4,55.1
1409,4,72.5
1410,4,66.9
1411,4,54.5
1412,4,69.8
1413,4,70.5
1414,4,75.5
1415,4,85.2
1416,4,66.5
1417,4,78.9
1418,4,64.7
1419,4,73.1
1420,4,66.7
1421,4,65.8
1422,4,70.6
1423,4,77.4
1424,4,76.0
1425,4,64.8
1426,4,66.7
1427,4,66.1
1428,4,78.7
1429,4,77.1
1430,4,81.3
1431,4,56.8
1432,4,82.1
1433,4,69.2
1434,4,65.8
1435,4,73.7
1436,4,64.2
1437,4,82.9
1438,4,81.9
1439,4,85.3
1440,4,70.7
1441,4,68.7
1442,4,60.7
1443,4,74.3
1444,4,68.2
1445,4,63.8
1446,4,74.4
1447,4,81.5
1448,4,67.6
1449,4,86.9
1450,4,70.9
1451,4,62.2
1452,4,69.7
1453,4,86.7
1454,4,72.7
1455,4,81.7
1456,4,76.6
1457,4,65.9
1458,4,65.9
1459,4,76.3
1460,4,77.1
1461,4,87.3
1462,4,69.2
1463,4,84.3
1464,4,80.1
1465,4,75.4
1466,4,74.6
1467,4,73.5
1468,4,76.7
1469,4,51.8
1470,4,79.0
1471,4,85.5
1472,4,73.3
1473,4,71.5
1474,4,70.3
1475,4,70.3
1476,4,82.1
1477,4,66.7
1478,4,71.4
1479,4,67.2
1480,4,73.7
1481,4,70.4
1482,4,68.5
1483,4,83.0
1484,4,74.3
1485,4,75.2
1486,4,62.2
1487,4,62.1
1488,4,66.3
1489,4,65.3
1490,4,71.0
1491,4,67.5
1492,4,71.0
1493,4,62.1
1494,4,63.3
1495,4,75.4
1496,4,69.9
1497,4,62.3
1498,4,74.4
1499,4,76.6
1500,4,68.9
1501,4,64.1
1502,4,72.2
1503,4,65.7
1504,4,72.7
1505,4,73.6
1506,4,74.8
1507,4,66.2
1508,4,54.4
1509,4,72.7
1510,4,64.1
1511,4,75.0
1512,4,60.6
1513,4,49.1
1514,4,78.4
1515,4,73.8
1516,4,65.8
1517,4,73.5
1518,4,78.6
1519,4,63.6
1520,4,87.5
1521,4,83.7
1522,4,77.6
1523,4,69.8
1524,4,75.2
1525,4,75.7
1526,4,62.6
1527,4,76.0
1528,4,69.3
1529,4,71.6
1530,4,66.9
1531,4,65.8
1532,4,77.0
1533,4,67.2
1534,4,77.8
1535,4,64.9
1536,4,67.1
1537,4,68.5
1538,4,81.2
1539,4,62.3
1540,4,76.7
1541,4,66.8
1542,4,78.9
1543,4,64.9
1544,4,68.1
1545,4,75.1
1546,4,61.0
1547,4,53.7
1548,4,68.5
1549,4,75.4
1550,4,56.1
1551,4,70.8
1552,4,70.7
1553,4,62.9
1554,4,65.0
1555,4,76.6
1556,4,83.2
1557,4,75.7
1558,4,75.1
1559,4,75.7
1560,4,69.5
1561,4,79.1
1562,4,81.8
1563,4,75.3
1564,4,63.9
1565,4,77.5
1566,4,74.4
1567,4,77.3
1568,4,83.1
1569,4,56.3
1570,4,63.2
1571,4,71.3
1572,4,61.9
1573,4,65.7
1574,4,82.2
1575,4,75.6
1576,4,82.0
1577,4,78.7
1578,4,70.2
1579,4,71.9
1580,4,71.7
1581,4,69.1
1582,4,85.4
1583,4,68.2
1584,4,74.4
1585,4,78.2
1586,4,68.0
1587,4,75.9
1588,4,83.2
1589,4,60.9
1590,4,70.6
1591,4,77.6
1592,4,62.5
1593,4,63.9
1594,4,82.3
1595,4,66.1
1596,4,81.3
1597,4,77.3
1598,4,74.7
1599,4,73.3
1600,4,80.5
1601,4,74.1
1602,4,56.9
1603,4,71.7
1604,4,64.2
1605,4,76.3
1606,4,70.2
1607,4,53.7
1608,4,71.3
1609,4,79.1
1610,4,78.2
1611,4,70.6
1612,4,77.5
1613,4,68.7
1614,4,70.4
1615,4,66.9
1616,4,74.6
1617,4,72.3
1618,4,85.2
1619,4,67.4
1620,4,77.3
1621,4,77.9
1622,4,71.1
1623,4,72.2
1624,4,54.8
1625,4,59.9
1626,4,63.0
1627,4,83.6
1628,4,74.8
1629,4,68.0
1630,4,67.0
1631,4,67.9
1632,4,59.3
1633,4,64.2
1634,4,78.1
1635,4,62.9
1636,4,73.6
1637,4,76.7
1638,4,79.0
1639,4,73.6
1640,4,77.7
1641,4,68.8
1642,4,60.1
1643,4,70.8
1644,4,71.0
1645,4,77.0
1646,4,63.2
1647,4,69.9
1648,4,77.9
1649,4,73.7
1650,4,74.1
1651,4,72.6
1652,4,68.8
1653,4,83.3
1654,4,76.0
1655,4,85.7
1656,4,58.6
1657,4,61.0
1658,4,68.4
1659,4,76.4
1660,4,68.1
1661,4,57.9
1662,4,57.6
1663,4,71.6
1664,4,69.8
1665,4,78.6
1666,4,65.8
1667,4,63.4
1668,4,68.1
1669,4,59.7
1670,4,82.8
1671,4,63.2
1672,4,73.4
1673,4,74.0
1674,4,68.2
1675,4,57.2
1676,4,73.8
1677,4,59.3
1678,4,71.1
1679,4,64.0
1680,4,63.0
1681,4,79.5
1682,4,89.0
1683,4,68.6
1684,4,60.1
1685,4,62.7
1686,4,70.9
1687,4,66.6
1688,4,63.7
1689,4,89.7
1690,4,76.4
1691,4,69.5
1692,4,55.2
1693,4,62.5
1694,4,60.6
1695,4,75.7
1696,4,65.7
1697,4,68.3
1698,4,67.7
1699,4,68.7
1700,4,63.8
1701,4,69.5
1702,4,70.4
1703,4,74.1
1704,4,69.2
1705,4,72.2
1706,4,62.6
1707,4,76.0
1708,4,85.7
1709,4,65.7
1710,4,74.5
1711,4,73.4
1712,4,66.9
1713,4,65.3
1714,4,66.7
1715,4,61.4
1716,4,66.1
1717,4,70.0
1718,4,71.1
1719,4,70.2
1720,4,64.6
1721,4,81.6
1722,4,65.9
1723,4,63.1
1724,4,72.8
1725,4,66.2
1726,4,72.1
1727,4,80.8
1728,4,78.0
1729,4,75.6
1730,4,67.9
1731,4,81.0
1732,4,74.3
1733,4,71.5
1734,4,62.5
1735,4,71.4
1736,4,65.7
1737,4,62.8
1738,4,73.7
1739,4,60.6
1740,4,87.7
1741,4,76.2
1742,4,65.2
1743,4,84.1
1744,4,73.1
1745,4,64.0
1746,4,75.5
1747,4,78.5
1748,4,61.8
1749,4,63.7
1750,4,59.6
1751,4,59.7
1752,4,68.2
1753,4,65.1
1754,4,64.1
1755,4,85.0
1756,4,75.6
1757,4,75.7
1758,4,75.2
1759,4,72.6
1760,4,72.0
1761,4,62.9
1762,4,86.2
1763,4,77.0
1764,4,70.1
1765,4,65.3
1766,4,65.2
1767,4,70.4
1768,4,70.1
1769,4,80.8
1770,4,79.2
1771,4,74.6
1772,4,70.9
1773,4,69.9
1774,4,75.7
1775,4,57.3
1776,4,77.6
1777,4,72.0
1778,4,56.4
1779,4,62.0
1780,4,67.1
1781,4,66.9
1782,4,68.9
1783,4,74.2
1784,4,76.4
1785,4,76.0
1786,4,67.5
1787,4,68.2
1788,4,54.7
1789,4,67.2
1790,4,69.7
1791,4,59.9
1792,4,71.3
1793,4,73.0
1794,4,80.6
1795,4,72.2
1796,4,80.2
1797,4,71.9
1798,4,77.4
1799,4,75.2
1800,4,54.6
1801,4,69.4
1802,4,69.8
1803,4,78.5
1804,4,76.6
1805,4,64.1
1806,4,73.8
1807,4,74.5
1808,4,73.0
1809,4,68.6
1810,4,78.1
1811,4,56.1
1812,4,59.9
1813,4,68.9
1814,4,74.4
1815,4,74.5
1816,4,65.4
1817,4,77.6
1818,4,66.1
1819,4,70.4
1820,4,65.5
1821,4,73.8
1822,4,64.1
1823,4,66.5
1824,4,71.6
1825,4,72.1
1826,4,81.2
1827,4,74.5
1828,4,80.4
1829,4,71.6
1830,4,78.4
1831,4,71.3
1832,4,71.9
1833,4,73.0
1834,4,74.3
1835,4,82.6
1836,4,64.0
1837,4,52.8
1838,4,72.0
1839,4,76.3
1840,4,70.0
1841,4,74.5
1842,4,74.6
1843,4,78.5
1844,4,72.9
1845,4,78.0
1846,4,68.4
1847,4,70.2
1848,4,75.0
1849,4,73.0
1850,4,61.0
1851,4,65.7
1852,4,73.6
1853,4,69.1
1854,4,68.5
1855,4,78.3
1856,4,71.1
1857,4,66.1
1858,4,66.2
1859,4,71.9
1860,4,71.2
1861,4,72.5
1862,4,61.6
1863,4,74.3
1864,4,66.7
1865,4,80.4
1866,4,75.5
1867,4,72.4
1868,4,67.1
1869,4,67.6
1870,4,76.5
1871,4,70.7
1872,4,81.6
1873,4,77.3
1874,4,66.3
1875,4,64.5
1876,4,81.0
1877,4,77.3
1878,4,56.1
1879,4,61.8
1880,4,72.2
1881,4,74.3
1882,4,74.8
1883,4,60.4
1884,4,69.3
1885,4,83.6
1886,4,70.0
1887,4,79.1
1888,4,75.0
1889,4,61.8
1890,4,77.6
1891,4,77.6
1892,4,70.8
1893,4,71.1
1894,4,69.1
1895,4,73.2
1896,4,63.7
1897,4,73.0
1898,4,73.8
1899,4,74.9
1900,4,71.0
1901,4,78.8
1902,4,71.7
1903,4,71.1
1904,4,69.4
1905,4,66.1
1906,4,71.6
1907,4,58.6
1908,4,88.8
1909,4,64.7
1910,4,86.5
1911,4,62.4
1912,4,69.2
1913,4,79.4
1914,4,70.5
1915,4,60.2
1916,4,60.6
1917,4,72.1
1918,4,72.8
1919,4,80.4
1920,4,71.3
1921,4,75.2
1922,4,70.5
1923,4,72.1
1924,4,63.1
1925,4,74.0
1926,4,70.1
1927,4,68.3
1928,4,69.9
1929,4,72.9
1930,4,61.2
1931,4,83.1
1932,4,65.4
1933,4,65.9
1934,4,67.0
1935,4,75.9
1936,4,69.4
1937,4,62.9
1938,4,70.4
1939,4,63.2
1940,4,62.2
1941,4,72.9
1942,4,55.0
1943,4,54.4
1944,4,77.3
1945,4,60.2
1946,4,61.2
1947,4,60.1
1948,4,68.3
1949,4,74.9
1950,4,78.6
1951,4,67.2
1952,4,60.8
1953,4,78.1
1954,4,71.2
1955,4,84.7
1956,4,74.9
1957,4,78.9
1958,4,75.1
1959,4,85.7
1960,4,57.0
1961,4,75.9
1962,4,67.9
1963,4,79.0
1964,4,62.8
1965,4,56.4
1966,4,76.4
1967,4,69.0
1968,4,75.0
1969,4,63.0
1970,4,67.1
1971,4,74.4
1972,4,71.5
1973,4,77.8
1974,4,77.5
1975,4,61.6
1976,4,59.6
1977,4,60.3
1978,4,80.2
1979,4,68.0
1980,4,59.1
1981,4,74.8
1982,4,72.6
1983,4,74.2
1984,4,69.0
1985,4,77.6
1986,4,54.5
1987,4,75.7
1988,4,75.0
1989,4,66.6
1990,4,79.5
1991,4,66.8
1992,4,62.1
1993,4,52.5
1994,4,74.3
1995,4,67.1
1996,4,64.1
1997,4,72.5
1998,4,68.8
1999,4,76.8
2000,4,64.0
2001,4,64.6
2002,4,72.7
2003,4,81.2
2004,4,76.9
2005,4,68.9
2006,4,70.3
2007,4,75.5
2008,4,78.0
2009,4,74.7
2010,4,70.5
2011,4,67.2
2012,4,62.3
2013,4,72.8
2014,4,78.4
2015,4,77.0
2016,4,68.0
2017,4,84.6
2018,4,68.5
2019,4,70.4
2020,4,80.2
2021,4,79.7
2022,4,74.0
2023,4,76.8
2024,4,71.3
2025,4,71.7
2026,4,79.9
2027,4,70.6
2028,4,80.9
2029,4,66.0
2030,4,74.1
2031,4,74.5
2032,4,78.1
2033,4,76.5
2034,4,59.0
2035,4,72.0
2036,4,70.0
2037,4,73.6
2038,4,70.5
2039,4,62.9
2040,4,70.4
2041,4,81.5
2042,4,65.9
2043,4,80.8
2044,4,62.6
2045,4,65.1
2046,4,78.6
2047,4,70.1
2048,4,66.7
2049,4,69.3
2050,4,75.4
2051,4,78.1
2052,4,73.6
2053,4,80.4
2054,4,59.2
2055,4,76.6
2056,4,66.7
2057,4,71.2
2058,4,70.8
2059,4,70.8
2060,4,70.1
2061,4,66.2
2062,4,67.7
2063,4,70.7
2064,4,71.1
2065,4,78.5
2066,4,75.1
2067,4,84.9
2068,4,80.8
2069,4,60.9
2070,4,78.6
2071,4,71.1
2072,4,66.9
2073,4,72.1
2074,4,74.9
2075,4,75.8
2076,4,81.1
2077,4,64.4
2078,4,63.5
2079,4,67.5
2080,4,76.6
2081,4,62.7
2082,4,63.8
2083,4,76.9
2084,4,68.8
2085,4,77.5
2086,4,74.5
2087,4,78.1
2088,4,71.9
2089,4,74.5
2090,4,72.1
2091,4,68.7
2092,4,67.1
2093,4,66.8
2094,4,68.2
2095,4,80.1
2096,4,60.4
2097,4,67.6
2098,4,84.5
2099,4,83.4
2100,4,60.9
2101,4,73.6
2102,4,72.6
2103,4,83.1
2104,4,69.8
2105,4,70.6
2106,4,81.6
2107,4,74.2
2108,4,66.8
2109,4,74.4
2110,4,70.8
2111,4,74.4
2112,4,71.5
2113,4,78.9
2114,4,80.4
2115,4,62.7
2116,4,63.9
2117,4,65.5
2118,4,70.9
2119,4,70.7
2120,4,72.1
2121,4,74.7
2122,4,75.0
2123,4,72.5
2124,4,77.6
2125,4,78.6
2126,4,75.7
2127,4,69.4
2128,4,74.8
2129,4,67.3
2130,4,81.0
2131,4,75.1
2132,4,79.2
2133,4,52.9
2134,4,66.9
2135,4,78.6
2136,4,69.4
2137,4,74.9
2138,4,67.2
2139,4,80.4
2140,4,72.4
2141,4,79.8
2142,4,72.3
2143,4,60.0
2144,4,69.4
2145,4,73.5
2146,4,70.6
2147,4,78.1
2148,4,76.1
2149,4,72.6
2150,4,62.5
2151,4,72.9
2152,4,76.7
2153,4,69.7
2154,4,80.6
2155,4,73.8
2156,4,70.0
2157,4,56.8
2158,4,71.4
2159,4,57.0
2160,4,74.1
2161,4,69.0
2162,4,74.2
2163,4,68.6
2164,4,74.4
2165,4,79.2
2166,4,64.3
2167,4,66.3
2168,4,68.4
2169,4,76.1
2170,4,72.7
2171,4,53.6
2172,4,78.8
2173,4,69.1
2174,4,73.7
2175,4,76.4
2176,4,79.1
2177,4,83.4
2178,4,65.9
2179,4,59.4
2180,4,73.7
2181,4,63.1
2182,4,83.9
2183,4,59.3
2184,4,76.8
2185,4,55.5
2186,4,77.3
2187,4,67.7
2188,4,73.0
2189,4,75.9
2190,4,69.8
2191,4,70.2
2192,4,83.9
2193,4,66.5
2194,4,58.7
2195,4,75.8
2196,4,72.2
2197,4,61.8
2198,4,61.8
2199,4,80.8
2200,4,61.8
2201,4,80.5
2202,4,68.1
2203,4,70.7
2204,4,69.0
2205,4,71.5
2206,4,78.8
2207,4,57.4
2208,4,75.1
2209,4,53.8
2210,4,67.9
2211,4,63.3
2212,4,71.0
2213,4,82.7
2214,4,73.4
2215,4,71.7
2216,4,71.5
2217,4,65.4
2218,4,86.1
2219,4,67.5
2220,4,69.0
2221,4,67.6
2222,4,73.8
2223,4,78.9
2224,4,60.9
2225,4,73.4
2226,4,62.8
2227,4,70.3
2228,4,80.8
2229,4,72.4
2230,4,72.2
2231,4,68.0
2232,4,71.8
2233,4,69.5
2234,4,75.5
2235,4,64.2
2236,4,64.2
2237,4,69.5
2238,4,67.7
2239,4,65.8
2240,4,60.7
2241,4,83.8
2242,4,68.9
2243,4,72.1
2244,4,57.1
2245,4,70.9
2246,4,66.2
2247,4,58.6
2248,4,67.7
2249,4,74.3
2250,4,70.3
2251,4,69.8
2252,4,74.3
2253,4,80.0
2254,4,62.0
2255,4,63.4
2256,4,66.1
2257,4,66.6
2258,4,62.0
2259,4,67.0
2260,4,62.0
2261,4,80.7
2262,4,70.7
2263,4,70.1
2264,4,73.7
2265,4,71.6
2266,4,78.9
2267,4,63.4
2268,4,76.2
2269,4,71.7
2270,4,70.1
2271,4,74.1
2272,4,83.4
2273,4,80.9
2274,4,72.3
2275,4,78.3
2276,4,73.6
2277,4,66.5
2278,4,80.7
2279,4,83.4
2280,4,71.9
2281,4,51.4
2282,4,89.5
2283,4,67.7
2284,4,64.1
2285,4,82.3
2286,4,74.1
2287,4,72.7
2288,4,64.8
2289,4,86.5
2290,4,81.9
2291,4,65.5
2292,4,76.3
2293,4,67.4
2294,4,67.5
2295,4,77.2
2296,4,69.4
2297,4,67.4
2298,4,73.9
2299,4,78.3
2300,4,71.0
2301,4,64.5
2302,4,70.6
2303,4,67.5
2304,4,73.1
2305,4,63.3
2306,4,63.1
2307,4,74.0
2308,4,76.3
2309,4,54.7
2310,4,70.2
2311,4,75.8
2312,4,71.0
2313,4,75.5
2314,4,59.6
2315,4,73.5
2316,4,65.2
2317,4,67.7
2318,4,59.3
2319,4,62.9
2320,4,70.1
2321,4,59.3
2322,4,65.0
2323,4,62.4
2324,4,57.4
2325,4,64.3
2326,4,60.1
2327,4,70.0
2328,4,67.5
2329,4,71.7
2330,4,77.0
2331,4,75.8
2332,4,76.6
2333,4,75.8
2334,4,54.6
2335,4,51.9
2336,4,66.4
2337,4,78.7
2338,4,63.7
2339,4,71.0
2340,4,74.0
2341,4,80.3
2342,4,76.1
2343,4,70.2
2344,4,70.8
2345,4,68.2
2346,4,65.7
2347,4,68.5
2348,4,79.1
2349,4,63.3
2350,4,64.6
2351,4,60.0
2352,4,67.2
2353,4,67.8
2354,4,79.7
2355,4,75.8
2356,4,69.2
2357,4,77.5
2358,4,67.9
2359,4,82.0
2360,4,72.2
2361,4,49.4
2362,4,66.5
2363,4,74.6
2364,4,72.6
2365,4,69.9
2366,4,64.8
2367,4,64.3
2368,4,70.4
2369,4,79.9
2370,4,59.5
2371,4,66.2
2372,4,77.1
2373,4,60.6
2374,4,72.8
2375,4,55.1
2376,4,60.6
2377,4,63.6
2378,4,87.9
2379,4,71.9
2380,4,80.2
2381,4,78.0
2382,4,80.2
2383,4,78.9
2384,4,83.5
2385,4,66.4
2386,4,70.5
2387,4,67.0
2388,4,69.6
2389,4,64.2
2390,4,77.1
2391,4,78.8
2392,4,62.2
2393,4,82.4
2394,4,73.5
2395,4,54.8
2396,4,75.0
2397,4,64.2
2398,4,80.6
2399,4,76.4
2400,4,60.0
2401,4,75.2
2402,4,61.6
2403,4,69.3
2404,4,74.3
2405,4,65.0
2406,4,57.4
2407,4,72.8
2408,4,58.0
2409,4,80.5
2410,4,72.8
2411,4,67.9
2412,4,62.4
2413,4,70.0
2414,4,85.2
2415,4,66.9
2416,4,81.3
2417,4,79.7
2418,4,69.0
2419,4,75.5
2420,4,70.1
2421,4,71.1
2422,4,80.2
2423,4,72.8
2424,4,82.0
2425,4,66.8
2426,4,72.0
2427,4,66.9
2428,4,65.0
2429,4,88.9
2430,4,79.8
2431,4,77.8
2432,4,77.0
2433,4,54.1
2434,4,80.1
2435,4,72.4
2436,4,76.2
2437,4,80.5
2438,4,74.7
2439,4,78.9
2440,4,81.5
2441,4,71.2
2442,4,67.3
2443,4,61.8
2444,4,75.9
2445,4,65.6
2446,4,76.5
2447,4,66.2
2448,4,82.4
2449,4,80.0
2450,4,70.8
2451,4,73.6
2452,4,78.5
2453,4,66.3
2454,4,73.5
2455,4,61.9
2456,4,69.7
2457,4,67.1
2458,4,85.6
2459,4,73.6
2460,4,61.9
2461,4,85.2
2462,4,65.8
2463,4,78.1
2464,4,65.6
2465,4,64.7
2466,4,70.5
2467,4,71.6
2468,4,78.1
2469,4,71.0
2470,4,55.4
2471,4,79.3
2472,4,74.4
2473,4,62.9
2474,4,76.4
2475,4,71.0
2476,4,70.6
2477,4,69.2
2478,4,65.7
2479,4,69.7
2480,4,75.8
2481,4,63.1
2482,4,61.1
2483,4,66.7
2484,4,68.6
2485,4,70.9
2486,4,90.1
2487,4,71.9
2488,4,68.9
2489,4,80.6
2490,4,81.1
2491,4,64.6
2492,4,66.5
2493,4,68.9
2494,4,69.1
2495,4,72.0
2496,4,63.8
2497,4,69.7
2498,4,74.2
2499,4,76.4
2500,4,50.7
2501,4,75.6
2502,4,68.0
2503,4,68.9
2504,4,78.0
2505,4,75.7
2506,4,66.7
2507,4,74.5
2508,4,77.5
2509,4,72.4
2510,4,71.2
2511,4,70.3
2512,4,64.1
2513,4,65.1
2514,4,69.1
2515,4,58.8
2516,4,61.1
2517,4,86.1
2518,4,72.5
2519,4,62.0
2520,4,65.5
2521,4,70.2
2522,4,63.0
2523,4,70.3
2524,4,84.6
2525,4,74.4
2526,4,73.8
2527,4,59.8
2528,4,64.7
2529,4,80.7
2530,4,73.0
2531,4,79.9
2532,4,64.7
2533,4,76.1
2534,4,71.4
2535,4,75.5
2536,4,80.7
2537,4,75.1
2538,4,76.0
2539,4,71.4
2540,4,69.8
2541,4,69.2
2542,4,80.5
2543,4,83.6
2544,4,73.1
2545,4,61.1
2546,4,71.7
2547,4,75.1
2548,4,76.5
2549,4,64.1
2550,4,76.9
2551,4,62.1
2552,4,76.0
2553,4,73.4
2554,4,67.8
2555,4,71.5
2556,4,55.4
2557,4,77.9
2558,4,76.6
2559,4,74.9
2560,4,70.7
2561,4,68.3
2562,4,74.5
2563,4,65.7
2564,4,57.2
2565,4,72.6
2566,4,80.8
2567,4,67.6
2568,4,75.2
2569,4,63.9
2570,4,64.0
2571,4,73.2
2572,4,74.4
2573,4,68.3
2574,4,79.6
2575,4,76.8
2576,4,67.6
2577,4,66.5
2578,4,63.6
2579,4,82.6
2580,4,71.7
2581,4,69.3
2582,4,62.8
2583,4,75.2
2584,4,66.1
2585,4,63.5
2586,4,74.0
2587,4,66.1
2588,4,71.9
2589,4,63.9
2590,4,67.1
2591,4,72.2
2592,4,71.2
2593,4,77.2
2594,4,70.6
2595,4,63.4
2596,4,64.2
2597,4,61.4
2598,4,68.5
2599,4,65.5
2600,4,69.3
2601,4,83.6
2602,4,70.4
2603,4,59.5
2604,4,61.3
2605,4,81.3
2606,4,78.8
2607,4,69.9
2608,4,74.9
2609,4,68.0
2610,4,64.9
2611,4,68.3
2612,4,88.8
2613,4,79.3
2614,4,68.8
2615,4,58.3
2616,4,71.4
2617,4,64.4
2618,4,76.0
2619,4,72.8
2620,4,78.3
2621,4,85.2
2622,4,78.9
2623,4,82.4
2624,4,76.3
2625,4,68.1
2626,4,72.9
2627,4,70.7
2628,4,83.3
2629,4,71.1
2630,4,74.3
2631,4,60.9
2632,4,73.5
2633,4,69.2
2634,4,61.9
2635,4,79.2
2636,4,65.0
2637,4,73.5
2638,4,75.0
2639,4,64.8
2640,4,81.5
2641,4,53.4
2642,4,80.4
2643,4,57.5
2644,4,81.3
2645,4,81.2
2646,4,74.0
2647,4,74.5
2648,4,72.0
2649,4,60.8
2650,4,82.3
2651,4,65.9
2652,4,66.5
2653,4,69.2
2654,4,67.7
2655,4,71.7
2656,4,68.4
2657,4,64.9
2658,4,82.3
2659,4,78.0
2660,4,68.0
2661,4,77.2
2662,4,72.5
2663,4,85.4
2664,4,77.3
2665,4,69.9
2666,4,60.5
2667,4,74.8
2668,4,73.8
2669,4,65.3
2670,4,68.9
2671,4,69.2
2672,4,75.0
2673,4,79.0
2674,4,77.0
2675,4,70.8
2676,4,62.5
2677,4,68.4
2678,4,82.9
2679,4,69.1
2680,4,66.8
2681,4,69.6
2682,4,83.2
2683,4,73.0
2684,4,68.7
2685,4,72.2
2686,4,72.5
2687,4,60.8
2688,4,77.5
2689,4,75.3
2690,4,64.4
2691,4,65.2
2692,4,71.6
2693,4,77.2
2694,4,62.2
2695,4,69.4
2696,4,64.5
2697,4,63.1
2698,4,65.7
2699,4,73.4
2700,4,67.3
2701,4,72.4
2702,4,74.5
2703,4,58.0
2704,4,62.7
2705,4,72.9
2706,4,68.9
2707,4,66.5
2708,4,68.7
2709,4,78.2
2710,4,71.7
2711,4,69.4
2712,4,80.6
2713,4,75.8
2714,4,87.4
2715,4,58.5
2716,4,56.9
2717,4,71.7
2718,4,58.8
2719,4,79.8
2720,4,79.3
2721,4,68.7
2722,4,62.1
2723,4,68.6
2724,4,68.8
2725,4,84.4
2726,4,74.7
2727,4,78.4
2728,4,69.9
2729,4,71.0
2730,4,64.4
2731,4,62.8
2732,4,73.5
2733,4,75.3
2734,4,60.5
2735,4,71.8
2736,4,66.2
2737,4,69.9
2738,4,72.8
2739,4,65.9
2740,4,60.9
2741,4,70.5
2742,4,72.3
2743,4,72.3
2744,4,75.0
2745,4,68.8
2746,4,68.7
2747,4,77.3
2748,4,72.6
2749,4,76.1
2750,4,55.1
2751,4,85.3
2752,4,61.0
2753,4,65.8
2754,4,65.6
2755,4,68.3
2756,4,71.1
2757,4,67.0
2758,4,73.0
2759,4,81.5
2760,4,65.0
2761,4,80.9
2762,4,73.8
2763,4,75.4
2764,4,77.5
2765,4,73.3
2766,4,67.2
2767,4,60.3
2768,4,73.9
2769,4,67.2
2770,4,83.4
2771,4,65.9
2772,4,68.7
2773,4,69.5
2774,4,71.0
2775,4,68.8
2776,4,62.8
2777,4,79.0
2778,4,79.7
2779,4,67.7
2780,4,59.4
2781,4,63.0
2782,4,67.2
2783,4,77.7
2784,4,60.4
2785,4,75.6
2786,4,63.5
2787,4,74.3
2788,4,75.6
2789,4,75.1
2790,4,71.5
2791,4,64.9
2792,4,78.1
2793,4,70.8
2794,4,72.1
2795,4,72.7
2796,4,71.2
2797,4,79.6
2798,4,74.4
2799,4,77.6
2800,4,72.9
2801,4,75.1
2802,4,74.4
2803,4,74.8
2804,4,81.6
2805,4,74.0
2806,4,69.5
2807,4,75.8
2808,4,77.4
2809,4,66.2
2810,4,67.4
2811,4,65.3
2812,4,65.6
2813,4,67.7
2814,4,80.9
2815,4,68.1
2816,4,76.0
2817,4,72.6
2818,4,70.1
2819,4,65.6
2820,4,58.3
2821,4,87.0
2822,4,77.2
2823,4,69.5
2824,4,67.8
2825,4,69.3
2826,4,72.6
2827,4,76.2
2828,4,74.6
2829,4,64.0
2830,4,71.1
2831,4,79.1
2832,4,51.6
2833,4,77.9
2834,4,71.7
2835,4,68.9
2836,4,66.7
2837,4,71.0
2838,4,72.2
2839,4,72.3
2840,4,64.9
2841,4,74.6
2842,4,76.2
2843,4,76.0
2844,4,77.2
2845,4,69.7
2846,4,66.1
2847,4,74.1
2848,4,68.6
2849,4,71.1
2850,4,60.4
2851,4,50.7
2852,4,77.0
2853,4,78.5
2854,4,71.4
2855,4,76.0
2856,4,73.6
2857,4,68.6
2858,4,73.7
2859,4,72.1
2860,4,72.3
2861,4,62.2
2862,4,62.2
2863,4,70.4
2864,4,66.5
2865,4,75.7
2866,4,71.0
2867,4,79.0
2868,4,69.4
2869,4,84.8
2870,4,79.1
2871,4,70.9
2872,4,56.2
2873,4,71.7
2874,4,80.4
2875,4,67.3
2876,4,71.3
2877,4,71.5
2878,4,63.9
2879,4,81.0
2880,4,79.8
2881,4,68.1
2882,4,76.5
2883,4,83.8
2884,4,61.3
2885,4,78.1
2886,4,67.5
2887,4,67.6
2888,4,74.7
2889,4,63.3
2890,4,72.9
2891,4,74.0
2892,4,75.9
2893,4,74.8
2894,4,67.5
2895,4,80.2
2896,4,70.0
2897,4,61.7
2898,4,70.6
2899,4,71.0
2900,4,61.3
2901,4,67.0
2902,4,79.2
2903,4,72.7
2904,4,66.8
2905,4,70.3
2906,4,74.1
2907,4,62.0
2908,4,73.6
2909,4,76.5
2910,4,82.7
2911,4,70.4
2912,4,77.7
2913,4,64.7
2914,4,75.4
2915,4,70.6
2916,4,60.3
2917,4,66.0
2918,4,73.6
2919,4,78.2
2920,4,62.4
2921,4,51.4
2922,4,79.3
2923,4,69.9
2924,4,65.2
2925,4,76.6
2926,4,71.7
2927,4,64.7
2928,4,68.7
2929,4,66.0
2930,4,68.3
2931,4,70.2
2932,4,79.9
2933,4,67.3
2934,4,76.6
2935,4,69.1
2936,4,86.6
2937,4,69.3
2938,4,69.7
2939,4,83.6
2940,4,82.0
2941,4,70.3
2942,4,74.0
2943,4,62.9
2944,4,63.0
2945,4,68.8
2946,4,70.2
2947,4,64.8
2948,4,80.9
2949,4,74.0
2950,4,75.1
2951,4,60.5
2952,4,67.1
2953,4,75.6
2954,4,79.1
2955,4,63.4
2956,4,63.7
2957,4,79.2
2958,4,73.8
2959,4,69.2
2960,4,72.0
2961,4,86.3
2962,4,70.6
2963,4,64.4
2964,4,68.2
2965,4,77.6
2966,4,65.6
2967,4,74.3
2968,4,55.3
2969,4,69.0
2970,4,84.7
2971,4,76.7
2972,4,63.1
2973,4,72.4
2974,4,69.2
2975,4,58.9
2976,4,76.0
2977,4,60.5
2978,4,67.1
2979,4,70.1
2980,4,77.9
2981,4,78.9
2982,4,80.7
2983,4,64.1
2984,4,83.2
2985,4,74.1
2986,4,71.2
2987,4,74.2
2988,4,52.8
2989,4,72.0
2990,4,75.0
2991,4,59.8
2992,4,88.1
2993,4,65.6
2994,4,81.7
2995,4,76.7
2996,4,82.2
2997,4,64.4
2998,4,68.9
2999,4,63.1
3000,4,72.2
1,5,83.8
2,5,68.8
3,5,79.7
4,5,78.1
5,5,73.9
6,5,75.9
7,5,66.4
8,5,69.1
9,5,59.4
10,5,74.4
11,5,73.8
12,5,73.9
13,5,68.7
14,5,74.5
15,5,77.9
16,5,75.4
17,5,71.1
18,5,79.3
19,5,71.1
20,5,78.0
21,5,64.4
22,5,70.4
23,5,74.8
24,5,73.0
25,5,66.1
26,5,75.4
27,5,73.5
28,5,67.4
29,5,77.0
30,5,70.2
31,5,64.2
32,5,69.3
33,5,75.8
34,5,64.2
35,5,68.9
36,5,73.7
37,5,65.1
38,5,61.8
39,5,74.1
40,5,74.4
41,5,67.7
42,5,77.9
43,5,74.5
44,5,76.0
45,5,59.6
46,5,66.7
47,5,75.4
48,5,61.1
49,5,73.1
50,5,60.4
51,5,75.4
52,5,71.8
53,5,75.8
54,5,77.2
55,5,68.0
56,5,72.2
57,5,69.4
58,5,75.3
59,5,66.8
60,5,65.7
61,5,68.8
62,5,63.2
63,5,66.9
64,5,81.7
65,5,74.6
66,5,65.1
67,5,65.9
68,5,89.2
69,5,55.8
70,5,75.2
71,5,71.5
72,5,60.8
73,5,78.7
74,5,64.5
75,5,80.5
76,5,66.7
77,5,80.7
78,5,72.7
79,5,71.5
80,5,77.8
81,5,84.0
82,5,62.1
83,5,74.8
84,5,73.1
85,5,61.6
86,5,72.5
87,5,73.3
88,5,70.5
89,5,50.8
90,5,62.0
91,5,78.9
92,5,70.2
93,5,63.5
94,5,66.3
95,5,71.2
96,5,69.3
97,5,67.0
98,5,63.5
99,5,83.8
100,5,73.9
101,5,74.6
102,5,74.9
103,5,67.2
104,5,63.0
105,5,67.0
106,5,72.3
107,5,69.3
108,5,62.7
109,5,70.4
110,5,76.0
111,5,73.2
112,5,77.0
113,5,67.3
114,5,72.2
115,5,68.6
116,5,76.4
117,5,54.5
118,5,77.8
119,5,70.4
120,5,74.1
121,5,76.1
122,5,83.3
123,5,78.3
124,5,65.9
125,5,79.9
126,5,70.1
127,5,64.4
128,5,64.1
129,5,65.7
130,5,76.0
131,5,73.6
132,5,70.9
133,5,80.6
134,5,75.5
135,5,80.9
136,5,64.3
137,5,63.0
138,5,71.4
139,5,63.4
140,5,69.4
141,5,65.9
142,5,73.5
143,5,51.5
144,5,60.3
145,5,60.1
146,5,66.4
147,5,71.9
148,5,70.2
149,5,68.8
150,5,71.0
151,5,74.4
152,5,67.2
153,5,66.2
154,5,71.2
155,5,78.6
156,5,71.9
157,5,73.6
158,5,80.6
159,5,65.0
160,5,71.2
161,5,66.8
162,5,65.2
163,5,80.6
164,5,54.9
165,5,80.0
166,5,71.2
167,5,66.6
168,5,72.7
169,5,75.8
170,5,54.6
171,5,58.4
172,5,81.0
173,5,73.2
174,5,89.7
175,5,72.2
176,5,72.6
177,5,72.6
178,5,71.9
179,5,76.7
180,5,77.6
181,5,62.6
182,5,79.4
183,5,72.6
184,5,69.1
185,5,69.5
186,5,63.9
187,5,85.1
188,5,79.2
189,5,64.1
190,5,81.6
191,5,58.1
192,5,71.6
193,5,71.3
194,5,59.4
195,5,71.8
196,5,81.3
197,5,68.0
198,5,78.8
199,5,65.7
200,5,72.5
201,5,69.0
202,5,67.4
203,5,60.8
204,5,58.8
205,5,77.1
206,5,84.0
207,5,73.4
208,5,72.6
209,5,84.3
210,5,71.3
211,5,57.1
212,5,62.5
213,5,72.4
214,5,74.6
215,5,61.1
216,5,86.4
217,5,61.9
218,5,80.8
219,5,71.3
220,5,59.5
221,5,80.1
222,5,67.2
223,5,66.7
224,5,78.0
225,5,65.1
226,5,82.2
227,5,73.1
228,5,73.1
229,5,61.2
230,5,87.7
231,5,63.4
232,5,65.1
233,5,72.8
234,5,77.3
235,5,67.3
236,5,61.5
237,5,60.5
238,5,72.5
239,5,68.1
240,5,64.6
241,5,70.2
242,5,73.9
243,5,55.1
244,5,60.4
245,5,75.4
246,5,61.2
247,5,68.4
248,5,70.8
249,5,66.8
250,5,66.3
251,5,79.4
252,5,64.8
253,5,82.5
254,5,63.8
255,5,69.8
256,5,80.1
257,5,77.4
258,5,70.2
259,5,63.3
260,5,58.3
261,5,74.9
262,5,58.5
263,5,62.5
264,5,73.4
265,5,74.8
266,5,55.9
267,5,71.7
268,5,66.4
269,5,72.6
270,5,64.8
271,5,64.7
272,5,63.3
273,5,76.9
274,5,62.7
275,5,79.2
276,5,82.5
277,5,62.2
278,5,60.2
279,5,69.2
280,5,72.4
281,5,68.9
282,5,50.4
283,5,75.0
284,5,62.1
285,5,64.5
286,5,63.9
287,5,69.5
288,5,78.2
289,5,66.5
290,5,83.0
291,5,76.1
292,5,62.8
293,5,71.0
294,5,74.8
295,5,61.5
296,5,72.9
297,5,68.9
298,5,78.0
299,5,80.1
300,5,64.9
301,5,80.1
302,5,79.2
303,5,53.8
304,5,74.7
305,5,73.9
306,5,53.5
307,5,79.4
308,5,69.7
309,5,66.0
310,5,69.0
311,5,61.8
312,5,67.3
313,5,71.7
314,5,70.2
315,5,77.3
316,5,78.6
317,5,77.9
318,5,74.3
319,5,74.8
320,5,68.2
321,5,69.4
322,5,71.1
323,5,58.7
324,5,61.0
325,5,73.6
326,5,66.4
327,5,62.4
328,5,70.0
329,5,62.8
330,5,77.4
331,5,75.2
332,5,66.3
333,5,75.7
334,5,60.5
335,5,65.2
336,5,67.0
337,5,71.9
338,5,61.3
339,5,73.8
340,5,68.9
341,5,69.9
342,5,74.2
343,5,78.9
344,5,68.6
345,5,76.6
346,5,71.0
347,5,75.4
348,5,75.4
349,5,67.4
350,5,72.6
351,5,62.9
352,5,69.1
353,5,78.2
354,5,66.0
355,5,74.5
356,5,56.0
357,5,76.8
358,5,71.7
359,5,69.0
360,5,70.8
361,5,76.2
362,5,65.9
363,5,70.1
364,5,75.9
365,5,83.9
366,5,65.7
367,5,67.3
368,5,72.3
369,5,84.8
370,5,66.6
371,5,83.1
372,5,68.6
373,5,64.0
374,5,74.6
375,5,90.1
376,5,73.2
377,5,68.3
378,5,75.0
379,5,81.3
380,5,74.4
381,5,78.1
382,5,82.2
383,5,78.3
384,5,60.6
385,5,68.1
386,5,68.2
387,5,62.6
388,5,76.8
389,5,71.9
390,5,70.8
391,5,69.2
392,5,75.2
393,5,72.9
394,5,72.4
395,5,68.2
396,5,68.3
397,5,62.3
398,5,74.1
399,5,62.0
400,5,80.4
401,5,82.8
402,5,74.2
403,5,72.2
404,5,71.9
405,5,66.8
406,5,71.3
407,5,64.8
408,5,56.9
409,5,60.3
410,5,60.8
411,5,67.8
412,5,62.3
413,5,72.0
414,5,65.5
415,5,67.8
416,5,68.7
417,5,78.4
418,5,77.4
419,5,66.4
420,5,56.5
421,5,75.1
422,5,68.6
423,5,70.7
424,5,69.9
425,5,56.9
426,5,70.5
427,5,62.8
428,5,77.3
429,5,66.6
430,5,77.8
431,5,69.6
432,5,68.0
433,5,58.1
434,5,65.8
435,5,67.1
436,5,66.8
437,5,71.4
438,5,75.4
439,5,58.3
440,5,59.1
441,5,64.0
442,5,56.9
443,5,83.5
444,5,57.3
445,5,63.0
446,5,80.8
447,5,76.1
448,5,66.0
449,5,64.8
450,5,66.6
451,5,83.4
452,5,67.4
453,5,64.1
454,5,64.7
455,5,74.9
456,5,74.8
457,5,75.5
458,5,75.2
459,5,78.4
460,5,67.9
461,5,72.8
462,5,63.7
463,5,63.1
464,5,78.8
465,5,73.3
466,5,75.9
467,5,73.3
468,5,68.1
469,5,65.0
470,5,83.5
471,5,68.8
472,5,68.3
473,5,72.6
474,5,68.6
475,5,62.3
476,5,62.8
477,5,79.9
478,5,73.7
479,5,62.8
480,5,76.5
481,5,70.0
482,5,68.9
483,5,84.1
484,5,72.6
485,5,78.6
486,5,60.1
487,5,74.4
488,5,76.7
489,5,76.3
490,5,70.7
491,5,70.9
492,5,68.0
493,5,81.4
494,5,75.6
495,5,72.0
496,5,67.5
497,5,81.1
498,5,63.2
499,5,81.5
500,5,63.3
501,5,81.8
502,5,71.4
503,5,71.1
504,5,65.6
505,5,76.6
506,5,71.5
507,5,75.9
508,5,74.4
509,5,69.5
510,5,75.9
511,5,81.9
512,5,73.2
513,5,74.0
514,5,65.3
515,5,77.3
516,5,67.7
517,5,81.5
518,5,48.8
519,5,68.2
520,5,61.1
521,5,63.1
522,5,76.0
523,5,57.9
524,5,69.7
525,5,78.5
526,5,61.6
527,5,74.6
528,5,78.1
529,5,79.2
530,5,72.2
531,5,62.2
532,5,80.5
533,5,82.6
534,5,64.2
535,5,75.5
536,5,70.8
537,5,71.3
538,5,66.8
539,5,76.3
540,5,68.7
541,5,61.5
542,5,72.5
543,5,71.8
544,5,84.5
545,5,71.5
546,5,71.2
547,5,76.5
548,5,78.5
549,5,71.9
550,5,67.9
551,5,63.8
552,5,68.9
553,5,65.5
554,5,75.2
555,5,68.4
556,5,67.6
557,5,77.9
558,5,69.8
559,5,61.7
560,5,71.6
561,5,81.0
562,5,76.1
563,5,67.9
564,5,55.5
565,5,64.7
566,5,64.9
567,5,72.8
568,5,68.4
569,5,82.8
570,5,76.2
571,5,76.2
572,5,70.5
573,5,82.0
574,5,65.9
575,5,74.9
576,5,67.8
577,5,60.3
578,5,77.6
579,5,77.6
580,5,58.4
581,5,63.2
582,5,79.7
583,5,76.7
584,5,73.2
585,5,66.6
586,5,73.6
587,5,73.5
588,5,62.9
589,5,79.5
590,5,72.5
591,5,64.8
592,5,72.7
593,5,71.6
594,5,77.9
595,5,75.7
596,5,65.0
597,5,70.1
598,5,67.5
599,5,60.8
600,5,73.1
601,5,73.8
602,5,48.6
603,5,80.2
604,5,68.4
605,5,67.4
606,5,66.4
607,5,57.5
608,5,60.4
609,5,78.4
610,5,78.8
611,5,70.0
612,5,78.6
613,5,69.0
614,5,75.6
615,5,75.1
616,5,72.3
617,5,76.2
618,5,62.4
619,5,51.8
620,5,77.7
621,5,72.1
622,5,61.8
623,5,84.3
624,5,61.4
625,5,64.4
626,5,64.7
627,5,68.9
628,5,55.1
629,5,67.1
630,5,78.4
631,5,76.8
632,5,61.8
633,5,73.1
634,5,80.3
635,5,70.6
636,5,68.1
637,5,62.6
638,5,72.3
639,5,71.8
640,5,73.0
641,5,72.2
642,5,69.0
643,5,73.1
644,5,68.7
645,5,71.7
646,5,61.1
647,5,73.1
648,5,74.7
649,5,69.9
650,5,62.7
651,5,63.8
652,5,85.7
653,5,71.0
654,5,56.0
655,5,68.7
656,5,76.4
657,5,73.2
658,5,71.9
659,5,73.9
660,5,85.4
661,5,66.6
662,5,73.4
663,5,66.7
664,5,80.9
665,5,73.7
666,5,76.2
667,5,61.8
668,5,68.4
669,5,74.4
670,5,65.4
671,5,67.8
672,5,64.5
673,5,68.0
674,5,60.8
675,5,76.1
676,5,66.4
677,5,76.1
678,5,72.4
679,5,79.1
680,5,61.6
681,5,76.6
682,5,71.1
683,5,75.1
684,5,73.6
685,5,85.0
686,5,71.4
687,5,67.4
688,5,74.4
689,5,78.9
690,5,77.6
691,5,79.7
692,5,62.6
693,5,69.5
694,5,73.2
695,5,76.1
696,5,75.3
697,5,73.4
698,5,73.3
699,5,74.8
700,5,64.2
701,5,65.6
702,5,73.3
703,5,65.0
704,5,66.5
705,5,79.8
706,5,84.5
707,5,67.4
708,5,70.4
709,5,78.8
710,5,69.7
711,5,68.2
712,5,60.2
713,5,79.7
714,5,74.3
715,5,65.2
716,5,61.2
717,5,64.9
718,5,68.1
719,5,64.4
720,5,75.6
721,5,59.1
722,5,65.3
723,5,74.3
724,5,74.6
725,5,50.1
726,5,85.9
727,5,69.8
728,5,84.8
729,5,60.1
730,5,81.4
731,5,84.3
732,5,72.4
733,5,80.6
734,5,67.9
735,5,77.6
736,5,70.8
737,5,85.9
738,5,69.9
739,5,82.5
740,5,66.2
741,5,51.8
742,5,63.3
743,5,79.3
744,5,61.2
745,5,70.3
746,5,69.1
747,5,78.9
748,5,70.1
749,5,61.9
750,5,74.3
751,5,69.0
752,5,70.6
753,5,84.2
754,5,79.8
755,5,68.9
756,5,76.8
757,5,77.8
758,5,77.4
759,5,65.3
760,5,66.9
761,5,59.8
762,5,80.3
763,5,69.6
764,5,55.8
765,5,74.8
766,5,70.5
767,5,79.0
768,5,68.0
769,5,73.2
770,5,72.2
771,5,68.7
772,5,66.6
773,5,78.6
774,5,88.0
775,5,72.1
776,5,72.5
777,5,67.9
778,5,61.4
779,5,59.3
780,5,66.3
781,5,76.0
782,5,73.8
783,5,71.0
784,5,79.7
785,5,66.5
786,5,69.8
787,5,70.2
788,5,70.3
789,5,58.1
790,5,57.3
791,5,76.3
792,5,72.3
793,5,78.7
794,5,67.0
795,5,73.2
796,5,68.9
797,5,64.3
798,5,67.6
799,5,77.9
800,5,67.7
801,5,83.6
802,5,73.1
803,5,87.0
804,5,75.0
805,5,64.3
806,5,68.0
807,5,73.9
808,5,63.2
809,5,74.9
810,5,64.7
811,5,83.8
812,5,64.8
813,5,72.0
814,5,71.0
815,5,59.3
816,5,85.5
817,5,76.4
818,5,64.1
819,5,76.2
820,5,62.4
821,5,79.9
822,5,71.4
823,5,74.9
824,5,53.3
825,5,69.7
826,5,67.5
827,5,71.2
828,5,58.9
829,5,73.3
830,5,86.9
831,5,79.3
832,5,74.1
833,5,75.4
834,5,62.2
835,5,78.2
836,5,80.3
837,5,66.1
838,5,71.9
839,5,76.7
840,5,64.7
841,5,76.8
842,5,73.7
843,5,62.3
844,5,65.9
845,5,68.9
846,5,84.4
847,5,73.1
848,5,62.9
849,5,70.8
850,5,60.3
851,5,66.3
852,5,75.6
853,5,71.4
854,5,67.7
855,5,74.3
856,5,61.8
857,5,70.1
858,5,71.2
859,5,71.4
860,5,57.2
861,5,67.6
862,5,72.1
863,5,65.5
864,5,72.2
865,5,64.6
866,5,74.4
867,5,77.2
868,5,72.7
869,5,68.3
870,5,77.4
871,5,72.1
872,5,62.7
873,5,70.7
874,5,67.7
875,5,60.6
876,5,59.0
877,5,61.4
878,5,73.9
879,5,60.0
880,5,76.0
881,5,70.5
882,5,69.6
883,5,82.2
884,5,83.1
885,5,68.3
886,5,66.8
887,5,71.9
888,5,72.7
889,5,70.8
890,5,77.5
891,5,66.6
892,5,67.3
893,5,65.1
894,5,72.7
895,5,65.7
896,5,75.2
897,5,72.6
898,5,73.7
899,5,67.5
900,5,84.9
901,5,76.6
902,5,74.9
903,5,71.0
904,5,72.5
905,5,71.3
906,5,67.2
907,5,71.5
908,5,77.6
909,5,68.5
910,5,66.0
911,5,82.9
912,5,78.3
913,5,66.8
914,5,65.1
915,5,80.5
916,5,62.7
917,5,63.4
918,5,66.0
919,5,77.9
920,5,75.3
921,5,60.2
922,5,71.1
923,5,75.0
924,5,59.0
925,5,74.4
926,5,73.3
927,5,78.3
928,5,67.1
929,5,62.6
930,5,71.5
931,5,62.5
932,5,71.3
933,5,67.7
934,5,81.6
935,5,69.7
936,5,64.9
937,5,63.9
938,5,69.3
939,5,81.0
940,5,72.2
941,5,74.7
942,5,80.6
943,5,63.9
944,5,65.9
945,5,87.3
946,5,77.3
947,5,62.5
948,5,65.0
949,5,62.0
950,5,76.2
951,5,75.5
952,5,62.4
953,5,64.4
954,5,61.5
955,5,66.6
956,5,71.2
957,5,78.8
958,5,71.9
959,5,81.2
960,5,61.3
961,5,79.2
962,5,76.8
963,5,56.8
964,5,72.7
965,5,68.4
966,5,71.9
967,5,79.3
968,5,59.7
969,5,63.2
970,5,71.5
971,5,75.7
972,5,81.2
973,5,68.5
974,5,59.3
975,5,67.8
976,5,67.5
977,5,73.7
978,5,66.0
979,5,74.5
980,5,78.9
981,5,70.8
982,5,73.8
983,5,76.4
984,5,66.9
985,5,72.6
986,5,81.7
987,5,70.3
988,5,67.5
989,5,65.3
990,5,78.6
991,5,71.3
992,5,76.6
993,5,61.7
994,5,72.0
995,5,59.5
996,5,72.1
997,5,75.3
998,5,74.8
999,5,67.1
1000,5,68.3
1001,5,93.3
1002,5,74.8
1003,5,67.3
1004,5,64.6
1005,5,81.7
1006,5,87.1
1007,5,78.5
1008,5,76.2
1009,5,72.9
1010,5,66.2
1011,5,76.8
1012,5,69.4
1013,5,50.1
1014,5,66.4
1015,5,69.5
1016,5,80.8
1017,5,67.3
1018,5,78.8
1019,5,58.3
1020,5,64.0
1021,5,60.1
1022,5,65.0
1023,5,67.4
1024,5,74.8
1025,5,72.9
1026,5,65.0
1027,5,71.6
1028,5,67.9
1029,5,59.2
1030,5,70.2
1031,5,54.7
1032,5,74.3
1033,5,72.4
1034,5,68.9
1035,5,86.7
1036,5,69.8
1037,5,77.3
1038,5,65.8
1039,5,62.0
1040,5,74.9
1041,5,72.8
1042,5,78.6
1043,5,67.4
1044,5,62.5
1045,5,75.8
1046,5,74.1
1047,5,73.2
1048,5,72.0
1049,5,60.2
1050,5,72.7
1051,5,58.5
1052,5,63.7
1053,5,80.5
1054,5,58.0
1055,5,68.9
1056,5,74.2
1057,5,68.9
1058,5,78.1
1059,5,64.1
1060,5,67.0
1061,5,74.0
1062,5,74.7
1063,5,68.0
1064,5,66.3
1065,5,64.3
1066,5,83.7
1067,5,74.3
1068,5,64.7
1069,5,62.8
1070,5,68.1
1071,5,67.8
1072,5,73.7
1073,5,74.8
1074,5,72.4
1075,5,55.2
1076,5,68.6
1077,5,66.4
1078,5,81.7
1079,5,75.9
1080,5,73.2
1081,5,72.4
1082,5,73.4
1083,5,78.8
1084,5,70.8
1085,5,61.5
1086,5,69.0
1087,5,70.8
1088,5,72.7
1089,5,70.4
1090,5,69.5
1091,5,72.6
1092,5,70.2
1093,5,75.9
1094,5,76.2
1095,5,68.9
1096,5,70.0
1097,5,80.1
1098,5,67.1
1099,5,79.0
1100,5,71.7
1101,5,72.9
1102,5,68.3
1103,5,57.9
1104,5,78.1
1105,5,73.8
1106,5,63.4
1107,5,63.4
1108,5,66.7
1109,5,87.7
1110,5,79.1
1111,5,67.8
1112,5,84.3
1113,5,82.2
1114,5,72.2
1115,5,69.8
1116,5,68.7
1117,5,76.7
1118,5,73.0
1119,5,64.9
1120,5,64.2
1121,5,62.4
1122,5,63.6
1123,5,73.9
1124,5,58.6
1125,5,78.3
1126,5,74.8
1127,5,69.3
1128,5,82.8
1129,5,78.1
1130,5,69.4
1131,5,56.1
1132,5,60.0
1133,5,73.1
1134,5,73.5
1135,5,67.9
1136,5,87.6
1137,5,66.8
1138,5,83.8
1139,5,85.0
1140,5,72.3
1141,5,65.0
1142,5,69.7
1143,5,65.0
1144,5,74.4
1145,5,67.0
1146,5,70.2
1147,5,73.0
1148,5,74.2
1149,5,89.9
1150,5,67.7
1151,5,77.8
1152,5,77.4
1153,5,69.2
1154,5,72.5
1155,5,74.7
1156,5,68.3
1157,5,70.1
1158,5,66.9
1159,5,84.0
1160,5,59.3
1161,5,92.8
1162,5,75.9
1163,5,75.2
1164,5,60.0
1165,5,67.6
1166,5,56.3
1167,5,82.3
1168,5,65.7
1169,5,70.8
1170,5,66.4
1171,5,62.3
1172,5,83.8
1173,5,68.2
1174,5,73.9
1175,5,68.5
1176,5,67.8
1177,5,69.3
1178,5,77.3
1179,5,72.7
1180,5,73.3
1181,5,68.6
1182,5,74.7
1183,5,78.4
1184,5,71.8
1185,5,79.5
1186,5,74.7
1187,5,79.3
1188,5,81.7
1189,5,70.1
1190,5,57.2
1191,5,70.0
1192,5,71.6
1193,5,64.5
1194,5,76.9
1195,5,58.7
1196,5,62.9
1197,5,70.1
1198,5,76.4
1199,5,64.9
1200,5,60.2
1201,5,78.4
1202,5,62.7
1203,5,68.2
1204,5,60.5
1205,5,65.7
1206,5,73.4
1207,5,82.5
1208,5,58.0
1209,5,77.6
1210,5,76.9
1211,5,57.2
1212,5,63.0
1213,5,63.1
1214,5,80.5
1215,5,79.9
1216,5,70.7
1217,5,67.7
1218,5,61.5
1219,5,59.5
1220,5,62.9
1221,5,69.2
1222,5,80.9
1223,5,73.1
1224,5,70.8
1225,5,67.6
1226,5,69.3
1227,5,84.1
1228,5,78.8
1229,5,66.8
1230,5,73.6
1231,5,80.2
1232,5,75.8
1233,5,63.4
1234,5,63.6
1235,5,77.4
1236,5,61.8
1237,5,63.9
1238,5,56.2
1239,5,79.9
1240,5,54.1
1241,5,76.0
1242,5,62.5
1243,5,59.0
1244,5,73.1
1245,5,71.3
1246,5,68.7
1247,5,75.6
1248,5,72.8
1249,5,74.4
1250,5,73.8
1251,5,67.2
1252,5,91.6
1253,5,52.8
1254,5,68.3
1255,5,75.8
1256,5,64.1
1257,5,58.8
1258,5,52.6
1259,5,65.4
1260,5,80.2
1261,5,61.0
1262,5,67.7
1263,5,70.8
1264,5,64.9
1265,5,74.6
1266,5,80.6
1267,5,70.9
1268,5,87.2
1269,5,64.0
1270,5,58.1
1271,5,80.9
1272,5,88.5
1273,5,67.3
1274,5,72.5
1275,5,65.4
1276,5,68.0
1277,5,81.4
1278,5,63.9
1279,5,83.3
1280,5,63.5
1281,5,78.6
1282,5,78.3
1283,5,71.5
1284,5,69.1
1285,5,59.4
1286,5,65.5
1287,5,83.5
1288,5,65.8
1289,5,58.8
1290,5,81.5
1291,5,63.7
1292,5,78.0
1293,5,67.1
1294,5,75.5
1295,5,72.3
1296,5,66.0
1297,5,75.7
1298,5,76.1
1299,5,77.7
1300,5,76.6
1301,5,74.4
1302,5,68.4
1303,5,67.1
1304,5,63.8
1305,5,69.9
1306,5,62.9
1307,5,76.2
1308,5,83.4
1309,5,61.5
1310,5,74.4
1311,5,63.9
1312,5,67.0
1313,5,67.8
1314,5,70.2
1315,5,79.0
1316,5,68.3
1317,5,76.7
1318,5,67.9
1319,5,70.2
1320,5,67.6
1321,5,80.4
1322,5,69.5
1323,5,65.8
1324,5,64.4
1325,5,63.6
1326,5,72.9
1327,5,66.2
1328,5,69.4
1329,5,79.3
1330,5,70.4
1331,5,77.9
1332,5,63.5
1333,5,57.9
1334,5,75.8
1335,5,75.7
1336,5,62.5
1337,5,78.0
1338,5,77.3
1339,5,82.3
1340,5,77.0
1341,5,81.6
1342,5,72.3
1343,5,76.3
1344,5,67.2
1345,5,77.7
1346,5,70.8
1347,5,69.1
1348,5,90.3
1349,5,72.7
1350,5,77.4
1351,5,62.5
1352,5,65.5
1353,5,64.5
1354,5,79.7
1355,5,68.8
1356,5,73.1
1357,5,72.7
1358,5,77.7
1359,5,68.5
1360,5,69.3
1361,5,72.2
1362,5,70.7
1363,5,87.7
1364,5,81.5
1365,5,72.9
1366,5,74.4
1367,5,60.5
1368,5,66.2
1369,5,80.6
1370,5,63.4
1371,5,80.0
1372,5,64.8
1373,5,58.6
1374,5,81.4
1375,5,64.6
1376,5,78.6
1377,5,83.7
1378,5,72.5
1379,5,68.9
1380,5,71.9
1381,5,54.3
1382,5,85.2
1383,5,75.7
1384,5,48.1
1385,5,58.1
1386,5,69.5
1387,5,71.1
1388,5,62.1
1389,5,73.8
1390,5,55.5
1391,5,59.4
1392,5,72.1
1393,5,68.9
1394,5,66.6
1395,5,76.8
1396,5,73.4
1397,5,72.7
1398,5,70.2
1399,5,68.8
1400,5,77.9
1401,5,81.4
1402,5,78.9
1403,5,73.5
1404,5,72.6
1405,5,80.0
1406,5,69.4
1407,5,80.5
1408,5,60.8
1409,5,70.8
1410,5,69.5
1411,5,58.5
1412,5,72.5
1413,5,70.8
1414,5,76.4
1415,5,84.9
1416,5,69.6
1417,5,83.1
1418,5,66.0
1419,5,73.8
1420,5,64.4
1421,5,64.6
1422,5,75.8
1423,5,76.4
1424,5,75.4
1425,5,65.1
1426,5,65.5
1427,5,63.1
1428,5,80.7
1429,5,76.6
1430,5,82.5
1431,5,58.2
1432,5,79.8
1433,5,69.6
1434,5,63.7
1435,5,72.9
1436,5,58.3
1437,5,79.0
1438,5,77.0
1439,5,84.6
1440,5,71.7
1441,5,70.6
1442,5,59.5
1443,5,77.1
1444,5,67.2
1445,5,61.9
1446,5,73.4
1447,5,73.4
1448,5,67.9
1449,5,88.9
1450,5,72.9
1451,5,62.1
1452,5,66.5
1453,5,84.1
1454,5,74.2
1455,5,79.0
1456,5,74.1
1457,5,66.7
1458,5,70.1
1459,5,72.9
1460,5,81.0
1461,5,89.9
1462,5,72.9
1463,5,77.9
1464,5,78.6
1465,5,76.4
1466,5,75.7
1467,5,73.6
1468,5,79.5
1469,5,55.0
1470,5,77.3
1471,5,87.0
1472,5,75.2
1473,5,72.6
1474,5,72.7
1475,5,73.4
1476,5,83.8
1477,5,67.8
1478,5,70.6
1479,5,65.5
1480,5,66.8
1481,5,75.5
1482,5,69.3
1483,5,79.1
1484,5,77.3
1485,5,80.6
1486,5,64.7
1487,5,67.0
1488,5,65.0
1489,5,73.5
1490,5,72.0
1491,5,75.3
1492,5,72.7
1493,5,56.5
1494,5,65.7
1495,5,72.6
1496,5,69.0
1497,5,64.1
1498,5,73.9
1499,5,72.6
1500,5,71.1
1501,5,71.0
1502,5,75.6
1503,5,65.2
1504,5,70.6
1505,5,75.1
1506,5,72.2
1507,5,61.7
1508,5,59.1
1509,5,73.5
1510,5,63.2
1511,5,77.5
1512,5,61.6
1513,5,50.0
1514,5,77.0
1515,5,74.3
1516,5,60.4
1517,5,74.0
1518,5,78.7
1519,5,65.6
1520,5,84.1
1521,5,81.6
1522,5,79.6
1523,5,69.7
1524,5,76.1
1525,5,73.0
1526,5,60.2
1527,5,81.0
1528,5,65.8
1529,5,71.5
1530,5,69.1
1531,5,69.7
1532,5,79.2
1533,5,68.2
1534,5,77.2
1535,5,63.1
1536,5,71.9
1537,5,69.5
1538,5,78.5
1539,5,58.8
1540,5,76.0
1541,5,65.4
1542,5,78.0
1543,5,62.5
1544,5,66.6
1545,5,71.1
1546,5,63.4
1547,5,55.0
1548,5,68.6
1549,5,71.6
1550,5,59.0
1551,5,68.9
1552,5,68.9
1553,5,58.3
1554,5,64.4
1555,5,77.6
1556,5,82.7
1557,5,75.8
1558,5,75.3
1559,5,72.2
1560,5,71.4
1561,5,75.0
1562,5,82.3
1563,5,75.0
1564,5,67.3
1565,5,76.3
1566,5,72.0
1567,5,71.6
1568,5,84.9
1569,5,56.2
1570,5,60.5
1571,5,75.7
1572,5,60.2
1573,5,68.3
1574,5,79.2
1575,5,72.8
1576,5,83.7
1577,5,75.4
1578,5,72.0
1579,5,68.7
1580,5,67.9
1581,5,69.5
1582,5,87.1
1583,5,67.3
1584,5,79.7
1585,5,80.5
1586,5,64.4
1587,5,74.0
1588,5,86.7
1589,5,58.8
1590,5,66.8
1591,5,74.8
1592,5,62.8
1593,5,65.9
1594,5,81.4
1595,5,60.9
1596,5,82.1
1597,5,75.1
1598,5,72.8
1599,5,71.4
1600,5,79.5
1601,5,77.2
1602,5,59.4
1603,5,73.3
1604,5,63.7
1605,5,77.0
1606,5,74.2
1607,5,54.8
1608,5,70.5
1609,5,80.4
1610,5,78.5
1611,5,68.3
1612,5,74.3
1613,5,69.7
1614,5,70.8
1615,5,68.9
1616,5,70.2
1617,5,71.6
1618,5,83.5
1619,5,65.5
1620,5,73.9
1621,5,81.1
1622,5,70.0
1623,5,73.2
1624,5,51.6
1625,5,57.6
1626,5,64.1
1627,5,83.4
1628,5,70.7
1629,5,74.0
1630,5,72.3
1631,5,62.4
1632,5,59.0
1633,5,59.9
1634,5,78.1
1635,5,68.4
1636,5,75.7
1637,5,76.1
1638,5,81.1
1639,5,79.3
1640,5,76.9
1641,5,67.2
1642,5,65.5
1643,5,74.8
1644,5,70.7
1645,5,72.6
1646,5,63.2
1647,5,75.5
1648,5,81.8
1649,5,74.9
1650,5,71.9
1651,5,71.5
1652,5,71.7
1653,5,78.5
1654,5,69.9
1655,5,85.4
1656,5,59.0
1657,5,64.6
1658,5,69.6
1659,5,75.4
1660,5,66.6
1661,5,55.5
1662,5,60.6
1663,5,74.6
1664,5,70.5
1665,5,76.0
1666,5,67.6
1667,5,62.5
1668,5,65.9
1669,5,63.1
1670,5,80.5
1671,5,66.2
1672,5,69.9
1673,5,70.4
1674,5,65.8
1675,5,53.8
1676,5,71.9
1677,5,63.3
1678,5,73.7
1679,5,64.0
1680,5,61.9
1681,5,81.8
1682,5,85.9
1683,5,61.8
1684,5,55.1
1685,5,61.5
1686,5,69.7
1687,5,64.1
1688,5,62.7
1689,5,84.4
1690,5,77.8
1691,5,67.8
1692,5,56.4
1693,5,56.6
1694,5,64.8
1695,5,75.4
1696,5,67.1
1697,5,70.4
1698,5,72.1
1699,5,68.5
1700,5,61.4
1701,5,68.8
1702,5,68.7
1703,5,73.8
1704,5,69.9
1705,5,71.8
1706,5,60.5
1707,5,74.2
1708,5,80.0
1709,5,64.9
1710,5,71.5
1711,5,71.2
1712,5,61.4
1713,5,68.0
1714,5,68.7
1715,5,60.2
1716,5,64.0
1717,5,68.4
1718,5,70.0
1719,5,72.7
1720,5,68.0
1721,5,79.6
1722,5,65.9
1723,5,66.0
1724,5,70.6
1725,5,72.6
1726,5,66.8
1727,5,81.7
1728,5,80.0
1729,5,73.3
1730,5,68.9
1731,5,77.1
1732,5,74.5
1733,5,69.0
1734,5,60.5
1735,5,72.0
1736,5,59.5
1737,5,63.8
1738,5,73.1
1739,5,64.6
1740,5,86.8
1741,5,78.7
1742,5,69.5
1743,5,82.0
1744,5,69.1
1745,5,66.5
1746,5,72.4
1747,5,81.1
1748,5,60.1
1749,5,64.2
1750,5,63.7
1751,5,59.3
1752,5,69.9
1753,5,61.6
1754,5,62.7
1755,5,83.8
1756,5,79.3
1757,5,78.6
1758,5,73.9
1759,5,69.0
1760,5,70.4
1761,5,67.7
1762,5,83.9
1763,5,73.7
1764,5,72.1
1765,5,65.4
1766,5,61.5
1767,5,69.0
1768,5,68.9
1769,5,78.0
1770,5,77.5
1771,5,75.5
1772,5,73.8
1773,5,71.8
1774,5,72.9
1775,5,58.3
1776,5,77.0
1777,5,70.8
1778,5,55.5
1779,5,59.4
1780,5,62.9
1781,5,68.7
1782,5,65.3
1783,5,78.9
1784,5,78.2
1785,5,74.1
1786,5,67.1
1787,5,69.3
1788,5,52.6
1789,5,71.5
1790,5,70.1
1791,5,53.5
1792,5,71.9
1793,5,77.3
1794,5,79.9
1795,5,70.3
1796,5,78.8
1797,5,72.6
1798,5,85.3
1799,5,76.1
1800,5,60.3
1801,5,68.7
1802,5,65.7
1803,5,76.6
1804,5,74.4
1805,5,64.6
1806,5,74.2
1807,5,72.2
1808,5,75.0
1809,5,70.6
1810,5,78.0
1811,5,57.2
1812,5,62.2
1813,5,70.6
1814,5,69.6
1815,5,74.3
1816,5,62.7
1817,5,73.9
1818,5,64.3
1819,5,71.9
1820,5,61.3
1821,5,75.6
1822,5,64.4
1823,5,68.4
1824,5,69.9
1825,5,71.6
1826,5,77.3
1827,5,75.8
1828,5,84.7
1829,5,67.7
1830,5,77.5
1831,5,75.8
1832,5,68.9
1833,5,70.9
1834,5,71.0
1835,5,81.4
1836,5,66.6
1837,5,56.1
1838,5,68.0
1839,5,76.1
1840,5,68.6
1841,5,74.2
1842,5,71.1
1843,5,76.6
1844,5,74.2
1845,5,78.2
1846,5,72.8
1847,5,69.1
1848,5,77.0
1849,5,68.8
1850,5,63.1
1851,5,67.9
1852,5,72.5
1853,5,70.2
1854,5,68.6
1855,5,79.9
1856,5,64.9
1857,5,61.4
1858,5,66.3
1859,5,79.6
1860,5,67.3
1861,5,70.0
1862,5,59.2
1863,5,75.0
1864,5,66.0
1865,5,81.6
1866,5,77.8
1867,5,70.2
1868,5,68.0
1869,5,71.4
1870,5,77.1
1871,5,64.4
1872,5,83.4
1873,5,71.8
1874,5,62.0
1875,5,60.6
1876,5,80.5
1877,5,75.1
1878,5,55.0
1879,5,65.7
1880,5,74.1
1881,5,76.1
1882,5,75.3
1883,5,63.6
1884,5,69.2
1885,5,78.7
1886,5,66.4
1887,5,76.8
1888,5,73.7
1889,5,62.9
1890,5,75.8
1891,5,76.6
1892,5,75.4
1893,5,73.3
1894,5,70.2
1895,5,71.9
1896,5,61.4
1897,5,72.7
1898,5,77.6
1899,5,74.9
1900,5,73.0
1901,5,87.2
1902,5,67.5
1903,5,73.8
1904,5,68.3
1905,5,65.7
1906,5,72.4
1907,5,60.0
1908,5,86.0
1909,5,64.0
1910,5,80.9
1911,5,63.3
1912,5,70.3
1913,5,78.2
1914,5,70.7
1915,5,60.6
1916,5,63.4
1917,5,79.7
1918,5,76.8
1919,5,80.8
1920,5,74.5
1921,5,75.6
1922,5,68.9
1923,5,70.8
1924,5,59.5
1925,5,73.7
1926,5,70.6
1927,5,71.0
1928,5,69.1
1929,5,69.3
1930,5,63.8
1931,5,78.7
1932,5,66.6
1933,5,65.4
1934,5,68.1
1935,5,76.6
1936,5,67.0
1937,5,60.1
1938,5,70.1
1939,5,62.7
1940,5,60.3
1941,5,72.3
1942,5,55.5
1943,5,57.7
1944,5,78.9
1945,5,61.0
1946,5,64.1
1947,5,61.2
1948,5,67.2
1949,5,77.8
1950,5,77.3
1951,5,72.6
1952,5,65.7
1953,5,76.5
1954,5,71.8
1955,5,86.1
1956,5,74.3
1957,5,75.9
1958,5,75.0
1959,5,83.0
1960,5,57.3
1961,5,75.8
1962,5,66.9
1963,5,81.2
1964,5,60.0
1965,5,53.5
1966,5,73.2
1967,5,64.8
1968,5,71.1
1969,5,64.9
1970,5,68.4
1971,5,74.4
1972,5,71.0
1973,5,76.2
1974,5,77.2
1975,5,60.3
1976,5,59.7
1977,5,58.6
1978,5,80.8
1979,5,73.6
1980,5,60.8
1981,5,77.8
1982,5,74.7
1983,5,77.0
1984,5,66.5
1985,5,80.6
1986,5,57.1
1987,5,77.0
1988,5,77.7
1989,5,69.2
1990,5,78.6
1991,5,72.9
1992,5,60.1
1993,5,53.6
1994,5,75.0
1995,5,63.1
1996,5,65.7
1997,5,67.3
1998,5,70.8
1999,5,72.1
2000,5,61.6
2001,5,67.3
2002,5,77.8
2003,5,79.0
2004,5,78.5
2005,5,69.3
2006,5,71.0
2007,5,75.7
2008,5,80.2
2009,5,77.1
2010,5,72.3
2011,5,65.7
2012,5,67.0
2013,5,69.0
2014,5,76.7
2015,5,75.0
2016,5,68.3
2017,5,80.8
2018,5,69.4
2019,5,73.6
2020,5,82.3
2021,5,81.7
2022,5,71.0
2023,5,75.5
2024,5,65.9
2025,5,73.3
2026,5,79.4
2027,5,70.6
2028,5,80.4
2029,5,62.2
2030,5,72.9
2031,5,71.9
2032,5,77.0
2033,5,80.5
2034,5,59.7
2035,5,70.7
2036,5,69.9
2037,5,68.5
2038,5,71.2
2039,5,67.6
2040,5,65.4
2041,5,84.0
2042,5,64.5
2043,5,80.1
2044,5,59.4
2045,5,63.1
2046,5,80.7
2047,5,71.4
2048,5,66.6
2049,5,70.9
2050,5,76.4
2051,5,82.0
2052,5,75.8
2053,5,79.9
2054,5,60.5
2055,5,72.2
2056,5,66.2
2057,5,77.1
2058,5,67.4
2059,5,70.6
2060,5,70.7
2061,5,63.2
2062,5,69.0
2063,5,73.9
2064,5,70.8
2065,5,81.8
2066,5,79.7
2067,5,86.6
2068,5,80.7
2069,5,61.5
2070,5,78.7
2071,5,66.6
2072,5,70.9
2073,5,71.9
2074,5,71.7
2075,5,76.0
2076,5,79.8
2077,5,63.7
2078,5,67.5
2079,5,66.7
2080,5,75.4
2081,5,62.0
2082,5,61.8
2083,5,72.4
2084,5,69.2
2085,5,78.6
2086,5,75.1
2087,5,80.3
2088,5,74.8
2089,5,75.0
2090,5,73.3
2091,5,68.2
2092,5,64.2
2093,5,65.2
2094,5,67.1
2095,5,77.2
2096,5,67.2
2097,5,68.4
2098,5,82.9
2099,5,83.3
2100,5,64.1
2101,5,72.6
2102,5,72.8
2103,5,82.5
2104,5,71.5
2105,5,68.1
2106,5,77.1
2107,5,72.6
2108,5,65.4
2109,5,79.7
2110,5,74.2
2111,5,73.2
2112,5,78.1
2113,5,76.4
2114,5,83.6
2115,5,62.4
2116,5,63.6
2117,5,62.7
2118,5,67.7
2119,5,75.1
2120,5,70.9
2121,5,78.0
2122,5,74.7
2123,5,74.7
2124,5,79.5
2125,5,76.8
2126,5,75.4
2127,5,71.0
2128,5,69.4
2129,5,71.1
2130,5,83.5
2131,5,76.1
2132,5,75.5
2133,5,56.0
2134,5,67.6
2135,5,75.8
2136,5,70.1
2137,5,76.1
2138,5,63.9
2139,5,79.3
2140,5,72.4
2141,5,79.8
2142,5,69.8
2143,5,64.8
2144,5,67.4
2145,5,75.0
2146,5,68.7
2147,5,75.6
2148,5,72.0
2149,5,73.8
2150,5,61.1
2151,5,74.5
2152,5,77.2
2153,5,72.3
2154,5,77.8
2155,5,72.8
2156,5,68.9
2157,5,61.9
2158,5,75.0
2159,5,56.8
2160,5,75.4
2161,5,72.4
2162,5,67.3
2163,5,72.1
2164,5,73.1
2165,5,77.6
2166,5,66.7
2167,5,68.6
2168,5,67.6
2169,5,77.5
2170,5,74.0
2171,5,54.5
2172,5,73.2
2173,5,70.1
2174,5,76.2
2175,5,73.3
2176,5,76.1
2177,5,81.1
2178,5,68.5
2179,5,65.2
2180,5,73.6
2181,5,63.8
2182,5,85.3
2183,5,62.2
2184,5,78.0
2185,5,58.6
2186,5,80.3
2187,5,66.0
2188,5,76.1
2189,5,75.6
2190,5,71.4
2191,5,69.2
2192,5,82.5
2193,5,65.3
2194,5,58.0
2195,5,74.7
2196,5,75.0
2197,5,61.1
2198,5,65.0
2199,5,77.2
2200,5,58.3
2201,5,77.0
2202,5,69.2
2203,5,67.7
2204,5,66.4
2205,5,75.8
2206,5,80.4
2207,5,56.3
2208,5,74.1
2209,5,49.6
2210,5,71.1
2211,5,64.2
2212,5,73.5
2213,5,86.1
2214,5,76.4
2215,5,72.4
2216,5,73.2
2217,5,65.8
2218,5,84.0
2219,5,65.4
2220,5,71.7
2221,5,66.9
2222,5,72.6
2223,5,80.6
2224,5,55.8
2225,5,68.1
2226,5,64.8
2227,5,66.8
2228,5,78.5
2229,5,74.3
2230,5,71.4
2231,5,74.3
2232,5,72.6
2233,5,74.6
2234,5,69.7
2235,5,63.3
2236,5,62.4
2237,5,71.9
2238,5,68.8
2239,5,71.3
2240,5,59.3
2241,5,84.7
2242,5,67.0
2243,5,67.0
2244,5,62.3
2245,5,69.0
2246,5,65.9
2247,5,62.1
2248,5,67.6
2249,5,74.1
2250,5,68.9
2251,5,70.8
2252,5,73.9
2253,5,83.7
2254,5,66.0
2255,5,68.2
2256,5,65.0
2257,5,67.1
2258,5,63.6
2259,5,62.6
2260,5,61.2
2261,5,77.4
2262,5,70.2
2263,5,73.6
2264,5,73.3
2265,5,68.4
2266,5,76.2
2267,5,65.1
2268,5,68.0
2269,5,68.8
2270,5,73.1
2271,5,74.2
2272,5,83.7
2273,5,79.3
2274,5,74.4
2275,5,77.3
2276,5,71.3
2277,5,71.0
2278,5,87.2
2279,5,84.8
2280,5,71.6
2281,5,56.9
2282,5,92.8
2283,5,64.9
2284,5,65.3
2285,5,80.2
2286,5,73.0
2287,5,70.0
2288,5,63.1
2289,5,82.6
2290,5,80.7
2291,5,69.6
2292,5,78.4
2293,5,70.2
2294,5,68.2
2295,5,82.5
2296,5,70.3
2297,5,67.0
2298,5,74.4
2299,5,83.3
2300,5,70.2
2301,5,67.6
2302,5,63.9
2303,5,67.6
2304,5,77.2
2305,5,68.2
2306,5,62.6
2307,5,76.9
2308,5,73.2
2309,5,59.5
2310,5,69.6
2311,5,76.1
2312,5,76.0
2313,5,72.5
2314,5,62.7
2315,5,75.3
2316,5,65.1
2317,5,72.7
2318,5,63.3
2319,5,61.7
2320,5,73.7
2321,5,60.3
2322,5,64.7
2323,5,63.4
2324,5,59.2
2325,5,66.0
2326,5,59.7
2327,5,66.8
2328,5,66.3
2329,5,70.0
2330,5,72.0
2331,5,72.9
2332,5,78.6
2333,5,76.0
2334,5,53.5
2335,5,57.4
2336,5,66.4
2337,5,77.5
2338,5,62.5
2339,5,72.4
2340,5,78.7
2341,5,74.4
2342,5,77.0
2343,5,68.9
2344,5,72.7
2345,5,69.5
2346,5,67.2
2347,5,68.6
2348,5,77.3
2349,5,66.1
2350,5,63.9
2351,5,63.6
2352,5,67.8
2353,5,66.9
2354,5,77.3
2355,5,76.3
2356,5,69.9
2357,5,77.2
2358,5,69.9
2359,5,83.0
2360,5,73.8
2361,5,50.5
2362,5,63.4
2363,5,70.0
2364,5,70.3
2365,5,68.7
2366,5,68.6
2367,5,68.1
2368,5,70.1
2369,5,81.0
2370,5,59.8
2371,5,63.7
2372,5,78.2
2373,5,58.4
2374,5,72.0
2375,5,53.3
2376,5,60.1
2377,5,66.6
2378,5,93.1
2379,5,72.8
2380,5,79.6
2381,5,75.9
2382,5,80.1
2383,5,78.3
2384,5,86.6
2385,5,67.3
2386,5,68.0
2387,5,67.0
2388,5,68.8
2389,5,60.9
2390,5,78.2
2391,5,74.2
2392,5,61.5
2393,5,81.6
2394,5,75.1
2395,5,55.5
2396,5,78.1
2397,5,70.2
2398,5,83.4
2399,5,74.3
2400,5,60.2
2401,5,74.3
2402,5,61.2
2403,5,69.5
2404,5,73.2
2405,5,66.6
2406,5,59.3
2407,5,71.2
2408,5,64.8
2409,5,77.2
2410,5,72.3
2411,5,70.1
2412,5,65.3
2413,5,66.4
2414,5,83.7
2415,5,60.7
2416,5,82.4
2417,5,80.5
2418,5,70.9
2419,5,72.7
2420,5,73.9
2421,5,66.8
2422,5,75.4
2423,5,71.6
2424,5,85.6
2425,5,66.6
2426,5,71.2
2427,5,61.6
2428,5,62.9
2429,5,86.6
2430,5,77.0
2431,5,77.1
2432,5,73.0
2433,5,55.3
2434,5,76.9
2435,5,72.1
2436,5,79.5
2437,5,79.9
2438,5,76.2
2439,5,80.7
2440,5,78.7
2441,5,70.9
2442,5,68.3
2443,5,60.7
2444,5,78.6
2445,5,66.5
2446,5,77.1
2447,5,61.2
2448,5,81.8
2449,5,79.2
2450,5,72.6
2451,5,74.6
2452,5,75.4
2453,5,69.2
2454,5,71.4
2455,5,67.9
2456,5,72.4
2457,5,67.4
2458,5,87.0
2459,5,76.9
2460,5,60.7
2461,5,85.8
2462,5,64.7
2463,5,74.0
2464,5,64.8
2465,5,65.4
2466,5,74.7
2467,5,72.6
2468,5,78.8
2469,5,74.7
2470,5,56.7
2471,5,78.7
2472,5,79.1
2473,5,63.4
2474,5,71.8
2475,5,73.1
2476,5,73.1
2477,5,71.1
2478,5,66.0
2479,5,69.1
2480,5,74.5
2481,5,59.9
2482,5,62.3
2483,5,60.9
2484,5,71.6
2485,5,73.7
2486,5,84.1
2487,5,73.5
2488,5,74.5
2489,5,82.5
2490,5,76.3
2491,5,61.7
2492,5,71.1
2493,5,74.1
2494,5,69.2
2495,5,70.1
2496,5,61.6
2497,5,72.7
2498,5,77.9
2499,5,74.4
2500,5,48.2
2501,5,73.7
2502,5,71.0
2503,5,69.2
2504,5,79.5
2505,5,74.5
2506,5,66.2
2507,5,69.8
2508,5,77.9
2509,5,68.4
2510,5,69.7
2511,5,74.1
2512,5,62.4
2513,5,67.1
2514,5,65.4
2515,5,59.4
2516,5,63.5
2517,5,86.6
2518,5,75.3
2519,5,62.2
2520,5,65.5
2521,5,71.6
2522,5,62.3
2523,5,67.9
2524,5,83.1
2525,5,75.3
2526,5,71.5
2527,5,62.8
2528,5,63.3
2529,5,86.6
2530,5,75.0
2531,5,75.7
2532,5,67.7
2533,5,74.3
2534,5,69.6
2535,5,73.0
2536,5,79.6
2537,5,73.6
2538,5,74.6
2539,5,70.3
2540,5,73.0
2541,5,70.2
2542,5,75.6
2543,5,81.5
2544,5,68.7
2545,5,60.1
2546,5,73.5
2547,5,80.2
2548,5,75.0
2549,5,60.5
2550,5,73.2
2551,5,57.1
2552,5,71.2
2553,5,76.5
2554,5,66.5
2555,5,71.5
2556,5,63.4
2557,5,73.8
2558,5,75.9
2559,5,72.0
2560,5,71.6
2561,5,69.4
2562,5,76.2
2563,5,66.2
2564,5,60.3
2565,5,78.5
2566,5,80.7
2567,5,70.5
2568,5,75.7
2569,5,64.1
2570,5,65.1
2571,5,70.3
2572,5,72.3
2573,5,67.0
2574,5,80.2
2575,5,76.1
2576,5,66.6
2577,5,66.4
2578,5,60.2
2579,5,82.1
2580,5,76.5
2581,5,69.3
2582,5,61.1
2583,5,76.2
2584,5,63.8
2585,5,67.5
2586,5,75.0
2587,5,69.0
2588,5,72.4
2589,5,66.6
2590,5,65.3
2591,5,72.2
2592,5,66.8
2593,5,76.8
2594,5,71.0
2595,5,60.1
2596,5,69.9
2597,5,65.7
2598,5,66.3
2599,5,65.5
2600,5,69.3
2601,5,82.0
2602,5,63.5
2603,5,58.5
2604,5,61.7
2605,5,75.9
2606,5,82.7
2607,5,73.1
2608,5,78.2
2609,5,72.0
2610,5,69.1
2611,5,60.8
2612,5,88.7
2613,5,76.6
2614,5,68.6
2615,5,63.7
2616,5,72.8
2617,5,61.9
2618,5,80.9
2619,5,69.6
2620,5,78.3
2621,5,88.9
2622,5,76.1
2623,5,85.1
2624,5,74.2
2625,5,62.6
2626,5,75.5
2627,5,68.7
2628,5,85.7
2629,5,73.5
2630,5,74.4
2631,5,69.2
2632,5,71.7
2633,5,75.1
2634,5,63.4
2635,5,84.1
2636,5,60.8
2637,5,70.0
2638,5,71.4
2639,5,66.3
2640,5,84.6
2641,5,54.6
2642,5,77.1
2643,5,58.7
2644,5,82.4
2645,5,84.7
2646,5,75.5
2647,5,75.5
2648,5,71.3
2649,5,58.5
2650,5,79.4
2651,5,65.9
2652,5,63.7
2653,5,70.1
2654,5,69.1
2655,5,72.0
2656,5,70.3
2657,5,64.5
2658,5,79.0
2659,5,79.8
2660,5,70.1
2661,5,76.9
2662,5,67.9
2663,5,84.8
2664,5,78.6
2665,5,65.9
2666,5,60.6
2667,5,73.0
2668,5,76.9
2669,5,74.1
2670,5,72.5
2671,5,74.2
2672,5,73.2
2673,5,78.5
2674,5,81.2
2675,5,71.7
2676,5,66.4
2677,5,67.4
2678,5,82.6
2679,5,62.8
2680,5,67.5
2681,5,71.2
2682,5,79.9
2683,5,71.5
2684,5,64.9
2685,5,71.6
2686,5,72.8
2687,5,61.3
2688,5,78.3
2689,5,75.7
2690,5,61.3
2691,5,62.6
2692,5,73.4
2693,5,79.5
2694,5,64.3
2695,5,66.6
2696,5,65.0
2697,5,59.4
2698,5,61.1
2699,5,72.3
2700,5,63.9
2701,5,72.8
2702,5,77.3
2703,5,59.1
2704,5,59.9
2705,5,73.2
2706,5,71.0
2707,5,65.5
2708,5,70.6
2709,5,78.6
2710,5,70.5
2711,5,66.9
2712,5,79.1
2713,5,75.1
2714,5,86.3
2715,5,62.0
2716,5,60.4
2717,5,70.6
2718,5,61.8
2719,5,76.7
2720,5,86.1
2721,5,69.4
2722,5,58.4
2723,5,71.3
2724,5,72.1
2725,5,79.7
2726,5,75.4
2727,5,76.6
2728,5,71.6
2729,5,67.9
2730,5,67.6
2731,5,69.4
2732,5,74.1
2733,5,76.8
2734,5,65.0
2735,5,77.2
2736,5,68.6
2737,5,71.3
2738,5,76.5
2739,5,63.6
2740,5,60.1
2741,5,70.0
2742,5,71.1
2743,5,71.3
2744,5,78.7
2745,5,66.7
2746,5,68.5
2747,5,75.5
2748,5,75.2
2749,5,75.3
2750,5,53.5
2751,5,79.7
2752,5,65.7
2753,5,62.4
2754,5,64.2
2755,5,71.7
2756,5,69.5
2757,5,69.3
2758,5,72.9
2759,5,80.7
2760,5,61.4
2761,5,81.0
2762,5,70.1
2763,5,71.2
2764,5,75.2
2765,5,72.6
2766,5,68.1
2767,5,61.7
2768,5,73.7
2769,5,69.9
2770,5,80.1
2771,5,69.6
2772,5,69.8
2773,5,67.1
2774,5,67.7
2775,5,69.5
2776,5,65.5
2777,5,80.9
2778,5,80.5
2779,5,72.8
2780,5,61.0
2781,5,64.2
2782,5,66.1
2783,5,75.8
2784,5,62.5
2785,5,80.0
2786,5,67.6
2787,5,75.6
2788,5,72.1
2789,5,76.9
2790,5,73.2
2791,5,65.8
2792,5,80.1
2793,5,70.3
2794,5,73.5
2795,5,77.4
2796,5,68.1
2797,5,77.7
2798,5,77.8
2799,5,76.9
2800,5,71.8
2801,5,75.2
2802,5,75.0
2803,5,71.4
2804,5,82.2
2805,5,72.4
2806,5,67.4
2807,5,73.2
2808,5,71.9
2809,5,65.2
2810,5,64.8
2811,5,67.9
2812,5,64.2
2813,5,68.5
2814,5,77.7
2815,5,66.7
2816,5,75.5
2817,5,71.0
2818,5,67.4
2819,5,61.9
2820,5,59.2
2821,5,87.3
2822,5,81.6
2823,5,69.9
2824,5,69.8
2825,5,68.0
2826,5,70.3
2827,5,73.6
2828,5,75.4
2829,5,66.5
2830,5,74.2
2831,5,75.9
2832,5,52.9
2833,5,82.9
2834,5,70.1
2835,5,72.9
2836,5,63.4
2837,5,70.6
2838,5,79.9
2839,5,72.0
2840,5,65.8
2841,5,76.4
2842,5,69.5
2843,5,74.0
2844,5,72.8
2845,5,70.4
2846,5,65.3
2847,5,73.2
2848,5,69.5
2849,5,68.2
2850,5,59.6
2851,5,50.4
2852,5,75.4
2853,5,75.8
2854,5,76.2
2855,5,76.7
2856,5,75.5
2857,5,71.2
2858,5,73.9
2859,5,73.2
2860,5,69.0
2861,5,62.1
2862,5,68.9
2863,5,73.0
2864,5,68.0
2865,5,76.6
2866,5,71.5
2867,5,74.4
2868,5,72.3
2869,5,84.8
2870,5,80.4
2871,5,76.1
2872,5,58.1
2873,5,70.1
2874,5,81.0
2875,5,63.2
2876,5,74.7
2877,5,72.0
2878,5,68.4
2879,5,75.0
2880,5,75.9
2881,5,63.2
2882,5,76.9
2883,5,81.2
2884,5,57.7
2885,5,81.5
2886,5,68.4
2887,5,63.0
2888,5,77.0
2889,5,68.4
2890,5,79.1
2891,5,72.4
2892,5,75.1
2893,5,75.2
2894,5,69.7
2895,5,83.5
2896,5,67.3
2897,5,59.0
2898,5,68.6
2899,5,70.0
2900,5,68.0
2901,5,71.4
2902,5,78.9
2903,5,69.8
2904,5,64.0
2905,5,68.5
2906,5,74.9
2907,5,59.8
2908,5,74.6
2909,5,77.1
2910,5,81.1
2911,5,66.5
2912,5,77.7
2913,5,63.6
2914,5,76.8
2915,5,73.2
2916,5,63.4
2917,5,68.2
2918,5,78.3
2919,5,72.0
2920,5,58.9
2921,5,49.7
2922,5,81.5
2923,5,71.3
2924,5,68.6
2925,5,77.3
2926,5,73.2
2927,5,67.7
2928,5,71.0
2929,5,69.4
2930,5,72.3
2931,5,71.7
2932,5,74.6
2933,5,68.1
2934,5,71.7
2935,5,74.5
2936,5,86.6
2937,5,64.1
2938,5,70.0
2939,5,83.5
2940,5,74.5
2941,5,70.4
2942,5,73.0
2943,5,65.9
2944,5,63.1
2945,5,68.6
2946,5,75.2
2947,5,66.5
2948,5,83.1
2949,5,78.2
2950,5,78.8
2951,5,64.0
2952,5,67.3
2953,5,73.0
2954,5,77.2
2955,5,64.5
2956,5,67.6
2957,5,72.6
2958,5,78.2
2959,5,69.9
2960,5,68.8
2961,5,81.9
2962,5,72.3
2963,5,62.8
2964,5,71.5
2965,5,78.2
2966,5,65.5
2967,5,73.0
2968,5,59.9
2969,5,72.2
2970,5,79.2
2971,5,73.5
2972,5,65.3
2973,5,70.3
2974,5,70.0
2975,5,59.2
2976,5,73.5
2977,5,63.5
2978,5,67.9
2979,5,71.7
2980,5,78.2
2981,5,79.7
2982,5,83.4
2983,5,65.9
2984,5,77.7
2985,5,78.1
2986,5,71.3
2987,5,78.7
2988,5,51.4
2989,5,71.8
2990,5,76.7
2991,5,57.2
2992,5,84.6
2993,5,67.7
2994,5,82.6
2995,5,68.4
2996,5,81.0
2997,5,67.8
2998,5,66.2
2999,5,63.8
3000,5,72.7
