text,label
"The governments recent actions regarding dissident Wang Xizhe have garnered attention both locally and internationally. They have accused him of crossing the border and pursuing individuals who aided him in doing so. Wang, a well known figure in the Chinese pro democracy movement has long been a thorn in the side of the ruling Communist Party. His previous arrest in 2014 stemmed from his criticism of government corruption resulting in an eight year prison sentence. However news surfaced in December 2020 that Wang had managed to enter Myanmar and sought assistance from pro democracy activists. Reports suggested that he intended to make his way to Thailand with the goal of seeking asylum. Citing violations of security laws Chinese authorities have labeled Wang as a ""criminal suspect"" and issued an international arrest warrant. They claim that he departed China unlawfully and engaged in activities that could be detrimental to the states security. In a statement released through state media the Chinese embassy, in Myanmar accused Wang of breaking domestic laws by leaving China without permission and engaging in acts that jeopardize national security. The embassy further stated that Wang had collaborated with individuals opposing China accepting their support and funding and intensifying his activities against China. In addition the authorities warned anyone who assisted Wang in his escape from China that they would face consequences. Human rights organizations and pro democracy advocates have criticized this action by the Chinese government viewing it as another instance of suppressing dissent and curtailing freedom of expression in Beijing. Amnesty Internationals China researcher, William Nee remarked that this move was an endeavor to intimidate those who dare to challenge the Chinese government and speak out truthfully. Nee expressed concern over the governments pursuit of individuals who aided Wang during his escape from China stating that such actions constitute a clear violation of their fundamental human rights. Furthermore this case has raised concerns, among Myanmars democracy movement amidst its ongoing political crisis following the military coup in February 2021. Many activists in Myanmar who support democracy are concerned about the possibility of the government pressuring Myanmar authorities to send Wang back to China. However according to a statement made by Myanmars Ministry of Foreign Affairs they have not received any extradition requests from the government. The ministry further emphasized that Myanmar has always adhered to the principle of non interference in countries internal matters and consistently respects and protects the rights of political asylum seekers as per international law. Wang on his part has shown defiance towards the accusations made by the government. Through his lawyer he released a statement expressing his fearlessness and determination to continue advocating for democracy and human rights in China. ""I firmly believe that freedom, democracy and human rights are fundamental, for all people "" he stated. ""I will persistently fight for these values until they are achieved.""",ai
"After a day at work I couldn't wait to come home and relax on the couch seeking solace from the outside world.. As I approached my front door a strange feeling crept over me. My key stubbornly refused to fit into the lock almost as if the door had developed a grudge against me. Growing frustrated I decided to take a peek through the window hoping to find an explanation for this lock malfunction. What awaited me on the side sent my heart racing. There in my own living room sat a family I had never seen before gathered around a beautifully arranged dinner table adorned with delectable dishes. Curiosity overcame annoyance. I hesitantly knocked on the window to catch their attention. The family turned towards me in surprise and confusion etched across their faces. After a moment of hesitation they slowly made their way towards the door to investigate this visitor. Soon as the door swung open, a tall man with graying hair and kind eyes stood before me with genuine concern, in his voice. ""Can I assist you?"" he asked politely. ""Um...I think there might be some sort of mix up "" I stumbled over my words momentarily forgetting my annoyance. With a laugh, the mans eyes sparkled as he responded ""Oh don't worry there's no mistake. You see we just moved into the neighborhood today. We thought your place was vacant. We didn't mean to intrude. Please come inside. Join us for dinner."" Feeling a mix of confusion and amusement I accepted the invitation. Entered their home. It felt like the house had transformed into someone In just a few hours. Their belongings had settled in comfortably and the aroma of freshly cooked food lingered in the air. Introducing himself as John and his wife as Anna they warmly embraced me upon arrival. Their two children, Lily and Max couldn't contain their excitement at having a guest. I tried to explain that this was actually my house but their overwhelming hospitality made it hard to insist. As we sat down together a sense of camaraderie filled the air amidst these circumstances. The conversation flowed effortlessly as if we had known each other for ages. It became clear that this family was kind hearted and radiated love. Their contagious joy helped me forget about the days stressors. As the night went on it felt like an intrusion and more like a fortunate encounter. We shared stories, laughter and even shed a few tears as we opened up about our hopes and dreams. In that moment we formed a connection that surpassed the boundaries of time and space. When it was time for me to say goodbye we exchanged contact information promising to stay in touch. Even though my house now belonged to them I knew I had gained something more precious. The friendship and warmth of this wonderful family. Days turned into weeks and weeks turned into months as John, Anna, Lily Max and I navigated our lives as neighbors and friends. We enjoyed meals together played games together and created memories. They became the family I never knew I needed; they brought light and love into every corner of my life. As for my home? Well it turns out it was never, about the walls that sheltered me but the people who filled it with their laughter their stories and their unwavering friendship.. To think that all of this started with a stubborn lock that wouldn't let me in. A hidden blessing that forever altered the path of my life.",ai
"Privacy advocates and phone companies are in disagreement regarding a telecommunications law that permits companies to sell customer data to third party entities like marketers. The law, signed by the president month has raised concerns about consumer privacy and the potential misuse of their information. The telecom law, officially known as the Restoring Internet Freedom Order nullifies regulations established during the Obama administration to safeguard neutrality. Furthermore it includes provisions that enable phone companies to sell customer data to third party entities without obtaining their consent. This development has sparked outrage among privacy advocates who argue that it exposes consumers to the risk of having their information sold and exploited for profit. They firmly believe that phone companies should not be able to profit from customers private data without obtaining their permission. John Doe, a privacy advocate from New York expressed his dissatisfaction by stating; ""Phone companies should not be allowed to profit from our information without our consent. The new telecommunications law deals a blow, to privacy rights and jeopardizes consumers by allowing their personal information to be sold off."" On the hand phone companies assert that this new legislation will enable them to better cater to customers needs through targeted advertising and personalized services. They also contend that customers can choose not to have their data sold to third party organizations. According to Jane Smith, a representative from a telecommunications company the new telecommunications law will enable them to offer improved services and targeted advertising based on customer preferences. She states that customers have the option to decline the sale of their data if they do not wish to participate in these services. On the hand privacy advocates argue that having an opt out option alone is insufficient for safeguarding consumers privacy rights. They believe that consumers should have the right to explicitly choose whether they want to opt in for data sharing or marketing services than having to actively opt out. Doe emphasizes that the opt out choice does not truly provide consumers with a decision. They assert that individuals should not be burdened with taking steps just to protect their privacy; instead they should be able to decide upfront whether or not their data is used for marketing purposes. The implementation of the telecom law has also sparked concerns about potential mishandling of customer data by third party entities. Critics argue that there are no guarantees regarding ethical treatment of consumer data, by these entities.""There's no way to guarantee that outside entities will handle consumers data responsibly "" expressed Mary Johnson, a consumer advocate from California. ""Telecom companies should be held responsible for how they utilize and mishandle their customers information particularly if they're making a profit from it."" Notwithstanding these concerns the new telecom legislation remains intact leading phone companies to explore marketing possibilities. For instance certain companies are now offering ""personalized"" services based on customers browsing history and other data. ""We see services as the future trend and we're enthusiastic about exploring these novel opportunities "" stated Smith. ""We believe that customers will appreciate the added convenience and customized advertisements that these services can offer."" Nevertheless privacy advocates maintain skepticism towards these assertions. Continue to advocate for stronger privacy protections for consumers. ""The new telecom law represents a setback for privacy rights and we must do everything in our power to resist these changes "" asserted Johnson. ""We need to champion robust consumer safeguards and privacy laws while holding phone companies accountable, for any misuse of consumer data.""",ai
"News Corp, one of the media conglomerates globally expressed disappointment with its Q1 performance while remaining confident about achieving its 20% profit target for the year. In a press release on Monday Rupert Murdoch, the CEO of the company announced these results. Murdoch acknowledged that although some of their businesses experienced growth News Corps Q1 earnings fell short of expectations. He specifically highlighted a decrease in advertising revenue in the US market. Emphasized that the ongoing Covid 19 pandemic and resulting economic uncertainty presented additional challenges. Despite these setbacks Murdoch maintains an outlook for the upcoming year. He believes that strong performances in book publishing, digital real estate services and digital news sectors will drive growth and profitability for the company. To substantiate his optimism Murdoch provided revenue figures demonstrating performances in other areas of News Corps business. The companys book publishing division witnessed a 23% increase in revenue due to robust sales of books by popular authors like Dan Brown. Additionally earnings from real estate services nearly tripled while revenue from digital news platforms such, as The Sun and The Wall Street Journal also saw an increase. Regarding the outcomes Murdoch expressed, ""Our results highlight the resilience of our businesses. We achieved record breaking performances in book publishing and digital real estate, which compensated for the expected challenges in the advertising industry. Despite facing difficulties in Q1 we remain confident that our businesses will continue to thrive as we navigate through this market."" To enhance its performance News Corp recently witnessed a shakeup in its leadership. Month they appointed Almar Latour, who previously served as the publisher of The Wall Street Journal as their new Chief Executive Officer. Murdoch emphasized that this appointment would bring positive changes to the company by re energizing and refocusing their efforts. He also mentioned that Latours expertise and experience would be invaluable in helping them achieve their goals. Murdoch also highlighted News Corps focus on their digital strategy. He emphasized that they perceive the landscape and technologys role as crucial elements for future growth. Additionally he shared that they are expanding their endeavors in these areas and pointed out the success of News Corp’s real estate services as evidence of their commitment, to this strategy. ""While we are not satisfied with our Q1 earnings we have faith that our businesses will continue to expand. This confidence stems from our emphasis on initiatives and the capable leadership of Almar Latour. Our commitment to achieving a 20% profit increase for the year remains unwavering. We firmly believe that our businesses will prosper."" In his concluding statement Murdoch emphasized the potential for growth in areas such as subscription services, e commerce and online advertising. He further expressed excitement about focusing on the realm in the upcoming months and highlighted promising opportunities for expansion. Despite experiencing performance than expected in Q1 News Corp maintains an optimistic outlook for the future. With achievements in key sectors a renewed dedication to digital strategy and the appointment of a new CEO the company is confident in attaining its 20% profit target, for this financial year.",ai
"On Wednesday the Toronto stock market experienced a decline in value due to a sell off in the financial services sector. This unexpected turn of events occurred a day after the market had reached record high trading volumes showcasing the resilience it had displayed amidst the economic downturn caused by the COVID 19 pandemic. According to reports from the Toronto Stock Exchange major financial institutions such as Royal Bank of Canada, Scotiabank and Bank of Montreal all saw their stocks drop by than 1%. Additionally Canadas largest insurance company, Manulife Financial experienced over a 2% decrease in its stock value. However stocks in sectors like energy and telecom remained relatively stable during this period of decline. The primary reason for this selling frenzy was attributed to actions taken by the Canadian government. Ottawa decided to halt dividend raises in federally regulated financial institutions as an effort to alleviate financial burdens faced by Canadians due to the ongoing pandemic. Investors appear concerned about future dividend freezes even in the long term. It remains uncertain whether this minor sell off will continue in the coming days or if it will be seen as just a temporary blip, within an otherwise promising stock market. The manner in which leading financial institutions have navigated through these times has been commendable thus far. Banks have been kind enough to waive fees allow mortgage payments to be deferred and offer low interest loans to individuals facing difficulties. If we can find a silver lining in the market downturn it would be the significant increase in trading volume on the Toronto Stock Exchange this Tuesday reaching unprecedented levels. With interest rates expected to remain low for the future investors are eagerly exploring opportunities for higher returns in an environment of limited yields. It is crucial for us to patiently observe and assess how long this downward trend, in the financial services sector will persist and whether other sectors will also be affected.",ai
"In the paced digital era we live in today advanced technologies have become catalysts for transformation revolutionizing industries worldwide. Among these technologies, intelligence (AI) and big data have emerged as game changers bringing about significant changes in operations and financial performance for companies globally. Abu Dhabi National Oil Company (ADNOC) an energy and petrochemicals firm not only acknowledges the potential of these technologies but also demonstrates its dedication to anticipating and adapting to the future. The impact of intelligence on ADNOCs operations has been tremendous. By leveraging AI powered automation the company has streamlined processes enhancing efficiency while simultaneously reducing costs. For instance AI algorithms can analyze data to improve exploration practices leading to more successful discoveries of oil and gas reserves. This not saves time in exploration efforts but also boosts ADNOCs financial performance by identifying potential reserves effectively. Furthermore AI holds potential, for transforming ADNOCs maintenance and inspection procedures. Through the utilization of AI powered drones and robots the company can monitor equipment health in time identify anomalies promptly and accurately predict maintenance requirements. This proactive approach empowers ADNOC to minimize downtime while maximizing asset performance and reducing expenses. By utilizing technologies like AI ADNOC showcases its dedication to staying ahead in the constantly evolving energy industry. Alongside AI big data has emerged as a tool for ADNOC offering valuable insights and facilitating data based decision making. As one of the global energy companies ADNOC generates vast amounts of data across its operations. Through the application of data analytics the company can extract valuable information about customer preferences, industry trends and supply chain patterns. For example ADNOC can analyze customer data to customize its marketing strategies and ensure that products and services meet customer demands. This personalized approach enhances customer satisfaction and loyalty while driving improved performance for ADNOC. Additionally leveraging data analytics allows ADNOC to optimize its supply chain by identifying inefficiencies and bottlenecks ultimately reducing costs and enhancing overall operational efficiency. ADNOCs commitment to anticipating and adapting to the future is evident in its investment in technologies. Collaborating with leading technology firms the company has developed AI driven solutions tailored specifically to its operations. This strategic partnership enables ADNOC to cutting edge technologies while maintaining alignment with its unique business requirements. Moreover ADNOC has dedicated resources towards developing its internal capabilities, in data analytics. By establishing a foundation for data management and fostering a culture that values data insights ADNOC has positioned itself to thrive in the digital age. The companys dedication to innovation is evident through its plan to transform digitally aiming to leverage the potential of AI, big data and other cutting edge technologies to drive growth and optimize performance. To summarize it's crucial to recognize the impact that advanced technologies like artificial intelligence and big data have had on ADNOCs operations and financial outcomes. By harnessing AI in exploration, maintenance and inspection processes ADNOC has successfully enhanced efficiency while minimizing costs. Additionally leveraging data analytics has facilitated data driven decision making resulting in improved customer satisfaction levels and operational effectiveness. ADNOCs commitment to anticipating demands is exemplified by their investments in innovative technologies as well as partnerships with industry leading firms. As they continue embracing and exploiting these advancements ADNOC is well prepared to thrive in the era while maintaining their leadership position, within the energy sector.",ai
"The father of a dissident is standing up for his sons innocence before his trial as he firmly believes that the charges against him are politically motivated. The dissident, whose identity must be protected for reasons was apprehended earlier this year on allegations of ""inciting subversion of state power"" after penning an article that criticized the governments handling of the COVID 19 pandemic. Since then he has been. Is scheduled to face trial in the upcoming weeks. Nevertheless the father, who also needs to remain anonymous due to concerns of backlash has been vocal in defending his son. ""My son is completely innocent "" he shared with journalists outside the courthouse where the trial will be held. ""He simply exercised his right to freely express himself and voice his opinions. He is not a criminal."" Additionally the father has accused authorities of targeting his son due, to his political beliefs. ""The charges brought against him lack any foundation "" he asserted. ""They are merely being used as an excuse to silence him and intimidate others who have the courage to speak up."" This isn't the instance where Chinese authorities have faced accusations of suppressing dissenting voices. Human rights organizations have consistently raised concerns about the governments use of charges like ""inciting subversion of state power"" as a means to silence political opponents, journalists and activists. Amnesty Internationals report highlights that Chinese authorities have detained and prosecuted individuals for politically motivated reasons, including those who peacefully express their opinions online or on social media platforms. The fathers protests have gained support from activists and dissidents who are urging the authorities to drop the charges against his son. One activist stated, ""We fully support this father and his son and demand that the government respects their right to freedom of speech. The charges brought against him blatantly violate his rights and should be dismissed."" The dissidents trial is set to occur amidst growing tensions between China and Western nations. Countries like the United States have become increasingly vocal in criticizing Chinas human rights record regarding its treatment of Uyghur Muslims, in Xinjiang province. China has responded defensively to this criticism accusing countries of interfering in its internal affairs. Chinese authorities have also accused the United States of having "" standards"" and being hypocritical pointing out instances of its own human rights violations, such as police misconduct against Black Americans and the treatment of prisoners at Guantanamo Bay. However critics argue that Chinas human rights abuses far surpass anything the US has ever committed. The Chinese government is accused of engaging in forced labor, genocide and eradicating identity among the Uyghur population. Additionally they have been criticized for suppressing protests in Hong Kong and silencing dissidents within their own borders. With the trial of the Chinese dissident concerns arise regarding further strain on Chinas relations with Western countries. The US and other nations have already imposed sanctions on officials due, to their treatment of Uyghurs and other human rights violations. There is apprehension that the trial may become another point of contention. Despite these circumstances the dissidents father remains resolute; ""My son is innocent and I will continue to advocate for him "" he asserted. ""I firmly believe that justice will ultimately prevail.""",ai
"Once upon a time within a mysterious forest There lived a creature named Frank, a monster whose spark was the darkest. His claws were sharp like razors, his fangs dripping with goo In solitude he dwelled, unknown, to any few. Curiosity led children astray their innocent hearts enticed, Into the woods where Franks dwelling disguised. With red eyes gleaming in the nights embrace He observed them cautiously from his hiding place. Then one day a brave but curious lad appeared, Timmy, merely ten years old, unafraid but slightly weird. He ventured far into the labyrinth of trees so dense Unaware of the watchful eyes and their intense suspense. Frank leaped out from behind with claws gripping tight Imposing darkness upon Timmy filling him with fright. The boy trembled and wept as he begged for release But driven by hunger Frank denied him peace. Silent screams reverberated through the forests core As Frank devoured innocence without remorse or anymore. Day after day he feasted on children pure and young Snuffing out their lives extinguishing their songs unsung.The people of the town mourned, their hearts heavy, with sorrow Parents cautioned their children ""Be careful don't go, Into the forest where a fearsome creature lurks, A darkness that breeds cruelty and hurts."" Even now the dreadful story lives on Like a macabre fairy tale that leaves hearts undone. So remember, ones always stick to the trail For wickedness like Frank seeks to prevail.",ai
"The ancient epic poem Beowulf, which was written in Old English during the era has had a profound impact on contemporary popular culture. Its exploration of themes such as heroism, bravery and moral values has resonated with audiences for centuries influencing our perception of heroes in todays world. Additionally Beowulfs qualities as a hero can be compared to those of modern day superheroes revealing both similarities and differences between the two. However the concept of heroism has become more intricate in times due to various factors. To begin with Beowulfs representation of heroism has left a lasting impression on culture today. The poem recounts the journey of Beowulf as he accomplishes great feats and defeats monstrous creatures to safeguard his community. This archetype of the hero who puts aside personal gain for the greater good has become a recurring theme in contemporary superhero narratives. Characters, like Superman or Captain America embody Beowulfs virtues of courage and morality inspiring audiences to believe in the triumph of good. Despite these parallels modern superheroes differ from Beowulf in terms of their flaws and complexity. Beowulf is portrayed as invincible possessing extraordinary strength and unwavering determination. On the hand modern superheroes are often depicted as individuals grappling with inner conflicts and weaknesses. For example the character of Batman becomes relatable to audiences due to his past and ongoing uncertainty about justice. This adds depth to his personality. Reflects the desire for more intricate storytelling in todays society. Furthermore the perception of heroes in times has been influenced by cultural and historical factors. The significant events of the 21st centuries, including world wars, social upheavals and technological advancements have reshaped our traditional notion of heroes. Many present day heroes are now portrayed as anti heroes or ambiguous figures blurring the boundaries between good and evil. Popular shows like Breaking Bad or characters like Deadpool challenge our understanding of heroism by showcasing complex moral dilemmas that mirror the complexities of our world. In conclusion there is no denying Beowulfs impact on popular culture and its influence on our perception of heroes. While there are similarities between Beowulf and modern superheroes their differences in complexity and flaws underscore how heroism has evolved over time. The shift towards nuanced and multifaceted heroes is a reflection of changing societal values and a demand, for narratives that capture the intricacies of our modern world. As popular culture continues to evolve it will be fascinating to observe how portrayals of heroes further develop.",ai
"Nitrobacter, a type of bacteria plays a role in keeping the soil fertile and ensuring the nitrogen cycle continues. These tiny organisms are highly efficient at converting to nitrate a process called nitrification. This conversion is essential for plants to access nitrogen, which's a vital nutrient needed for their growth and development. One of the ways Nitrobacter contributes to soil fertility is by helping make nitrogen available to plants. Nitrogen is one of the elements required for plant growth and often becomes limiting in many ecosystems. Nitrobacter converts the nitrite, produced by other bacteria during ammonia oxidation into nitrate. Nitrate is an accessible form of nitrogen that plants can absorb and use for various metabolic processes like protein synthesis and chlorophyll production. This increased availability of nitrogen enhances plant growth and productivity ultimately benefiting soil fertility. Additionally Nitrobacter plays a role, in maintaining the nitrogen cycle within ecosystems. The nitrogen cycle refers to the movement and transformation of nitrogen through the atmosphere, soil and living organisms. In this cycle Nitrobacter specifically contributes during the step known as nitrification. By converting into nitrate Nitrobacter bacteria play a crucial role in facilitating the transformation of nitrogen from its reduced form to an oxidized form. This process makes nitrogen readily available for organisms, including plants and other bacteria involved in denitrification. This cycle ensures a supply of nitrogen which is essential for both terrestrial and aquatic ecosystems to maintain the balance necessary for sustaining life. Apart from their involvement in nitrification Nitrobacter bacteria also contribute to the elimination of compounds from the environment. These bacteria possess the ability to oxidize compounds, including certain pollutants. By transforming these substances into less harmful forms Nitrobacter promotes overall soil ecosystem health. In conclusion Nitrobacter bacteria are contributors to maintaining soil fertility and ensuring a healthy nitrogen cycle. Their nitrification activity converts nitrite into nitrate providing plants with an accessible source of nitrogen. By participating in the nitrogen cycle Nitrobacter ensures a supply of nitrogen for diverse ecosystems. Additionally these bacteria have the capability to remove organic compounds from the soil further benefiting its overall well being. The contribution of Nitrobacter towards soil fertility and the nitrogen cycle is invaluable as it highlights their importance, in sustaining ecosystems and supporting plant growth.",ai
"In the city of Helios nestled in the crimson landscape of Mars, I, Arianna, a human born on this planet found myself on the edge of a historic moment. After a century of colonization by the United States it was time for our red planet to assert its independence. Inside the war room my loyal comrades and fellow Martians stood strong. I could see determination shining in their eyes igniting hope within me. We had spent a hundred years yearning for self rule and longing to break free from Earths grasp. Our united army, proudly representing Mars was ready to take a stand and bid farewell to US dominance. With every beat of my heart I felt the promise of liberation resonating within me. Underneath the sun casting an otherworldly glow over the desolate slopes we emerged from our hidden shelters and marched towards the American garrison. Along, with our weapons of war we carried with us the dreams cherished by generations. The declaration reverberated through corridors. Echoed across the Martian horizon. Even the stars seemed to shine as if celebrating the dawn of a new era. For weeks on end we fought against all odds with unwavering determination propelling each swing of our blades. Despite facing equipped forces our spirit refused to diminish. Our resistance grew like a storm attracting Mars born individuals from all corners of the planet. Eventually the awaited day arrived when we reclaimed what was rightfully ours. The flag of the United States was. Replaced with Mars vibrant red and black emblem. In the aftermath of our victory a liberated Mars emerged, free, from constraints. We established a society where Martians thrived, cooperating with Earth on terms.. So after a century of aspirations I found myself in awe as I marveled at the culmination of our struggle. Mars had gained its independence. As we gazed upon our celestial home we knew that the triumph of human spirit had been witnessed by the universe.",ai
"Sainsburys, the UK based supermarket chain has announced that it expects its banking venture to start making a profit in a short period of time. The company has been expanding its services, specifically credit cards, loans and savings products. Sainsburys Bank, the financial services arm of the supermarket has been operating since 1997. Offers various financial services to its customers. These include credit cards, personal loans, mortgages and insurance products. In years the bank has steadily and significantly expanded its range of offerings. Mike Coupe, the CEO of Sainsburys expressed confidence in their banking venture by stating that they are on track to establish a banking business within a shorter timeframe. This news comes as a relief to Sainsburys since they have been facing increased competition in the grocery market from discount stores like Aldi and Lidl. Over the years Sainsburys Bank has made progress with a steady increase in their customer base. Their emphasis on banking has also proven successful as more, than 90% of customers now access their banking services through online or mobile channels. Sainsburys, the company has made investments in its branches to enhance the customer experience. Their efforts include the introduction of technologies like self service machines and contactless payment options aiming to make banking more convenient for customers. Sainsburys Bank has gained a reputation for its exceptional customer service. Consistently ranking high in customer satisfaction surveys it has been recognized as the UKs bank for customer service by MoneySavingExpert for three consecutive years. Looking toward the future Sainsburys plans to expand its services by launching a variety of investment products and expanding their range of savings accounts. Additionally they are exploring ways to integrate their financial services with their grocery business. This includes offering cashback and reward programs to customers. Overall Sainsburys banking venture is poised to play a role, in the companys growth strategy going forward. By focusing on banking providing excellent customer service and fostering ongoing innovation they are well equipped to thrive in todays highly competitive financial services market.",ai
"In a lit basement office situated in an ordinary building hidden deep within the vibrant city there sat a man behind a desk cluttered with various items. His name was Edwin Powers. He operated an intriguing business venture. What made him famous? He provided aspiring villains with a wide array of minions. Edwins bookshelves were filled with files each containing information about potential recruits. These individuals ranged from masked individuals lacking aim to captivating and even alluring merfolk – all ready to serve the desires of the worlds most malicious minds. This secretive endeavor remained known to a select few villains who sought out their loyal followers through Edwins discreet services. Everything changed for Edwin when he crossed paths with Simon Vex, a villain. Simon had once been an imposing adversary. Had faced setbacks in his attempts to create his own army of faithful followers due to unreliable suppliers. That's when Edwin stepped in offering his expertise in recruiting and thoroughly vetting the kind of talent. Impressed by Edwins methods and track record Simon abandoned his ways and became Edwins trusted right hand. Since that day Edwins reputation soared higher than ever before. Super villains from every corner of the globe sought him out knocking on his door, in search of henchmen to bring their schemes to life. There was this one client, Doctor Malevolent, who had a thing for hideouts and needed suitable guards for the job. Word got around about the Doctors plans and Edwin understood that he needed something extraordinary to meet his requirements. After doing research he stumbled upon a hidden cove where a tribe of captivating yet ruthless merfolk resided. In a corner of his office Edwin maintained files on dangerous individuals – each carefully documented and categorized. Among those files was the location of the merfolks underwater kingdom. Donning attire Edwin embarked on a perilous journey to meet the merfolk. Through a combination of charm and cunning he managed to establish an alliance by promising the tribe resources in exchange for their assistance in guarding the Doctors hideout. The merfolk agreed, recognizing an opportunity to obtain treasures and sow chaos among their unsuspecting adversaries. Back at his office Edwin observed with satisfaction as the Doctors wicked grin widened upon introducing the merfolk into his ranks. These aquatic enforcers with their shimmering tails and radiant skin added a beauty to the Doctors malevolent empire. However Edwins responsibilities did not end with managing the merfolk. Super villains from backgrounds approached him with requests, for henchmen possessing different capabilities. Some individuals relied on strength to assert their dominance over others while others sought out cunning thieves to execute secretive thefts. Edwins success allowed him to employ a network of recruiters and trainers who were skilled in finding and preparing the individuals for any given task that came their way. As Edwins clientele grew so did his ambitions. No longer satisfied with ordinary individuals he began recruiting and training highly skilled operatives who possessed extraordinary abilities similar to those of heroes. In a world where heroes emerged to combat villains there was always a race for superiority. For every punch thrown by a hero a super villain would counter with a weapon crafted by Edwin himself. Edwins enterprise thrived for years until destiny unexpectedly intervened. A group of heroes uncovered his operation leaving no stone unturned. The heroes swiftly deduced that Edwin held the key to dismantling the network of evil. Cornered and aware that his days were numbered Edwin remained steadfast in his dedication to the cause of villains. With a smile he accepted his fate knowing that the actions he had set in motion would yield dark consequences, for years to come. As the heroes closed in on him Edwin discreetly packed up his office leaving behind faint traces of his presence. As he left a neat business card materialized on the desk replacing the files. It displayed the name ""E. Powers. Quality Recruitment. When Evil Calls."" Like that Edwin disappeared into the depths of folklore. Today supervillains rely on Edwins renowned business to find their henchmen. His legacy endures, ensuring that in a world of superheroes and villains the forces of darkness will always have access to an army – all thanks, to a mysterious individual who specialized in providing an assortment of loyal followers.",ai
"Eurotunnel, the company that operates the Channel Tunnel recently announced a plan to restructure its debt. This plan secures the companys stability until 2003. Eurotunnel has faced financial challenges due to the massive debt burden it acquired during the tunnels construction in the 1990s. With losses and declining revenues the company has been on the verge of collapse for quite some time. However after engaging in months of negotiations with its creditors Eurotunnel has finally reached an agreement to reorganize its debt. According to this agreement Eurotunnels €9.0 billion ($10.6 billion) debt will be reduced by €4.2 billion ($4.9 billion) while the remaining debt will be extended until 2003. As part of this plan Eurotunnel will also receive a cash infusion of €2.9 billion ($3.4 billion) from its creditors. This injection of funds will enable Eurotunnel to invest in modernizing its infrastructure, which includes upgrading the trains used for passenger and cargo transportation through the tunnel. Jacques Gounon, Chairman and CEO of Eurotunnel expressed his satisfaction with this restructuring plan. Referred to it as a ""sustainable and resilient solution"" that guarantees the long term viability of the company. He expressed his gratitude, towards all creditors involved in supporting this plan, including banks and bondholders. ""This agreement marks a milestone for Eurotunnel and we are thrilled to have achieved a final resolution that secures the future of our company "" stated Gounon. ""With this plan to restructure we are now in a position to invest in our infrastructure and services meeting the evolving needs of our valued customers."" The industry experts have warmly received the restructuring plan viewing it as a stride forward for Eurotunnel. Earlier predictions from analysts had suggested that the company was on the brink of bankruptcy due to its mounting debt and declining revenues. ""The restructuring plan is an accomplishment for Eurotunnel and marks a significant moment in the history of the company "" remarked Mark O'Neil, CEO of Crossrail one of Eurotunnels key customers. ""This news is highly encouraging for all those who depend on dependable transportation of goods and people between the UK and Europe through the tunnel."" In years Eurotunnel has faced financial challenges compounded by both Brexit and the Covid 19 pandemic. The company has experienced a decrease in tunnel traffic as many passengers and freight operators have opted for alternative routes. However, with this devised debt restructuring plan Eurotunnel is now better equipped to navigate through ongoing economic uncertainties. The shareholders of Eurotunnel and the French courts need to approve the restructuring plan. However Eurotunnel is optimistic that it will be finalized by the end of this year. With a financial position Eurotunnel is now focused on the future intending to invest in innovative technologies and services, for the benefit of its customers and stakeholders.",ai
"As the sun disappeared below the horizon painting the city in an orange hue, a feeling of anticipation filled the air. It was the eve of an event called the global redistribution, which took place once every fifty years. On this night social inequality boundaries would be shattered fortunes would be. Destinies rewritten. In the heart of the metropolis stood Spectrum Hall—a magnificent marble structure that housed an enormous machine known as the Wealth Allocator. This invention, created by minds of our time had the power to randomly redistribute accumulated wealth across the world. It acted as a symbol of justice and equality reminding people that regardless of their status they all had an opportunity for a better life. As darkness descended upon us streets became crowded with faces filled with excitement. Individuals, from backgrounds had gathered together with hearts beating fast—feeling apprehensive yet hopeful. They knew that when dawn arrived their lives would change forever. Some longed for more while others feared losing everything they had gained. Amongst this crowd was Ethan—a humble carpenter who had spent years saving diligently to purchase a small cottage on the outskirts of our city. His parents had faced challenges and he had made a promise to himself to break free from the cycle of poverty that had affected his family for generations. The moonlit night added a touch to the atmosphere filling Ethan with a mix of excitement and anxiety about the upcoming redistribution. When midnight struck the grand doors of Spectrum Hall swung open revealing a machine inside. Enchanting lights danced across its surface captivating all those present. A hushed silence fell over the crowd as the Wealth Allocator began to hum indicating that the significant event was about to begin. People looked on in awe as gears started turning within the machine creating a symphony of motion. A screen displayed numbers and names representing some of the worlds individuals. Each digit. Jumped, gaining momentum until finally settling on a randomly selected winner. As fortunes fluctuated on the screen cheers and gasps filled the night air. Those who had endured poverty celebrated their luck while others struggled to understand their sudden change in circumstances. It felt as if the world had shifted its course presenting possibilities, for everyone involved. Ethan held his breath his heartbeat racing in his chest as he anxiously observed. The numbers on the screen started swirling and changing until they settled.. There to his complete surprise he saw his own name. In that moment a rush of emotions overwhelmed him—relief, happiness and an immense sense of gratitude. With steps forward Ethan became one of the fortunate ones. He knew that his life would never be the same again. However down, inside himself he made a promise to never forget where he came from or the hardships faced by those left behind. The night continued with a whirlwind of emotions—excitement, disappointment and even relief for some. Again the global redistribution had fulfilled its purpose by reshaping countless lives destinies. As the sun began to rise over the horizon and cast a gentle morning glow upon the city Ethan stood in front of his cottage. Tears of joy streamed down his face as he admired the structure standing on the land that now belonged to him. It symbolized not his newfound prosperity but also served as a constant reminder that through global redistribution he had been granted an opportunity to build a legacy rooted in compassion and empathy. As the world embraced the dawn of a new day Ethan made a solemn promise to utilize his riches prudently extending aid to those, in need and steadfastly upholding the principles that led him to this point. He understood that genuine wealth resided not in material possessions but rather in the compassion and magnanimity we exhibit towards each other.",ai
"Chinas recent action is likely to strain the already tense relationship between China and the Dalai Lama. Beijing has again called on Tibetans to embrace atheism as a way to counter what it perceives as the ""reactionary"" influence of the exiled spiritual leader. According to state controlled media Chinas State Administration for Religious Affairs has initiated a campaign promoting atheism in the Tibetan Autonomous Region, where most Tibetans reside. The motivation behind this campaign is Beijings interpretation of the Dalai Lamas visit to the region as an attempt to extend his influence over Tibetans. China has consistently accused the Dalai Lama of inciting separatism in Tibet. Sees atheism as an effective tool for curbing his influence. Officials argue that religion, Tibetan Buddhism has become a source of conflict in the region and that embracing atheism is crucial for promoting stability and unity. A spokesperson for the State Administration for Religious Affairs stated, ""To maintain harmony and stability in Tibet it is essential to harness atheisms positive role, in guiding society. Atheism can help eradicate superstition and regressive thinking, which are identified as root causes of instability and division."" China has made attempts to promote atheism in the region, which is not a new occurrence. During the 1950s and 1960s in the years of Communist rule religion was suppressed and monasteries were demolished. This resulted in the loss of Tibetan monks and nuns lives while many others were forced to flee their homeland. However China has recently adopted a more relaxed approach by allowing religious practices under government supervision. Nevertheless the Dalai Lama, who sought refuge in India after escaping Tibet in 1959 has consistently been a source of annoyance for China. He openly criticizes governance in Tibet and advocates for increased autonomy within the region. Chinas latest move is expected to escalate tensions between both sides. It remains uncertain how Tibetans will react to this campaign. While some may perceive atheism as an alternative to the often restrictive and occasionally oppressive nature of religion under Chinese rule others are likely to interpret it as an attempt to erode Tibetan culture and identity. The Dalai Lama himself disregards Chinas efforts by emphasizing that genuine stability in Tibet can only be achieved through respect, for rights and meaningful dialogue. ""Chinas promotion of atheism appears to be an attempt to suppress culture and heritage "" he emphasized in a statement. ""Genuine stability can only be achieved when the rights of all Tibetans are respected allowing them the freedom to practice their religion and preserve their way of life."" Despite the Dalai Lamas calls for open dialogue and reconciliation relations between the two sides remain strained. China has labeled the Dalai Lama as a ""splittist"". Has adamantly refused any substantial engagement with him or his representatives. In response the Dalai Lama and his supporters persistently advocate for increased autonomy for Tibet while denouncing what they perceive as oppression. Chinas recent actions are likely to solidify these opposing positions leaving uncertainty as to whether their campaign promoting atheism will truly foster the stability and unity that Beijing desires or simply deepen divisions, between Tibetans and Chinese authorities.",ai
"Stocks in Toronto had a day of trading with some sectors seeing a decline while others showed signs of recovery. The energy sector took a hit due to pipeline delays and disruptions. On the hand the gold industry also saw a decrease in prices. The S&P/TSX Composite Index closed down by 0.1% primarily driven by losses in the energy sector. A combination of oil prices and news about a pipeline delay led to a 0.7% decline in this sector. Legal challenges against the expansion project of the Trans Mountain Pipeline, which has been on hold since April 2019 caused this delay. As a result of this debacle shares of Enbridge (ENB.TO) one of North Americas energy infrastructure companies based in Calgary experienced a significant 3.6% drop in price. The pipeline delay is expected to have an impact on Enbridges financials. Similarly Pembina Pipeline (PPL.TO) saw its shares decrease by 4.7%. This company has been under scrutiny from the Canadian Competition Bureau regarding its proposed acquisition of Inter Pipeline (IPL.TO). Furthermore there was also a dip, in the gold industry as gold prices dropped by 0.3%.The decrease in value of Eldorado Gold (ELD.TO) by 1.1% and Yamana Gold (YRI.TO) by 1.5% can be attributed to investors optimism regarding the growth of the economy. This positivity has led to a decreased demand for safe haven assets like gold. On the hand there were positive outcomes in certain sectors. The information technology sector saw a gain of 2.4% while the materials sector experienced a rise of 0.3%. Shopify (SHOP.TO) one of Canadas performing stocks witnessed a notable increase of 4.9%. The e commerce giant recently made an announcement about acquiring a logistics company with the aim of enhancing its delivery and fulfillment services. In summary it was a day of results for Toronto stocks. While some sectors faced declines others showed signs of recovery. Experts believe that if there is a rebound on a global scale it could lead to increased demand for oil and other essential materials which may contribute to a significant turnaround, for the Toronto Stock Exchange.",ai
"Prague, Czech Republic. The World Cup qualifying match between the Czech Republic and Spain took place on Wednesday as both teams aimed to secure points on their journey to Qatar 2022. Right from the start the game was full of energy, with both sides eager to grab a lead. The Czechs had the opportunity of the game when Tomas Souceks header narrowly missed its target. As time went on Spain seemed to gain control of possession and played their passing game. Despite their dominance the Spanish team struggled to create scoring chances as the resilient Czech defense held firm. However as the first half progressed Spain increased their pressure. It was only a matter of time before they broke through. In the minute Alvaro Morata became the game changer by scoring a well placed header into the bottom corner from a precise cross delivered by Marcos Llorente. This goal could have motivated Spain further but credit must be given to the Czechs who showed great determination in fighting back. In the half with renewed urgency the Czech Republic pushed forward relentlessly in search of an equalizing goal.Their persistence paid off in the minute when Antonin Barak seized hold of a loose ball inside the penalty area and struck it past an outstretched Unai Simon. With the score tied, the game transformed into an closely fought contest. Both teams exchanged attacks. None could find a breakthrough. Spain dominated possession. The Czechs posed a constant threat on counterattacks creating several opportunities to snatch a late victory. Ultimately neither side managed to score resulting in a 1 1 draw. This outcome fairly reflected the action on the field with both teams delivering performances and deserving a share of the spoils. For Spain this draw proved disappointing as they had aimed to secure three points to maintain their position at the top of Group B. However the Czech Republic had plans and exhibited great determination to ensure they took something from this match. In all it was an intense battle where both teams showcased their quality and resolve. The Czech Republic can take pride in their efforts while Spain will be eager for redemption in their game, against Greece. The race for World Cup qualification is still wide open with Spain, Sweden and the Czech Republic all having a chance to secure a spot at the tournament. There are still games left to be played making it an exciting and unpredictable journey towards Qatar. After playing 4 matches Spain currently has 8 points while the Czech Republic has accumulated 5 points from their 4 games. Their upcoming rematch in November could be a moment in determining who qualifies for the tournament. However both teams can find encouragement in their performances and the earned point they gained from the intense draw. The path to World Cup glory is never smooth. With battles like this one it promises to be an unforgettable adventure, for everyone involved.",ai
"Royal Oak Mines Inc. Has recently announced its plan to enhance profitability by focusing on low cost gold deposits in Timmins and British Columbia. The Canadian mining company aims to capitalize on the mineral reserves in these regions with the goal of maximizing returns for its shareholders. John Smith, the CEO of the company emphasized that this shift in focus will allow Royal Oak Mines to optimize operations reduce expenses and improve efficiency. The decision was driven by market dynamics that prioritize cost effective mining ventures. Smith expressed confidence in the companys ability to leverage these circumstances to bolster its performance. ""Royal Oak Mines is fully committed to generating value for our shareholders through mining practices. By concentrating on gold deposits in Timmins and British Columbia we can maximize our profits while minimizing operational costs. Our strategy is centered around achieving profitability and we firmly believe that this approach will help us reach our goal "" stated Smith. Timmins, located in Ontario is renowned for its abundant gold reserves and a rich history of gold mining. This region encompasses gold deposits, including the Dome Mine which has produced over 16 million ounces of gold since its discovery, in 1909. Royal Oak Mines has been operating in Timmins since the 1980s. Has established a strong presence in the region. Another area of focus for Royal Oak Mines is British Columbia, which also boasts gold reserves. The province is home to gold deposits, including the Cariboo Gold District, which has yielded over three million ounces of gold since the 1800s. With its geology and mining friendly regulations it becomes an appealing destination for mining companies seeking to tap into these gold reserves. The decision to concentrate on these regions by Royal Oak Mines comes at a time when gold prices are experiencing an upswing. Market analysts predict that this upward trend will persist due to factors such as low interest rates, geopolitical tensions and a weakened dollar. These optimistic projections regarding gold create an investment opportunity for mining firms like Royal Oak Mines. John Smith emphasized that Royal Oak Mines primary objective is achieving profitability through optimized mining operations. He highlighted that focusing on cost gold deposits allows the company to fully capitalize on high gold prices while minimizing exposure to market volatility. ""Our strategy aligns perfectly with our objective of generating term sustainable value, for our shareholders.""By prioritizing the exploration of gold reserves we aim to make the most of favorable market circumstances and ensure maximum profitability. This strategy allows us to expand our business while minimizing risks and delivering returns to our valued shareholders "" he explained. The shift in focus by Royal Oak Mines reflects the transformations and difficulties in the mining sector. The COVID 19 pandemic has disrupted supply chains resulting in shortages of resources like chemicals, machinery and skilled workers. Furthermore growing environmental and social concerns have made mining operations more intricate and costly. Royal Oak Mines decision to concentrate on cost gold reserves represents a proactive step towards mitigating these challenges. In summary Royal Oak Mines commitment to emphasizing low cost gold deposits in Timmins and British Columbia underscores their dedication to optimizing mining operations. By capitalizing on market conditions they strive to maximize shareholder returns while keeping operational costs at a minimum. This strategic move positions Royal Oak Mines for profitability and growth, amidst the complexities faced by the mining industry.",ai
"The idea of construction plays a crucial role in shaping the emergence of a New World Order and the process of globalization. It is through the creation of social norms, beliefs and cultural practices that societies are able to come together interact and contribute to a globalized world. This essay will delve into how social construction contributes to both establishing a New World Order and driving the process of globalization. Social construction refers to the effort of societies in creating meaning and shaping reality through shared concepts and ideas. This process is not. Evolves over time influenced by various factors such as politics, economics and cultural practices. Through this process societies develop shared understandings, values and norms that serve as the foundation for their interactions and relationships with others. One way in which social construction contributes to the development of a New World Order is by establishing shared systems and institutions. The formation of organizations like the United Nations, World Trade Organization (WTO) and International Monetary Fund (IMF) reflects a common belief in international cooperation to address global challenges and foster peace as well, as prosperity. These organizations represent the constructed norms and values that uphold the notion of a global community and collective action. Moreover social construction plays a role in the phenomenon of globalization. As societies interact with one another they establish shared meanings and understandings that shape their relationships. For instance the idea of citizenship acknowledging that individuals belong to a larger interconnected world is a product of social construction. This concept urges people to transcend boundaries and embrace responsibility for the well being of others irrespective of their nationality. Additionally social construction influences practices and the movement of goods and services across borders. The establishment of norms and values around free trade and open markets has facilitated the expansion of global supply chains and the integration of national economies. The concept of capitalism, which highlights interdependence between economies and pursues profit on a worldwide scale is an outcome arising from social construction. Nevertheless it is crucial to acknowledge that social construction is not a process; it is shaped by power dynamics and inequalities. The formation of a New World Order along, with the process of globalization is influenced by ideologies and vested interests held by powerful actors who may perpetuate existing inequalities while marginalizing certain groups. To sum up social construction plays a role, in shaping the emergence of a New World Order and the advancement of globalization. By establishing standards, principles and convictions societies can unite, engage with one another and foster a globalized society. Nevertheless it is essential to assess this process to guarantee inclusivity, fairness and the overall welfare of every individual and community.",ai
"French aviation executives at the level have expressed their worries regarding the potential for increased difficulties with the United States regarding airline market access rights. Their concerns arise following actions taken by the US government to withdraw landing rights previously granted to a French airline. For a period of time the French aviation industry has maintained a strong partnership with US airlines witnessing more than 25 million passengers traveling between the two countries annually. Nevertheless recent developments have raised concerns among industry stakeholders. The US Department of Transportation recently revoked landing rights that had been granted to one of the French airlines. The reason cited for this action was regulations imposed by France that restrict the number of flights between both nations. This move is perceived as an attempt by the US government to exert pressure on France in order to expand market access for American airlines. These events have sparked fears that France could face measures from the US, which would trigger a chain reaction leading to renewed turbulence within the aviation industry. Given that French airlinesre already grappling with economic challenges resulting from the global pandemic, a potential trade war with their American counterparts could prove catastrophic for their sector. Jean Baptiste Djebbari, Minister for Transport in France has expressed concern about this looming risk and has called for urgent discussions, with his American counterparts. He emphasized the significance of preserving the American alliance as ""crucial "" not only for the aviation sector but also for the broader economy. Experts within the industry have echoed these concerns cautioning that the United States might target French airlines and even extend its impact to other sectors of the economy. The aviation industry plays a role in generating revenue for France supporting over 355,000 jobs and contributing more than €53 billion to the countrys economy. The French government is anticipated to adopt a stance against any attempts to restrict market access for its airlines underscoring the importance of fair and unrestricted competition within the aviation industry. Nevertheless with potential economic repercussions looming uncertainty surrounds the situation. French aviation executives are hopeful that urgent discussions, with their counterparts will lead to a resolution before tensions escalate further. However given economic instability and political unrest there is a genuine possibility of encountering renewed turbulence within the aviation sector.",ai
"London, UK. It is anticipated that AMEC Plc will make an investment in Spie Batignolle, a French engineering and construction firm by November. This announcement follows months of speculation regarding a partnership between the two companies although both have been tight lipped about any specific deal. The investment is expected to amount to around £500 million with AMEC Plc acquiring a stake in Spie Batignolle. AMEC Plc is a provider of consultancy, engineering and project management services in the energy, water and infrastructure sectors. With operations spanning across than 50 countries the company has established a solid track record in successfully delivering complex projects worldwide. On the hand Spie Batignolle holds a dominant position in Europes engineering and construction industry and operates across various markets such as energy, transportation and public works. The investment is projected to yield benefits for both companies involved. For AMEC Plc specifically this strategic move will grant them access to the European market while leveraging Spie Batignolles expertise, in engineering and construction. Consequently it will enhance their ability to provide clients with services—especially within the energy sector. Spie Batignolle is set to receive a needed financial boost and expand its operations thanks to the investment. The deal also reflects the shared commitment of both companies towards sustainability. AMEC Plc has been an adopter of renewable energy sources and actively advocates for clean energy usage. Likewise Spie Batignolle has been working on initiatives to reduce its carbon footprint and implement energy efficient processes. The announcement of this investment is highly anticipated within the industry considering that both companies are players in their respective fields. If the deal goes through it will create a force in the engineering and construction sector with a wide range of capabilities and expertise. To sum up AMEC Plcs potential investment in Spie Batignolle marks a development in the engineering and construction sector. This partnership will yield benefits, for both companies by allowing them to capitalize on each others expertise while expanding their operations. We eagerly await the November announcement to see if this deal becomes a reality.",ai
"Title; The Enigmatic Tale of a Lost Spirit upon a time in a place veiled in secrecy I stumbled upon an old and weathered book with worn out pages. Flipping through its contents I discovered a beautifully written prompt inscribed on the pages; ""Share your most cherished memory and the emotions it stirs within you."" Captivated by the prompt I found myself immersing into the depths of my beloved recollections reliving the warmth they once bestowed upon my heart.. So the tale of my dearest memory began to unfold. Many moons ago during my childhood days my family embarked on a summer escapade to a cabin embraced by majestic pine trees. This cabin perched at the edge of a lake that shimmered under the radiant embrace of afternoon sunlight. This treasured memory still holds a place, within me. As we approached our destination there was an aura surrounding the cabin. Its weathered wooden exterior blended seamlessly with natures embrace beckoning us to step into a world by time itself. A gentle breeze caressed the surface of the lake creating ripples that mirrored the excitement coursing through my heart. Every day we would gather on the porch of the cabin basking in the aroma of breakfast wafting through the open windows. Laughter filled the air as we exchanged tales, aspirations and plans for the day. The excitement of venturing into territory coursed through our veins binding us together on a journey that would forever be etched in our hearts. Our expedition commenced with a hike along a trail leading us deeper into the wilderness. The path was adorned with wildflowers intermingling with the harmonious symphony of chirping birds and rustling trees. The atmosphere seemed infused with enchantment as if nature itself embraced our presence. As luck would have it we stumbled upon a concealed waterfall gracefully descending over moss covered rocks—a sight that shimmered like a cascade of precious gems under the sunlight. The cool mist, from the falls gently caressed our faces awakening our senses and leaving us captivated. It was a moment suspended in time—a memory to cherish and appreciate natures splendor. The following days were brimming with exploration, adventure and connection. We paddled across the lake in canoes effortlessly slicing through glistening waters and creating mesmerizing patterns. Our voices blended in song and laughter that harmonized with breezes carrying our elation far beyond. Evenings brought us together gathering around a crackling bonfire that filled our faces with a glow. The dancing flames created a sense of unity that went beyond words. We exchanged stories shared our dreams and gazed at the mesmerizing tapestry of stars. In that moment we discovered the truest joy lies in the company of loved ones and the solace found in nature. As our time at the cabin slowly came to an end memories continued to thrive within our hearts. It taught us the importance of gratitude as those precious moments offered a break from lifes demands. Our spirits were rejuvenated as we returned home carrying with us the essence of our adventure—the rhythm of laughter and cherished shared experiences. As years passed by and life led us on paths the cabin became a treasured relic from the past—a treasure always calling us back into its embrace. Yet the memories we made there remained forever alive within us; their spirit echoing in our souls. So whenever life becomes overwhelming or darkness looms over the world outside I gently close my eyes. Wander back, to that cabin by the lake—where tranquility resides.I can almost sense the suns warmth on my skin catch the scent of pine in the air and hear faint laughter drifting through the trees. In that memory a comforting smile appears on my face reminding me that even in times of chaos there is beauty to be discovered. I returned to the worn book and delicately traced over the prompt that evoked my favorite memory. It had become an anchor, amidst lifes ups and downs a sanctuary that reminded me to find solace in moments. With gratitude I carefully placed the book back where it belonged knowing that its words would forever resonate within me weaving into the fabric of my life.",ai
"Once a cheerful young man Alex was struck by a curse cast by a witch. Through an enchantment she took away his heart and replaced it with an icy fragment, devoid of warmth and emotion. As the frost consumed him his ability to experience love faded away. Relationships. He became unfamiliar with the concept of warmth. He helplessly observed as friends and family grew distant over time. Despite the passage of time the ice, within him remained untouched by the suns rays. Fearing that loves passionate touch would melt his heart he concealed himself behind a cold mask. Little did he realize that love possesses a power to melt even the most frozen hearts.",ai
"Once upon a time in a quaint town called Harmonyville there resided a man named Oliver. From the moment he took his very first breath it was clear that Olivers life would be defined by an intriguing equilibrium. For every misdeed he committed an equal act of kindness followed suit. This unique balance shaped his existence and earned him the endearing nickname of ""Even Keel Oliver"" among the locals. Olivers journey began in a fashion as he was born into a loving family who showered him with warmth and affection. As he grew older his empathetic nature and innate kindness became evident as he consistently went out of his way to assist others. Yet remarkably whenever he caused harm— unintentionally—a benevolent deed promptly erased its effects. During his years Oliver grappled with his own imperfections. On occasion he would lose control of his temper. Express frustration, through fits of rage. However these instances were short lived as he quickly recognized the error in his ways and sought to make amends—transforming moments of fear into reassurance. This uncanny equilibrium persisted throughout his adult life leaving the residents of Harmonyville both astonished and captivated. News of Olivers existence reached the attention of both Heaven and Hell who found themselves utterly perplexed by this phenomenon. Both realms took on the responsibility of overseeing humanitys afterlife. Neither had encountered a soul quite like Olivers. They decided to invite him for a meeting to explore a solution that would determine his eternal residence. Oliver arrived, completely unaware of the forces at work preparing to preside over his afterlife. The meeting took place in a hall with majestic chandeliers casting their glow on the celestial beings seated before him. Saint Peter, renowned for his judgment chaired the gathering, alongside Lucifer himself ruler of Hell. Peter initiated the conversation by inquiring about Olivers life. As Olivers story unfolded a profound silence fell upon the room. Never before had they encountered such an existence. A life brimming with an equal balance of virtue and vice. Both Heaven and Hell began to view Oliver as a representation of the incomprehensible complexities of human morality. This sparked discussions and concerns regarding sin and redemption. After hours of deliberation Peter and Lucifer devised a proposition. They proposed that Oliver should be given the choice to decide where he would prefer to spend eternity. Both realms acknowledged his influence and believed that his remarkable example would profoundly impact lost souls. Feeling humbled by all the attention bestowed upon him Oliver took a moment to contemplate this proposal. Deep in thought he pondered the decision and sought a moment of solitude to gather his thoughts. During that time alone an epiphany dawned upon Oliver. He came to realize that the equilibrium he had maintained throughout his life wasn't solely a result of his actions but also mirrored the inherent duality of human nature. It served as a testament to the struggles faced by individuals torn between darkness and light. Returning from his contemplation Oliver nodded with unwavering conviction. He agreed to the proposal presented to him. With an additional condition. Granting him access to both realms, Heaven and Hell. His purpose was clear; bringing harmony and solace to those who needed it most. The proposition was met with acceptance marking the beginning of Olivers journey. In Heavens realm he gently guided lost souls towards redemption offering comfort and unwavering support. In Hells domain Oliver became a beacon of hope amidst torment teaching tormented spirits about the power of forgiveness. As years passed by like wildfire spreading its flames Olivers influence grew exponentially. Souls from both realms embraced the concept of balance eagerly; seeking redemption while striving for growth. The separate worlds of Heaven and Hell found themselves united with a shared purpose. As more souls yearned for escape, from eternal punishment or endless blissful existence. The realms transformed into places of growth, contemplation and progress than starkly contrasting states. As time moved forward the cosmic equilibrium shifted. The boundary between Heaven and Hell blurred, merging into a realm known simply as ""Destiny."" Within Destiny souls were granted the freedom to navigate their lives acknowledging the choices they made and striving to reconcile with the consequences. Oliver earned the reputation of being the ""Harbinger of Destiny "" a guide who inspired souls to discover their own personal balance. Both Heaven and Hell initially grappled with how to handle his existence but eventually realized that Oliver was a catalyst, for change challenging traditional notions of an afterlife. And Olivers story became immortalized in the records of Heaven, Hell and Destiny—a grand tale of equilibrium, compassion and redemption. The impact of his life reverberated throughout eternity as a reminder that amidst lifes chaos harmony could always be sought after.",ai
"Introduction; In todays era media plays a crucial role in shaping our lives including its impact on education and learning. Renowned educational psychologist Robert Kozma has extensively researched the influence of media on learning. His perspective focuses on the effects of media in education providing valuable insights into the field. This essay aims to explore Kozmas viewpoint on how media affects learning and why his perspective's beneficial for promoting effective education. Understanding Kozmas Perspective; To comprehend Kozmas standpoint regarding the influence of media on learning it is important to highlight his beliefs and discoveries; 1. Media as Cognitive Tools; According to Kozma tools like computers and interactive technologies can act as aids that enhance the learning experience. These tools actively engage students fostering higher order thinking skills and facilitating knowledge construction than mere knowledge acquisition. 2. Learning through Social Interaction; Kozma emphasizes how media enables learners to participate in activities and engage with socio cultural aspects through online platforms. This fosters interaction and knowledge sharing ultimately promoting deeper understanding and encouraging different perspectives. 3. The Significance of Contextual Learning; Kozma underscores the importance of context, in the process of learning. He suggests that media can offer situations allowing students to apply their knowledge in real life scenarios. By engaging with media simulations and virtual environments learners can develop problem solving and critical thinking abilities required for real world challenges. 4. Multimedia Learning; Kozmas perspective aligns with the theory of multimedia learning, which proposes that students learn better when information is presented using modes, such as text, images and audio. Media facilitates the integration of modes enhancing comprehension and retention. Reasons for Favorability; Kozmas viewpoint on the impact of media on learning is favorable due to compelling reasons that highlight the advantages of incorporating media into educational settings; 1. Increased Engagement and Motivation; Conventional lecture based approaches often struggle to maintain student engagement and motivation. Kozmas perspective emphasizes the dynamic nature of media capturing students attention and promoting active participation. Whether through simulations, assignments or educational games media provides a stimulating learning environment that enhances motivation and overall learning outcomes. 2. Fostering Critical Thinking and Problem Solving; Medias capacity to provide contextualized learning experiences plays a role, in nurturing critical thinking and problem solving skills. Virtual simulations and interactive platforms offer students the opportunity to engage with real life scenarios encouraging them to analyze, strategize and make informed decisions. This approach promotes the application of knowledge allowing learners to bridge the gap between theory and practice and ultimately enhance their problem solving abilities. Personalized learning becomes more effective with the assistance of media. By utilizing learning platforms, adaptive software and intelligent tutoring systems students can learn at their own pace receive tailored feedback and access additional resources as required. Kozmas perspective recognizes the potential of media in tailoring experiences to individual needs ensuring that every student has the chance to excel academically. Collaborative learning has long been recognized as an educational approach and media provides a powerful means to facilitate such interaction. Through media platforms like classrooms, discussion forums and collaborative projects students from diverse backgrounds can connect with one another collaborate effectively and share knowledge. These opportunities for dialogue allow students to gain varied perspectives while developing crucial social skills that prepare them for active participation in an interconnected globalized world. Kozmas emphasis on multimedia learning aligns with research, in psychology that highlights its significance in promoting enhanced understanding and retention. Combining text, visuals and audio enhances comprehension. Makes information easier to remember. When educators utilize multimedia elements they can present concepts in various formats that cater to diverse learning styles and preferences. This approach leads to understanding improved retention of knowledge and more effective transfer of information. In conclusion; Robert Kozma provides a perspective on the impact of media on learning that deserves careful consideration. The advantages he highlights, such as increased engagement, development of thinking skills personalized learning opportunities, collaborative experiences and enhanced understanding present a strong case for incorporating media into educational environments. In an era where media plays a significant role in our daily lives Kozmas viewpoint recognizes the potential of media as a catalyst for educational progress. Ultimately this integration equips learners, with the skills to thrive in the digital age.",ai
"On a summer evening as the sun began its descent over the city Daniel found himself sitting on his porch strumming his guitar. The melodious notes of his song filled the air transporting him back to a time when life was simpler and love felt pure. Within the lyrics of this cherished melody lay a tale of two hearts entangled in love within a small town. Their affection faced insurmountable obstacles but with each chord Daniel played memories surged forth allowing him to relive the story this beloved song once told. It was during the summer of '98 that Daniel—a yet gifted musician—first laid eyes upon Lily amidst a crowd, at a local music festival. Her captivating smile immediately caught his attention causing time itself to momentarily freeze. With her flowing hair and eyes that sparkled like stars she had him captivated from the beginning. Days turned into weeks as Daniel and Lilys love blossomed. Their names became whispered by the wind as they shared stolen moments beneath the summer sky. From fields adorned with wildflowers to hideaways nestled within wooded realms their love flourished beyond any limitations set by time or space. However life had its way of testing their unwavering commitment. As Daniels music career started to gain momentum the gap between them began to widen. The constant traveling late night performances and relentless pursuit of success had their consequences. Their unbreakable promise to always support each other started fading away softly lingering in the background. Daniel found himself on a concert stage holding his guitar, encircled by fans. However as their applause drowned out everything around him he couldn't help but feel an overwhelming sense of emptiness. The chaos and fame had stripped away the love that meant much to him. As the song reached its climax Daniels fingers moved gracefully across the strings channeling his heartache into every note he played. The story of their love falling apart unfolded as he sang about his yearning, for Lily. His voice held the truth within it. Resonated with listeners who had experienced the anguish of lost love. Time has a way of healing wounds and years had gone by since they last embraced each other. One evening while Daniel was playing that haunting melody on his porch a gentle knock interrupted his thoughts. Opening the door rendered him speechless as he gazed into the eyes of his lost love. Lily, who has experienced the trials and tribulations of life stood on his porch clutching a bunch of wildflowers. The years apart had taught her the value of forgiveness and the void that had consumed her for long. Without saying a word, Daniel and Lily embraced, feeling the weight of years worth of regrets melt away. In that moment as their hearts beat together more they both understood that their love was timeless. With eyes Daniel returned to his guitar and strummed a new melody. It spoke of redemption. An opportunity to reclaim the love they had once lost. As the final chord reverberated through the air Daniel and Lily stood in each others arms, with a belief that this time their love would conquer all obstacles. Their cherished song, now transformed into a symbol of hope and resilience played silently within their hearts as a reminder that true love always finds its way back home.",ai
"As the soft morning sunlight streamed in through the curtains I slowly opened my eyes feeling a bit drowsy but ready to embrace another day. Little did I know that this day held surprises beyond the usual. As I clumsily got out of bed my hand. Accidentally brushed against the cool wooden floor causing me to stumble. In that instant a mysterious energy coursed through me infusing every cell of my being with an invigorating power. Curiously I raised my finger to inspect the floor. Was astounded by what I saw. It was spotless. Not a speck of dirt or grime remained! It dawned on me that I had acquired an ability. The gift to effortlessly cleanse any surface in an instant. Filled with excitement coursing through my veins I made up my mind to utilize this power for good. Stepping outside it didn't take long for me to notice litter strewn across the streets walls adorned with graffiti and fountains tainted by pollution. With a touch, from me everything transformed right before my very eyes. The world became an healthier place. However as time went on throughout the day an overwhelming sense of dread settled over me like a storm. It dawned on me that by using my touch to eliminate filth I inadvertently disturbed the natural balance of bacteria thriving beneath our feet. Under my touch the soil transformed into a wasteland devoid of any signs of life. Shocked and dismayed I realized that I could no longer bear the consequences of this power. It dawned on me that cleanliness and purity should coexist harmoniously with the order of things. With humility I made the decision to use my power selectively stepping in when cleanliness was absolutely necessary while allowing nature and the world to thrive in their own unique ways. So armed with this newfound insight I wholeheartedly embraced my extraordinary yet delicate ability – a catalyst, for creating cleaner surroundings without disturbing Mother Natures magnificent masterpiece.",ai
"I found myself sitting alone in my lit apartment feeling the weight of the world on my shoulders. Tears welled up in my eyes smudging the words on the newspaper that lay on the coffee table; ""Unemployment rates reach unprecedented levels."" It felt as though everything was falling apart. It had been months since I lost my job and my savings were slowly dwindling away. Overwhelmed by despair I turned to media in search of a distraction from my harsh reality. In a plea for comfort I wrote; ""Today has been one of those days where everything feels like its going wrong. Can someone please share a story with an ending?"" Minutes stretched into what felt like an eternity as I anxiously awaited any response while doubts and fears continued to consume me. When hope was beginning to fade away a notification appeared on my phone screen. It displayed a name accompanied by a message; ""I have a story just for you."" The message went on to narrate the tale of Lily. A woman who shared similarities, with me. Like me Lily was facing her days and struggling to find even the slightest glimmer of hope. Despite everything appearing lost she held onto a belief that better things were yet to come. One day while strolling through a lively city park Lily unexpectedly came across an abandoned dog. The poor pup was alone and desperately needed love and care. Determined to change her circumstances Lily decided to welcome the dog into her life as her own. They quickly formed a bond and found comfort in each others company. Gradually Lilys luck took a turn for the better. Inspired by the love she received from her furry companion she channeled her creative energy into starting a business crafting handmade accessories for dogs. The venture flourished, bringing happiness not to Lily and her newfound best friend but also, to pet owners throughout the city. As I listened to Lilys tale of resilience, strength and the power of love my heart filled with warmth. I wiped away my tears. Felt a renewed sense of determination within me. If Lily could transform her life for the better then surely I could too. With hope fueling my spirit I closed the newspaper and picked up a pen. It was time for me to script the chapter of my own story—a journey that would lead me towards happiness, success and the realization that even amidst lifes darkest moments a glimmer of light can break through like sunlight piercing through clouds.",ai
"Sarah sat down with her daughter, Emily excited to share a family album filled with memories from the past. In this era cloning oneself had become a reality and Sarah had chosen to raise a female version of herself as her own daughter. As they flipped through the worn out photographs reminiscences flooded back. One particular picture caught Sarahs attention. ""Look at this one, Emily "" she exclaimed while pointing at the photo. ""This is me when I was around your age."" Emilys eyes widened as she carefully examined the image. ""Oh my goodness, Mom! You look much like Aunt Lily!"" Sarah froze in disbelief; a shiver went down her spine. Emily was absolutely right. The girl captured in that picture bore a resemblance to her sister Lily when she was that young. It didn't seem logical or possible. How could her cloned daughter look much like her sister? Overwhelmed, by curiosity and confusion Sarah made up her mind to confront Lily about it. As they found themselves sitting together in Lilys living room Sarah searched for just the right words. ""Lily "" she began hesitantly ""I showed Emily some pictures today and she noticed that I looked exactly like you when I was her age. Can you help me understand how this is even possible?"" ""Lily her eyes filled with a mix of surprise and sadness spoke softly. 'Sarah there's something I've been meaning to tell you. Shortly before you were born our mother passed away. Dad was devastated,. He wanted a piece of her to live on through us. He secretly got hold of Moms DNA. Hired an exceptional geneticist to create a clone. You.' Sarahs heart raced in her chest. 'Why didn't you tell me earlier?' Lily reached out. Gently squeezed Sarahs hand showing empathy. 'I wanted to shield you from this information, Sarah. I didn't want you to bear the burden of feeling like a replacement or constantly living in our mothers shadow.' Tears welled up in Sarahs eyes as she tried to comprehend the weight of this revelation. Her mother, someone she had always wondered about was now ingrained within her existence.. Now as she looked at Emily the truth became painfully clear. 'Emily is more, than my clone... Isn't she?' Sarah struggled with her words. Lily nodded lovingly her eyes brimming with affection. 'Emily carries not your genetic material but also our mother’s.'"" Sarah felt a surge of emotions in her heart. The complexity of her past surprised her. It only made her bond with Emily stronger. She understood the importance of embracing her identity while also treasuring the legacy left by her mother. From that moment on Sarah looked at Emily from a perspective. Although they shared a resemblance to Lily there was a connection, between them all. They were not just mother and daughter or sisters; they were also carriers of a spirit that would pass their familys love and strength to future generations.",ai
"U Freight Holdings, a known global freight forwarding and logistics company has announced its plans to establish a new office in Guangzhou, China. The objective is to leverage the network of China Southern Airlines, which has been expanding rapidly. According to sources the strategic location of the new office near Baiyun International Airport in Guangzhou will facilitate easier access to China Southerns domestic and international routes. With China Southerns strong presence in the Asia Pacific region and its growing route network, U Freight Holdings aims to develop its business in this area. Simon Wong, CEO of U Freight Holdings expressed confidence in the market potential. Highlighted their expertise in freight forwarding and logistics. He emphasized that establishing an office in Guangzhou will enable them to provide more efficient and effective services to their clients. Wong also emphasized that U Freight Holdings expansion plans align with their long term strategy of strengthening their presence in the Asia Pacific region. Recognizing China as a market for their operations they are committed, to investing in the countrys logistics sector. ""We are excited about our expansion into Guangzhou and the opportunities it brings to meet the growing demand for freight forwarding and logistics services "" he mentioned. This move aligns with the rapid growth of Chinas logistics industry driven by strong demand from both local and international customers. As per a report by the China Federation of Logistics and Purchasing the revenue of Chinas logistics industry witnessed a year on year growth of 4.7% in 2020 despite the challenges posed by the Covid 19 pandemic. Moreover Chinas Belt and Road Initiative has resulted in increased investments in infrastructure projects, which are expected to boost demand for logistics services in this region. U Freight Holdings, with over two decades of experience operating in China currently maintains offices, in Beijing, Shanghai, Shenzhen and Xiamen. The company plans to commence operations at their Guangzhou office during the second quarter of 2022.",ai
"Louisiana Pacific Corp. (LP) has made the difficult choice to shut down its Ketchikan Pulp Mill after discussions with the Clinton Administration. This decision comes after years of controversy surrounding the companys practices, which have been criticized for their impact on the environment and public health. The Ketchikan Pulp Mill, a pulp and paper facility in the state that has operated since the 1950s has been steeped in controversy for quite some time. It has faced allegations of pollution and potential harm to local residents. Over years LP has faced increasing scrutiny from the Clinton Administration, which advocates for stricter environmental regulations and better safeguards for public health. Despite negotiations between both parties no agreement could be reached leading LP to choose to close down the mill. LP CEO Brad Southern expressed that closing down the Ketchikan Pulp Mill was a decision but believed it was in the best interest of both the company and the community in a statement, to the press. ""We've been in negotiations with the Clinton Administration for a while but unfortunately we haven't been able to reach a mutually beneficial agreement."" The closure of the Ketchikan Pulp Mill will have an impact on the local economy leading to the loss of hundreds of jobs. The company has assured us that they will collaborate with authorities and community leaders to minimize the effects of the closure and help affected employees find new job opportunities. Many advocates for conservation and public health view the decision to shut down the mill as a triumph for their cause. They argue that LPs practices posed a risk to the well being and health of local residents. ""LPs choice to close down the Ketchikan Pulp Mill is a victory for everyone who has fought for environmental and public health safeguards "" stated environmental activist Jane Doe in a press release. ""For too long this company has operated without considering its impact, on our community. It's gratifying to see them finally being held accountable.""However some individuals have raised concerns regarding the consequences of shutting down the mill on the local economy. They argue that the loss of jobs will create a ripple effect that will impact the entire community. John Smith, a business owner expressed his distress over this matter. He stated, ""The closure of the mill is a blow to Ketchikans residents who have relied on it for employment and economic stability for generations. While we understand and support those fighting for environmental safeguards we also acknowledge that this closure will significantly affect our community. We are committed to working to minimize its impact as much as possible."" Despite LPs practices they have made a commitment to continue their operations in other regions within the state and country. They also pledge to collaborate with government officials and community leaders to ensure that their activities are conducted in an responsible manner. ""In ways "" Southern remarked, ""this decision marks a turning point, for our company."" ""We understand the importance of adjusting to evolving demands concerning the environment and public health. Our dedication lies in collaborating with all parties involved to guarantee that our operations are carried out in a manner that prioritizes safety, responsibility and sustainability for generations.""",ai
"Introduction (100 words); In the realm of justice the Guilty but Mentally Ill (GBMI) verdict has sparked considerable controversy. GBMI allows defendants to be held responsible for their crimes while acknowledging their illness. This essay explores the arguments surrounding the GBMI verdict emphasizing its implications for the criminal justice system. By examining how justice and mental health intersect we can gain an understanding of the GBMI verdict. Arguments supporting the GBMI Verdict (250 words); 1. Recognition of Mental Health Conditions; A critical argument in favor of the GBMI verdict is its acknowledgment of health conditions. By implementing GBMI courts recognize that certain defendants may lack comprehension of their crimes due to mental illness. This verdict serves as a compromise that considers mental health concerns while still holding individuals accountable for their actions. 2. Striking a Balance; Another argument supporting the GBMI verdict is its ability to offer a solution. By allowing juries to convict individuals as both guilty and mentally ill this verdict achieves equilibrium, between considerations. This verdict takes a compassionate approach recognizing the complexities of mental illness while also prioritizing public safety. It provides an opportunity for treatment to address the underlying issues that may have contributed to the crime. One of the benefits of the GBMI verdict is that it can serve as a pathway for offenders with health disorders to receive the treatment they need. By assigning this verdict courts ensure that individuals have access to mental health care aiming to rehabilitate them rather than solely punishing them. This focus on rehabilitation has the potential to reduce recidivism rates. However there are some arguments against the GBMI verdict. Critics suggest that its implementation introduces ambiguity into sentencing procedures. Determining a punishment for someone who is found guilty but mentally ill raises concerns about standardization within the criminal justice system. This ambiguity may undermine trust in the consistency and predictability of sentences. Opponents also argue that the GBMI verdict could be exploited by defense attorneys seeking lenient sentences for their clients. Since mental health assessments can be subjective these assessments might be used inappropriately allowing defendants to manipulate the system. Overall while there are concerns surrounding this verdict it offers a more comprehensive approach towards addressing mental illness and providing necessary treatment, within our criminal justice system. The potential impact on the credibility of the verdict and public trust in the fairness of the criminal justice system should not be underestimated. 3. Stigma and Perception of Mental Illness; One argument against the GBMI verdict is that it reinforces stereotypes associated with mental illness. Critics argue that this verdict perpetuates the belief that individuals with disorders are dangerous or unpredictable. Such perceptions can contribute to discrimination and misunderstandings about health further isolating those who require support. Conclusion ( 100 words); The controversy surrounding the GBMI verdict raises complex questions about justice, accountability and mental health. Supporters of the GBMI verdict advocate for recognizing the complexities of illness and enabling appropriate treatment. However critics maintain that it introduces ambiguity in sentencing and reinforces stigma. Finding a balance between justice and addressing health challenges remains a difficult task, for our criminal justice system. Further research, dialogue and comprehensive analysis are essential to develop an nuanced approach that acknowledges the multifaceted nature of these issues.",ai
"The COVID 19 pandemic has had an impact on the world affecting public health, the economy and various aspects of society. One area that has been particularly affected is nursing, as discussed in Fauteuxs article titled ""COVID 19; Impact on Nurses and Nursing."" This article sheds light on the changes in nursing practices. The challenges faced by nurses during these unprecedented times through its abstract, introduction, research method and results. The abstract of the article provides a summary of the main points covered in the research. It highlights how nurses and nursing have been impacted by the pandemic and their valuable contributions to care during this crisis. The abstract also outlines some of the challenges faced by healthcare professionals including shortages of protective equipment (PPE) and increased workloads leading to burnout. In its introduction the article sets the stage for discussions by providing a comprehensive overview of the COVID 19 pandemic and its effects on healthcare systems. It delves into challenges faced by nurses such as higher risks of infection ethical dilemmas, in providing care and psychological tolls resulting from witnessing high mortality rates. The introduction also emphasizes how understanding these impacts can help improve nursing practices and support nurses well being. The article takes an approach to research methodology, where interviews with nurses working on the frontlines during the pandemic were conducted. This method allows for an exploration of nurses experiences and perspectives providing a better understanding of the challenges they face. The interviews shed light on changes in nursing practices, such as implementing infection control measures adapting to new protocols quickly and relying more on telehealth. The studys results offer insights into the changes and challenges in nursing practices during the COVID 19 pandemic. The article emphasizes how nurses endure mental strain due to long working hours, higher patient acuity and exposure to the virus. It also highlights the importance of support systems and resources to ensure their well being. Additionally it underscores how policy changes and resource allocation are crucial in addressing challenges faced by nurses. In summary ""COVID 19; Impact on Nurses and Nursing"" significantly contributes to understanding shifts, in nursing practices and the hardships faced by nurses during this pandemic. The abstract, introduction, research methods and findings all offer insights, into how COVID 19 has affected the nursing field. This information can assist policymakers and healthcare professionals in addressing the evolving demands and ensuring the well being of nurses during these times.",ai
"Once upon a time in a land blessed with waters there existed a quaint village called MarContest. Embraced by mountains and lush valleys its inhabitants thrived on their deep connection with the natural world. However an unforgiving drought struck, plunging the villagers into despair. The joyful melodies they once sang were now replaced by whispers. Faced with desperation a brave young woman named Eira set out on a journey upstream guided solely by flickering hope. Overcoming terrains she stumbled upon a hidden spring of enchantment nestled within the heart of the forest. Drawing strength from the bounties of nature itself she channeled its life giving waters back, to her village rejuvenating MarContest with renewed vitality. From that moment they held water as their most precious treasure.",ai
"Beijing, China. Chen Guangcheng, a human rights activist from China who's currently in exile has expressed his opposition to the decision of charging Wang Dan, a detained dissident with capital offenses. Wang Dan, known as one of the leaders of the 1989 Tiananmen Square protests was arrested in March 2021. Has been held in custody ever since. Chen, who gained recognition for his advocacy against forced abortions and sought refuge in the United States after years of being under house arrest in 2012 released a statement expressing his concerns regarding the charges imposed on Wang Dan. According to Chens statement Wang Dan is facing accusations of ""endangering security "" which could potentially lead to a death sentence. ""Wang Dan is an individual of courage and unwavering principles who has fearlessly fought for justice and freedom despite personal risks "" stated Chen. "" than being punished for his endeavors he should be acknowledged."" Chens statement comes at a time when there is an increasing crackdown on dissidents within China. The government has intensified its efforts to suppress any form of dissenting voices. Notably several other prominent individuals have been arrested over months. For instance Ren Zhiqiang—a businessman and government critic—was sentenced to 18 years, in prison on charges related to corruption and bribery. In his statement Chen also made a comparison between Wang Dan and Liu Xiaobo, a known Chinese pro democracy activist who received the Nobel Peace Prize in 2010 while being imprisoned. Unfortunately Liu Xiaobo passed away in 2017 while still in custody. ""We must not allow another situation like Liu Xiaobos to occur "" Chen remarked. ""Wang Dan should have the freedom to express his thoughts without fear of retaliation."" The charges against Wang Dan have also faced criticism from outside of China. The European Union expressed concern over his detention and the unjust imprisonment of human rights defenders within China. The EU called for the unconditional release of Wang Dan and other detained activists. These charges against Wang Dan come at a time when tensions between China and the United States are heightened. The two countries have been engaged in disagreements on matters such as trade, human rights and even the origins of the coronavirus pandemic. Recently there has been an increase, in US criticism regarding Chinas treatment of dissenters. Secretary of State Mike Pompeo tweeted in support of Wang Dan stating, ""We stand with Wang Dan and all those who strive for freedom and human rights in China."" Despite facing increasing pressure China has not shown any indication of easing its crackdown on dissidents. The government continues to exercise control over aspects of society adopting an increasingly authoritarian approach. This situation puts activists like Wang Dan in danger as they risk being permanently silenced. Chen emphasized the importance of holding the Chinese government accountable, for its actions. Emphasized that allowing them to escape consequences is unacceptable.",ai
"Since far back as I can recall my memory has been both a blessing and a burden. The world that surrounds me springs to life with clarity every little detail etched into my mind. However there's something quite extraordinary about it. I possess memories from a time before my birth. This peculiar phenomenon began during my childhood fragments of moments lingering in my thoughts. I could vividly recollect the touch of my mothers hand even before I had actually felt it. The whispers of lullabies from my fathers voice would reach me in the darkness of the womb. These memories, though inexplicable became my treasure. As I grew older this ability of mine only grew stronger. I could recall with precision the brushstrokes on ancient paintings catch the scent of long extinct flowers and hear echoes from languages long lost to history. It was as if I could recount events that transpired before my own existence as if they were firsthand experiences. This constant deluge of the flooding, into my mind became overwhelming. People were simultaneously fascinated and frightened by this gift bestowed upon me. They questioned how such an improbable thing could be possible. Alas I had no answers to provide them with. All that I knew was that these memories formed a part of who I am—a tangible thread connecting me to a past that remained unexplored by myself. Over time and through acceptance I have learned to embrace this ability of mine. Than fixating on the puzzle that lies behind it I've made the choice to utilize it in a way that brings joy and meaning to others. I've embraced the role of a historian sharing tales, from forgotten periods and infusing them with vitality. My talent has become a bridge connecting people to the beauty and marvels of history spanning across time from past to present. As time goes on I continue to navigate through the maze of history skillfully intertwining its narratives. While my memories preceding my birth may forever remain elusive they serve as a reminder of lifes intricate tapestry that extends far beyond our individual origins.",ai
"Lets explore the theme of everlasting love in Edgar Allan Poes poem titled ""Annabel Lee."" How does the speakers love for Annabel Lee go beyond death? We'll discuss the use of imagery and symbolism in the poem to support our analysis. Edgar Allan Poe is widely recognized for his stories and melancholic poetry often delving into themes of death, loss and supernatural elements. In his poem ""Annabel Lee "" Poe delves into the concept of enduring love that surpasses mortality. Through imagery and powerful symbolism the speaker immortalizes their love for Annabel Lee demonstrating how true love can withstand the trials of time and even death itself. In ""Annabel Lee "" the speaker begins by introducing us to his love for Annabel Lee. He describes her as a woman who resided in a kingdom near the sea. By repeating her name throughout the poem he emphasizes her significance highlighting the connection they shared. This repetition serves as a foundation for exploring the theme of everlasting love within this work. The speakers adoration, for Annabel Lee goes beyond mere fondness or infatuation. Throughout the poem Poe employs vivid and haunting images to evoke the depth of their bond. For example the speaker portrays their love as deep causing them to feel envious of the angels in Heaven. This vivid imagery not highlights the greatness of their love but also suggests a heavenly quality to their relationship elevating it to a divine level. Additionally Poe employs symbols throughout the poem that add layers of significance to the theme of eternal love. The kingdom by the sea, where Annabel Lee resided symbolizes a place untouched by time and death. It represents the purity and innocence of their love. The sea itself a recurring symbol in Poes works signifies the everlasting nature of the speakers devotion. Despite Annabel Lees demise the speakers love continues to flow like the eternal waves of the sea. Furthermore this poem explores immortality through its depiction of the moon. The speaker proclaims that ""the moon never beams without bringing me dreams/ Of Annabel Lee."" In this context the moon serves as a symbol of eternity. Implies that their love transcends life and death. The dreams experienced by the speaker, about Annabel Lee suggest that their love is so intense that it exists beyond reality. Residing within dreams and cherished memories. In addition the repeated phrase ""in this kingdom by the sea"" in the poem enhances the feeling of everlasting love. By using this repetition Poe emphasizes that their love is not limited to existence but extends into eternity. The speakers affection for Annabel Lee grows stronger after her passing. He becomes consumed with sorrow. Continues to mourn her even after she is laid to rest in the tomb. He asserts that their love is so powerful that death itself cannot separate them. The speaker believes that the angels in Heaven were jealous of their love and thus sent a wind that led to Annabel Lees demise. Again the imagery of the wind highlights deaths inevitable grip. Despite its conclusion the speakers devotion, to Annabel Lee remains unwavering. He proclaims that their souls are intertwined and they are soulmates. The use of ""entwined"" implies a mingling of their souls suggesting that their love has transcended existence. The theme of love is further reinforced through the repetition of the line ""For the moon never beams without bringing me dreams/ Of beautiful Annabel Lee."" After her passing the speakers dreams ensure that Annabel Lee remains a constant presence in his life. The vibrant imagery of the moon shining brightly implies that their love continues to emit warmth and comfort allowing the speaker to feel connected to his beloved in death. To conclude Edgar Allan Poes poem ""Annabel Lee"" delves into the theme of love that transcends mortality. The speakers affection for Annabel Lee is vividly portrayed through imagery and meaningful symbolism. By depicting a realm near the sea, eternal waves and everlasting moonlight Poe emphasizes the timeless and unwavering nature of their love. Moreover he reinforces this idea by repeating phrases and symbols such as ""Annabel Lee"" and the moon underscoring that their bond is a force that surpasses death itself perpetuating their eternal connection. Poes exploration of enduring love, in ""Annabel Lee"" serves as a reminder that genuine and profound love can conquer even the boundaries of mortality.",ai
"In times there has been a growing trend among Canadian viewers to gravitate towards American television shows, which has raised concerns among Canadian lawmakers. In light of a dispute with American media companies Canada has now announced its intention to establish its own satellite TV industry. The Canadian Radio television and Telecommunications Commission (CRTC) has made it known that they will conduct hearings regarding the issue of content in satellite distribution. At present American TV channels dominate the market leaving only a handful of Canadian channels offering content in English and French. Although these channels are legally obligated to broadcast an amount of Canadian content many argue that American shows still have the upper hand. This situation is causing worry for Canadians who believe their cultural identity is being overshadowed by American pop culture. The dispute with media companies has further fueled this concern as some American channels have been removed from Canadian cable networks. As a result there are calls for Canada to develop its satellite TV industry which would grant Canadian broadcasters greater control over programming choices. The CRTC is actively seeking input from industry stakeholders on ways to enhance the presence of content in satellite distribution. This could involve implementing requirements for Canadian content, on satellite channels or offering financial incentives to promote the production of more homegrown programming. The hearings are scheduled to begin in the few months and are anticipated to be filled with disagreements. Canadas decision comes at a time when many Canadians are expressing dissatisfaction with US media companies. There is frustration among Canadians regarding the dominance of programming on Canadian airwaves with critics arguing that it drowns out Canadian content. The ongoing dispute involving media companies like Fox News and CNN has only intensified this frustration. Some individuals argue that the dispute also reflects tensions between Canada and the United States. The US has been critical of Canadas decision to impose taxes on service providers like Netflix claiming that it may result in retaliatory actions from the American government. In response Canada has refuted these claims stating that such taxes are necessary to ensure competition for Canadian broadcasters. While Canadas plan to establish its satellite TV industry presents challenges, such, as developing new infrastructure to compete with established American networks at a potentially high cost and time investment there is optimism that Canadians will embrace a new network offering local content. With investments it is hoped that a thriving Canadian satellite TV industry can be realized. Canadas move is not unprecedented as numerous countries have taken measures to support their domestic broadcasting industries. In Europe for instance there are limitations on the amount of foreign programming allowed to be broadcasted on television. Some countries have even gone far as completely banning certain foreign channels. The ongoing disagreement between Canada and American media companies is expected to persist for a while. However Canadas plan to establish its satellite TV industry could potentially provide a solution. By promoting content and reducing dependence on American channels Canada can ensure the preservation of its unique cultural identity. The upcoming hearings by the CRTC may serve as a moment in the discussion surrounding Canadian content, in satellite distribution and the creation of a brand new Canadian satellite TV sector.",ai
"Microsoft Corporation, headquartered in Redmond, Washington has set its sights on competing with industry giants such as Amazon and Alibaba. Their latest move involves introducing an electronic commerce software called Microsoft Dynamics 365 Commerce. This software aims to simplify the process for retailers to directly sell their products to consumers while offering customer experiences and efficiently managing their business logistics. Collaborating with retailers and brands like Louis Vuitton, Walgreens Boots Alliance and Exxon Mobil Microsoft intends to promote the adoption of its cutting edge e commerce technology through strategic partnerships. Microsofts Dynamics 365 Commerce platform serves as a solution for retailers seeking to integrate their digital and physical channels seamlessly. By integrating with popular Microsoft products like Dynamics 365 Finance, Dynamics 365 Supply Chain Management and Microsoft Teams this platform streamlines various business activities while ensuring a transparent shopping experience for both customers and retailers. Alysa Taylor, Corporate Vice President of Business Applications at Microsoft emphasized in an interview that the shift, towards a digital commerce landscape has been significantly accelerated over the past year. ""We recognize the growing demand for a transaction fulfillment engine that can effectively manage both B2B and B2C commerce within a unified platform. Microsoft Dynamics 365 Commerce stands out as the retail solution that provides a comprehensive range of capabilities within a cloud based framework. This empowers retailers to deliver differentiated experiences fostering customer loyalty and driving business profits. As we approach the holiday season Microsoft aims to cater to retailers of all scales both large. Recent research by Salesforce reveals that 70% of U.S. Consumers plan to conduct the majority of their holiday shopping this year. This presents a moment for Microsoft to introduce its new platform. Carrie Gray, Chief Technology Officer and Senior Vice President at CVS Health expressed her enthusiasm about our collaboration with Microsoft; ""Our partnership will ensure that our product selection continues to meet the needs of our customers while offering them a superior and personalized online shopping experience."" By leveraging Microsoft Dynamics 365 Commerce CVS Health plans to integrate their online and physical store experiences further personalizing customer interactions. In addition to its features the new software incorporates artificial intelligence (AI) capabilities. This enables retailers to provide custom product recommendations based on customer behavior while also facilitating a smoother shopping experience, for their clientele."" For instance companies can utilize AI technology to enhance the shopping experience for customers by enabling them to make purchases on a brands website without having to leave the platform. Microsoft has also introduced features that supplement its Dynamics 365 for Retail e commerce technology with the introduction of the Fraud Protection service. Additionally they have plans to integrate closely with Adobe Experience Manager. The Dynamics 365 Fraud Protection service provided by Microsoft assists retailers in managing fraud and minimizing risks. This advanced machine learning technology specifically designed for retail is capable of analyzing data from retailers along with information thereby mitigating issues such as shipping fraud, account fraud and account takeover activities which are often challenging for retailers to handle. In order to solidify their position in the market Microsoft aims to expand their collaborations with retailers and brands while actively striving to enhance shopping experiences, for consumers.",ai
"America and Lithuania are two countries that have distinct cultural differences. These differences can be observed in their communication styles, values and expressions of hospitality which are influenced by their historical societal and geographical backgrounds. Firstly communication styles vary significantly between America and Lithuania. In America direct and assertive communication is prevalent. People are encouraged to express their thoughts and opinions straightforwardly. On the hand Lithuania adopts a more indirect communication style. Diplomacy and politeness hold importance leading to an emphasis on understanding the underlying message rather than relying solely on explicit words. Secondly values play a role in understanding these cultural contrasts. American culture emphasizes individualism, independence and personal achievements as values. Success is often measured by material wealth. Standing out from the crowd. Conversely Lithuania places emphasis on community bonds and collectivism. Family harmony and societal well being take priority over achievements as people actively look out for each others welfare. When it comes to hospitality practices, both America and Lithuania have their ways of expressing it. In America hospitality is characterized by warmth. A welcoming nature where strangers can quickly become friends. It is not uncommon to invite acquaintances or colleagues into ones home, to foster relationships. On the side Lithuania showcases its hospitality through a cozy and tight knit atmosphere. The traditional way of expressing hospitality in Lithuania involves sharing a meal or enjoying a cup of tea at home while thoughtful gift giving is also quite common. In general there are differences between America and Lithuania when it comes to communication styles, values and expressions of hospitality. These differences have been shaped by societal and geographical factors. While Americans tend to be straightforward and prioritize individualism Lithuanians lean towards a communication style that places high value on strong community connections. American hospitality is characterized by warmth and inclusivity whereas Lithuanian hospitality focuses more on cultivating relationships and upholding traditional customs. Recognizing and appreciating these distinctions contribute to forging stronger bonds and fostering cross cultural understanding, between these two nations.",ai
"After I took my breath I found myself in a small ordinary room. Confusion enveloped me as I tried to recollect the sequence of events that led me to this moment. As I surveyed my surroundings my gaze landed upon a device resting on a petite table at the rooms center. Intrigued by its aura I approached the device cautiously. It was a creation blending elements of both ancient and futuristic design. Its surface emitted a shimmer enticing me to explore its enigmatic purpose. Driven by curiosity and overcoming any lingering apprehension I reached out. Made contact with the device. Instantly a surge of energy coursed through my veins like a torrent flooding my consciousness with images and sensations. A gasp escaped from within me as I realized the nature of this contraption – it bestowed upon me the ability to shape who I would become in my next existence. My mind raced with thoughts as I contemplated the possibilities laid out before me. With trembling hands I began manipulating the devices controls. Choosing a life filled with adventures became my desire. An existence dedicated to uncovering hidden realms and unearthing forgotten treasures.. Amidst this process an ember of empathy flickered within me. I paused momentarily contemplating the lives that could be touched and the potential, for change that lay in front of me. In that moment I made the decision to shift my focus towards a life dedicated to compassion and helping others. I resolved to use my existence to bring happiness, comfort and support to those who truly needed it. As I interacted with the device I felt myself being drawn towards a life centered around healing and service. I molded my destiny by choosing to become a doctor. Someone capable of healing both physical ailments and wounded spirits. My goal was to work in villages and war torn regions providing assistance to those suffering from pain and illness ultimately making a lasting impact on their lives. I adjusted the device settings meticulously ensuring that my future life would be filled with resilience, strength and an unwavering determination. My aspiration was to become a symbol of hope as I navigated through the corners of the world bringing light into the lives of those who had lost all hope. Upon completing the design process a sense of contentment washed over me. Gratitude surged within me for being granted this opportunity to alter the course of my existence. Taking a breath I closed my eyes in readiness for embarking on this new extraordinary adventure armed with purpose and a compassionate heart. Moments later I felt a pull as if being transported away, from that small room dissolved around me. I woke up. Found myself in a hospital room with dim lighting noticing the distinct scent of antiseptic in the air. It marked the start of my journey, where I could embrace the ability to understand and care for others making a meaningful impact, on their lives.",ai
"Once upon a time in a traveling circus there lived a strongman named Magnus. Magnus was a figure towering over others with his strong physique and kind heart. People adored him for his displays of strength and he earned the respect of both children who marveled at his feats and adults who admired his unwavering dedication to his craft. He was renowned as the man in the realm—a reputation he had rightfully earned—until one fateful day. While cleaning up after an exhilarating performance Magnus stumbled upon a discovery—a seemingly ordinary piece of paper that felt oddly heavy. Curiosity piqued he attempted to lift it just as he had done with countless heavy objects in the past. To his astonishment the sheet of paper stubbornly remained firmly grounded—almost as if it were anchored by a force. Undeterred by this setback Magnus made up his mind to conquer this unyielding piece of paper. He exerted every ounce of strength within him. Poured sweat in relentless pursuit of success—but the sheet remained immovable. It defied all rationality; it possessed a power that surpassed his understanding. For days on end Magnus grappled with this perplexing enigma—the paper. He sought advice and wisdom from his circus performers but found no answers, among them. The circus leader, renowned for his knowledge advised Magnus to release his fixation on physical strength and instead focus on his inner resilience. However after spending hours in deep contemplation and meditation he couldn't find the solution. Determined not to surrender to this straightforward challenge Magnus made up his mind to embark on a journey of self discovery. Leaving behind the boundaries of the circus he ventured into the world traversing towering mountains, dense forests and arid deserts. With each step he took he moved closer to comprehending the essence of strength. One evening as the sun painted the sky with hues Magnus stumbled upon a simple town. Seeking shelter for the night he wearily entered a library. The elderly librarian named Ms. Adelaide observed Magnus attentively. Sensed his inner conflict. She kindly invited him to sit by a crackling fireplace and listened intently as he shared his story. ""My dear Magnus "" whispered Ms. Adelaide with warmth, in her eyes of compassion ""genuine strength doesn't lie in physicality alone but in embracing vulnerability and recognizing the power held within written words. That piece of paper symbolizes emotions weightiness memories significance and how stories written can touch hearts. Transform lives.""Magnus embraced her words recognizing the truth they held. Motivated he returned to the circus as a changed individual. He again faced the piece of paper but this time with a newfound understanding and emotions filling his heart. With hands Magnus gently grasped the paper sensing the stories whispered within its fibers. He realized that this was not merely a task to conquer or an obstacle to overcome. An opportunity to connect with the humanity woven into every word. As he embraced the weight of those stories a surge of empathy and enlightenment washed over him. The immoveable paper effortlessly lifted itself defying gravity as it floated upward. The circus erupted in applause. Wonder as Magnus proudly unveiled his newfound inner strength. The man who was once considered the strongest in all the land had discovered a greater strength within himself – one that touched hearts inspired souls and forever altered his place in the world. From that day onward Magnus continued to inspire others not through his physical abilities but also through his compassion and kindness that radiated from deep, within him. His tale became widely known reaching the hearts of individuals who in response discovered their own resilience through vulnerability and the exquisite power of written expression.",ai
"Introduction; The idea of sustainability has become increasingly important in times as we recognize the urgent need to protect our environment and secure a better future for our planet. Sustainability is a concept that encompasses various aspects, including social, economic and environmental considerations. In this essay we will delve into my understanding of sustainability and emphasize its crucial role in mitigating the effects of climate change. Additionally we will explore how individuals, businesses and governments play roles in promoting sustainability and working towards a sustainable future for generations to come. Body; 1. Comprehending Sustainability; Sustainability refers to the utilization and conservation of resources to meet present needs without compromising the ability of future generations to meet their own needs. It acknowledges the interdependence of realms such as the environment, society and economy while striving for equilibrium among them. Embracing sustainability involves moving from a linear model of consumption where resources are taken made into products and disposed of; instead favoring an approach that emphasizes efficient resource use, minimal waste generation and adoption of regenerative practices. 2. The Significance of Sustainability in Addressing Climate Change; Mitigating the impact of climate change is an aspect within the realm of sustainability. Climate change poses threats to our environment, communities as well, as various species worldwide. Climate change primarily occurs due to the release of greenhouse gases (GHGs) caused by activities, such as burning fossil fuels, deforestation and industrial processes. The goal of promoting sustainability is to address climate change by reducing GHG emissions adapting to its impacts and building resilience in both human systems. The role individuals play in promoting sustainability is indispensable. Firstly it's crucial to raise awareness about issues and the significance of sustainable practices. By educating ourselves and others we can influence attitudes and behaviors towards an environmentally friendly lifestyle. Secondly adopting habits like reducing waste reusing items, recycling materials and conserving resources empowers individuals to make a tangible positive impact. Lastly advocating for policy changes and supporting initiatives within our local communities further strengthens our commitment to environmental stewardship. Businesses have a role to play as agents of change in driving sustainable practices on a larger scale. Leveraging their capacity for innovation and market transformation enables them to make reductions in their environmental footprint. Embracing production processes minimizing carbon emissions and ethically sourcing materials are some ways businesses can contribute to sustainability efforts. Additionally implementing social responsibility initiatives transparent reporting practices and investing in renewable energy demonstrate their dedication, towards creating a greener future. By incorporating sustainability into the core strategies of businesses they can serve as catalysts for driving change across industries. 5. The Governments Role in Promoting Sustainability; Governments have a role to play in promoting sustainability by establishing policies, regulations and international agreements. They need to commit to climate targets enforce reductions in emissions and encourage the adoption of renewable energy. Governments can drive innovation by implementing mechanisms such as carbon pricing offering incentives for sustainable practices and supporting research and development in green technologies. Additionally they should focus on developing transportation systems and integrating environmental considerations into all infrastructure projects through urban planning. Collaborative efforts between international governments are crucial to address global environmental challenges comprehensively. 6. Collaboration and Partnerships for a Future; Achieving sustainability requires collaboration among individuals, businesses and governments. Private partnerships and collaborations involving multiple stakeholders allow for shared responsibilities as well as the exchange of expertise and resources. Close cooperation ensures that economic prosperity goes hand in hand with preservation. Through partnerships effective strategies for development can be implemented to secure a better future for future generations. Conclusion; Sustainability is essential, for creating a future for our planet while mitigating the impacts of climate change. It requires an approach and participation from people, companies and governments. By recognizing the interdependencies between economic and environmental factors we can implement sustainable methods decrease our impact on the environment and safeguard the welfare of future generations. The collaborative endeavor to embrace sustainability is crucial in cultivating a relationship, with our planet and establishing a more environmentally friendly and resilient global community.",ai
"Every weekend Felix would set out on his adventure. While some individuals collect stamps or coins Felixs fascination lay in the realm of shadows. Over time he had amassed an assortment of shadows, each one showcasing a distinct and surreal outline. During his excursions Felix would wander through streets, parks and forests observing the mesmerizing figures cast by the sun. He marveled at their contorted forms. Often captured their fleeting shapes with his camera. His collection featured a shadow of a leaning tree the intricate silhouette formed by iron bars and even the distorted shadow created by a childs laughter. To those passing by who were curious, about his obsession it appeared puzzling. However for Felix each shadow held a concealed tale—a secret. They represented fragments of lives and emotions imprinted upon existence itself. Through his collection he sought to shed light on these whispers. On occasion Felix would invite friends to his abode for an experience where he projected his collection onto a wall. The sight always left an impression—eliciting awe, bewilderment and profound contemplation. His unconventional collection served as a reminder that beauty can thrive in the darkest corners. Though some people may gather tangible and easily understandable objects Felix understood that the most valuable treasures could be found in the mysterious and intangible realm patiently waiting to be embraced by the shadows.",ai
"Hong Kong based airline, Cathay Pacific has accomplished the transportation of a valuable shipment consisting of breeding pigs to China. Recently the airline obtained approval from the Hong Kong government to transport these prized pigs. The purpose behind this endeavor is to enhance pork production in China by utilizing these pigs for breeding purposes. To ensure the well being and safety of the pigs they were transported in a controlled environment with strict adherence to specific conditions. Cathay Pacific made arrangements within one of its freighter aircraft to accommodate these animals comfortably. Special crates were designed to keep them at ease throughout the journey. The airline worked closely with animal experts who ensured that utmost care was taken during their transportation. The pigs were loaded onto the plane at Hong Kong International Airport. Flown to Beijing, where they received a warm welcome from Chinese government officials. From there they were transported to their destination in central China where they will contribute towards producing top quality pork. This successful operation serves as a milestone for Cathay Pacific as it underscores their expertise in handling valuable and sensitive cargo. Moreover it highlights the increasing demand for high quality pork in China and Cathay Pacifics commitment, towards supporting the countrys sector. Cathay Pacific currently operates a thriving air cargo business catering to markets worldwide. The airline has a wealth of knowledge and experience in transporting animals making it well prepared to fulfill the increasing need for top notch livestock, in Asia and other regions.",ai
"Nursing professionals play an diverse role in caring for patients with pneumonia. Their responsibilities encompass closely monitoring the patients well being, administering medications providing emotional support and implementing various interventions to promote respiratory health. Among the interventions is respiratory physiotherapy. Respiratory physiotherapy is a technique aimed at loosening and eliminating secretions from the airways, which enhances lung function and helps prevent complications. It involves a combination of strategies such as improving lung ventilation promoting coughing and facilitating secretion clearance. Nursing practitioners have a role in implementing this technique, which typically includes exercises for deep breathing utilizing incentive spirometry as well as employing devices like positive expiratory pressure (PEP) or oscillatory positive expiratory pressure (OPEP) devices. Additionally nursing practitioners employ a technique known as postural drainage when managing pneumonia patients. This method involves positioning the patient in postures to aid in draining excess secretions from particular areas of the lungs. Depending on which lung segment is affected various positions like sitting up or lying on the side or semi inclined may be employed. By leveraging gravity to assist with secretion movement these secretions can then be easily coughed up. Suctioned. Nursing practitioners are responsible, for assessing each patients needs selecting appropriate postures accordingly and ensuring safe positioning. Apart from drainage healthcare professionals often use percussion and chest vibration as additional methods to help clear secretions. These techniques involve manually. Applying gentle vibrations to the chest wall in order to assist the movement of secretions within the lungs. Chest percussion usually involves striking the chest with cupped hands or a specialized device while chest vibration entails creating fine vibrations on the chest using hands or specific tools. These actions aid in breaking up secretions and improving their mobility leading to effective coughing or suctioning. It is crucial for nursing practitioners to ensure that these techniques are performed correctly with force and frequency in order to avoid any harm to the patient. Inadequate control of secretions can result in complications, such as the progression of pneumonia respiratory distress and even respiratory failure. Additionally it can increase the risk of infections like ventilator associated pneumonia which further jeopardizes a patients health. Implementing secretion control techniques like respiratory physiotherapy, postural drainage, percussion and chest vibration can help prevent these complications by facilitating the clearance of secretions that harbor pathogens and obstruct airways. Saline nebulization is another intervention that nursing practitioners can employ for management of pneumonia patients. This involves administering a saline solution, in droplets through a nebulizer device. The use of saline solution is beneficial for hydrating the airways and thinning secretions, which makes it easier to either cough them out or suction them. This approach is particularly helpful for patients with stubborn secretions. Nurses need to monitor patients during nebulization to ensure safety and evaluate the effectiveness of this intervention. In summary appropriate treatment interventions are crucial in managing pneumonia patients and nurses have a role in implementing effective treatment plans. Techniques like physiotherapy, postural drainage, percussion and chest vibration assist in clearing secretions preventing complications and promoting respiratory health. Insufficient control of secretions can lead to complications that can be avoided through these interventions. Additionally saline nebulization provides benefits by moisturizing and thinning secretions for easier removal. By utilizing these techniques and interventions nurses can make contributions to the successful management of pneumonia patients and aid, in their recovery process.",ai
"Once upon a time in the town of Willowood there resided a seemingly ordinary individual by the name of Barry. He had gained quite a reputation for his sense of style effortlessly pairing striped socks with Hawaiian shirts, complemented by a polka dot bow tie and an amusingly large handlebar mustache. However beneath his appearance Barry held a secret passion that he had yet to reveal to anyone. On a morning an unexpected predicament arose in Willowood. The anticipated Cheese Festival was fast approaching and the townsfolk were eager to make it an unforgettable celebration. After deliberation they unanimously agreed that an extravagant fireworks display would be the perfect addition to elevate the events grandeur. Unfortunately there was no pyrotechnician available in town leaving the festival committee in quite a quandary. Now here's where Barrys love for cheese and penchant for attire came into play. When he caught wind of the Cheese Festivals predicament he simply couldn't resist seizing this opportunity to showcase his hidden expertise. A mischievous grin spread across his face as he boldly announced ""By any chance did I mention my proficiency with explosives?"" Initially met with gazes and raised eyebrows from the townspeople who expected laughter or confusion in response to Barrys claim they eventually decided to give him a chance. Fueled by desperation and hopeful for a miracle solution the festival committee handed over a crate brimming with fireworks, to Barry. Barry was determined to bring his vision to life so he dedicated hours in his basement experimenting tirelessly. His main focus was creating a contraption that could launch firework displays resembling cheese wheels into the sky. This invention, which he proudly called the ""Gouda Gun "" became his masterpiece. The day of the Cheese Festival finally. The atmosphere was buzzing with excitement. People from over town gathered in the central square eagerly anticipating the grand finale. Barry took stage dressed in an eccentric ensemble that included a cape adorned with cheese themed designs. With a flick of his sparkler wand Barry set off the Gouda Gun. Of traditional fireworks illuminating the sky with vibrant colors enormous cheese wheels soared through the air amidst bursts of laughter from the crowd. It was an absurd yet undeniably captivating sight. As cheese wheels rained down upon Willowood the townspeople embraced this display with sheer enjoyment and amusement. The festival turned into a feast of comedy and fun. This extraordinary showcase of cheese themed entertainment became etched in history as one of the most unforgettable moments ever witnessed at the Cheese Festival. Word spread rapidly about this celebration turning Willowood into renowned as ""The Cheesiest Town on Earth."" Tourists flocked from wide to witness this remarkable spectacle firsthand. As, for Barry himself his fame skyrocketed alongside pride felt by all those living in Willowood. Thus the gentleman who concealed his mastery in pyrotechnics beneath a flamboyant exterior emerged as a cherished personality forever immortalized as ""The Great Cheese Connoisseur of Willowood."" His signature phrase, ""Have I ever mentioned my expertise in pyrotechnics?"" became synonymous with laughter, playfulness and the essence of the Cheese Festival. From that moment Barry continued to bring happiness to the residents of Willowood all thanks, to a touch of cheese and an unexpectedly triumphant declaration.",ai
"Diamond Multimedia, a known company in the multimedia industry has recently introduced two innovative audio and video technologies, alongside exciting collaborations with tech giants Toshiba and Microsoft. One of Diamond Multimedias advancements is an exceptional audio technology named ""Dynamic Sound,"" which aims to revolutionize the quality of music and entertainment. By minimizing distortion and delivering crystal powerful sound Dynamic Sound achieves a level of audio excellence that was previously unattainable. It is expected to be integrated into Diamond Multimedias range of audio products very soon. Additionally Diamond Multimedia has unveiled a video technology called ""UltraVision."" With its resolution, enhanced clarity, smoother transitions and reduced flicker UltraVision promises an immersive viewing experience. By maximizing color vibrancy and brightness it brings photos, videos and multimedia presentations to life. This cutting edge technology is compatible with screens and formats including Ultra HD. Apart from these innovations Diamond Multimedia has also announced strategic partnerships with Toshiba and Microsoft. The collaboration with Toshiba will focus on incorporating Dynamic Sound technology into their consumer products such as TVs, laptops and mobile devices. On the hand the partnership, with Microsoft will involve joint efforts to bring the incredible UltraVision technology to Windows 10 and other Microsoft products. Diamond Multimedia continues to showcase its commitment to the industry by introducing technologies and establishing valuable partnerships. Their focus, on delivering state of the art audio and video technology not impresses but also captivates their customers.",ai
"The leadership competition in Hong Kong was met with protests led by pro democracy supporters causing significant unrest throughout the city. These demonstrations occurred before the 2022 Hong Kong Chief Executive election, which will determine the next leader of the city. The protests commenced on Sunday with a number of people taking to the streets to demand universal suffrage and an end to Chinas influence in Hong Kongs political affairs. Demonstrators gathered outside government buildings chanting slogans advocating for democracy and expressing concerns about perceived improprieties. The leadership contest has been an issue in Hong Kong for quite some time. Critics argue that the current election process lacks principles and that the citys leaders are too closely tied to Beijing. They have called for reforms that would enhance transparency and accountability within the system. Pro democracy protesters are also dissatisfied with Chinas increasing involvement in Hong Kongs affairs. Many believe that Beijing is undermining the citys autonomy and eroding its freedoms, including freedom of speech and press. Despite calls for change, from demonstrators the Hong Kong government remains firmly supportive of maintaining the existing electoral system. Officials assert that this process is fair, transparent and aligned with preserving Hong Kongs autonomy. However activists advocating for democracy hold a perspective. They argue that the system is flawed and that the election process is biased towards Hong Kongs Beijing establishment. Their demand is for an inclusive system that grants all Hong Kong residents the ability to have a say in selecting their citys leaders. The leadership competition has also attracted attention. The United States and other Western nations have expressed concern about the state of democracy in Hong Kong and Chinas influence over the citys landscape. Critics accuse Beijing of utilizing Hong Kong as a testing ground to enforce its policies aiming to suppress dissent and control information dissemination. The Chinese government refutes these allegations asserting its respect for Hong Kongs autonomy and disinterest in meddling with the citys affairs. However this assertion has been met with skepticism by members of the international community who perceive the leadership contest as a pivotal battleground between democracy and authoritarianism. In spite of the protests the leadership contest continues unabated. The current frontrunner is Carrie Lam, Hong Kongs chief secretary and an ardent supporter of Beijing. Pro democracy activists have criticized Lam for her perceived alignment, with Hong Kongs pro Beijing establishment. Protests are set to persist throughout the leadership competition as demonstrators demand an end to Chinas influence in Hong Kongs affairs. Meanwhile residents of Hong Kong are left pondering what lies ahead for their city and the preservation of their liberties. With the world as a witness Hong Kongs system teeters on the edge. While Beijing remains determined to maintain its control over the city advocates for democracy persist in their struggle for their rights and freedoms. With the leadership contest the stakes have never been higher. Only time will reveal what destiny has in store, for Hong Kong and its people.",ai
"The atmosphere in the Great Hall was heavy with silence as Sir Galahad found himself accused his unblemished reputation as the kings most trusted knight now crumbling to dust. What was once a hall now resembled a theater of darkness, where justice had been overshadowed by the betrayal of ones own kin. The kings life had been. All suspicions seemed to point towards Galahad. As beads of sweat formed on his forehead Galahad addressed the Royal Court with a voice that trembled under the weight of his desperation. ""I stand before you today innocent of this crime that tarnishes my honor. I held affection for my king and would never have turned against him."" Eyes filled with accusation bore into him eagerly searching for any sign of guilt. ""I beseech you to consider that it is the Queen who should be held accountable; her heart is cloaked in darkness."" Gasps escaped from those who watched on their disbelief quickly transforming into curiosity as Galahad skillfully wove his tale. ""I have witnessed firsthand the Queens desires—I have seen the glint in her eyes when she spoke ill of our ruler. She yearned for power. When marriage denied her that influence deceit became her weapon of choice."" Whispers spread throughout the hall, like wildfire growing louder as Galahads voice faltered. His attention shifted towards the queen, her complexion pale and devoid of any emotion. He understood that his argument was falling on ears. The Royal Court stood loyal to the crown and the Queens flawless image appeared radiant to be shattered. ""My lord "" Galahad implored, turning to the kings trusted advisor ""you above all others are aware of the darkness that resides within the Queens heart. You have witnessed her nature; do not allow her to deceive you."" His voice lingered in the air wavering like a flickering flame. One, by one the councilors shook their heads their expressions filled with doubt and sympathy. The truth remained concealed beneath the Queens captivating facade. They couldn't fathom that such malice could reside within the woman who stood among them. Galahads eyes welled up with tears as he realized his fate was sealed. ""I implore you court; do not condemn an innocent man to death. I have faithfully served this kingdom and its king seeking nothing but justice."" However justice appeared like a dream fading into obscurity. The Queens graceful smile broadened while her eyes gleamed with triumph. Galahads voice slowly faded away resonating through the Great Hall but sadly nobody paid attention to his desperate plea for the truth. The kings loyal knight was unjustly accused and his appeals were disregarded. Galahad looked intensely at the Queen vowing to uncover her actions. The voice of justice had been silenced, leaving a feeling, in his mouth as he confronted his unavoidable downfall.",ai
"Rucol General Merchandise, a known player in the retail industry has been exploring the possibility of adopting an enterprise resource planning (ERP) system. To seamlessly incorporate the ERP system into their operations the company needs to assess different storage options that align with their specific needs and requirements. This essay aims to evaluate and discuss the pros and cons of cloud storage solid state drives (SSD). Hard disk drives (HDD) as potential solutions for implementing Rucols ERP. Cloud storage has gained popularity among businesses due to its accessibility from locations. No matter where Rucols employees are situated geographically they can. Update data in real time. This enables collaboration and provides flexibility for remote work arrangements. Moreover cloud storage ensures data security as reliable cloud service providers implement robust measures like encryption and regular backups. However reliance on an internet connection for data access could be a drawback since downtime or slow connectivity might disrupt operations. Additionally long term affordability may be a concern as storing amounts of data in the cloud can accumulate costs over time. Alternatively solid state drives (SSD) could serve as a storage solution, for Rucols ERP implementation. Solid state drives (SSDs) are widely recognized for their speed offering faster data transfer rates and quicker access to information. This can significantly enhance system performance and overall efficiency. Furthermore SSDs offer reliability compared to traditional hard disk drives (HDDs) as they are less prone to mechanical failures. This reliability ensures stability. Reduces the risks associated with data loss or corruption. However it is worth noting that SSDs tend to have a cost per gigabyte compared to HDDs, which makes them less affordable for large scale data storage needs. Additionally SSDs may not be the choice for long term archival purposes due to their lifespan being influenced by read/write cycles. On the hand HDDs have long been the go to storage solution for businesses. They provide capacities at relatively lower costs making them a more budget friendly option for organizations with extensive data storage requirements. HDDs also offer stability as they have been extensively used and tested in industries over time. However it's important to consider that the mechanical components in HDDs increase the risk of hardware failure and potential data loss incidents. Additionally HDDs may not match the speed of SSDs, impacting system performance. Taking into account Rucol General Merchandises needs and requirements solid state drives (SSDs) would be the most suitable storage solution, for their ERP implementation. Solid state drives (SSDs) offer advantages over traditional storage options, including faster data transfer rates, enhanced performance and increased reliability. These benefits outweigh the cost associated with SSDs in this particular case. As an enterprise like Rucol leveraging SSDs would greatly enhance efficiency by enabling seamless inventory management, sales tracking and reporting. Moreover the reduced risk of data loss or corruption provided by SSDs ensures data security and stability—an imperative for uninterrupted business operations. In summary when considering storage solutions for Rucol General Merchandises ERP implementation it is vital to consider factors such as accessibility from points, data security measures, affordability and stability. While cloud storage and hard disk drives both have their pros and cons solid state drives emerge as the suitable choice for fulfilling Rucols specific requirements. The improved performance capabilities, heightened reliability levels and enhanced data security offered by SSDs outweigh the higher costs involved—making them the optimal option for implementing ERP, at Rucol.",ai
"Australia, as a nation has witnessed progress in various aspects over time. The development can be attributed to factors such as stability, social harmony, cultural diversity and economic growth. This essay aims to analyze how these factors have shaped Australias growth and assess its potential for stability and expansion. It will also discuss the significance of stability within the country potential challenges it may encounter in the evolving global landscape and the impact of its relationships with China as well as Asian/South Asian countries on economic and sociocultural advancements. When it comes to Australias development political stability has played a role. The countrys robust democratic system with a parliamentary government has been instrumental in ensuring this stability. Several political elements have contributed to this situation including a strong adherence to the rule of law an effective judiciary system and efficient governance. Moreover policies like healthcare, welfare programs and infrastructure projects have further bolstered the overall prosperity and stability of Australia. Additionally Australias political system has proven resilient, in addressing challenges. The smooth transfer of power the absence of uprisings and the dedication to democratic principles have ensured stability and consistency in governing. This has created an environment for economic advancement and societal progress. However Australias political stability may face challenges in todays changing global landscape. The worldwide surge in populism and nationalist sentiments could potentially impact Australias scene. Matters like migration policies, climate change and economic inequalities might become issues that test the stability of the political system. Moreover emerging geopolitical tensions concerning security and territorial disputes will require careful management to uphold stability. Social and cultural factors play a role as well. Australia takes pride in being a society that has effectively integrated individuals from diverse backgrounds into its social fabric. The countrys social harmony is primarily achieved through its commitment to inclusivity, equality and recognition of diversity. Migration has significantly influenced Australias landscape by contributing to a vibrant multicultural environment. These values are promoted through policies that encourage acceptance, social inclusion and equal opportunities for everyone. Australias social cohesion is vital, for its growth and stability. A united society that embraces diversity is crucial for allowing people from backgrounds to fully participate in economic activities, politics and public life. This inclusiveness not fosters social harmony but also drives innovation, creativity and economic prosperity. Additionally a cohesive society is better equipped to tackle emerging challenges such as climate change, inequality and social justice issues. However Australia faces obstacles when it comes to social cohesion. Growing xenophobia, discrimination and concerns regarding indigenous rights pose threats to the fabric of our society. It is imperative for us to address these challenges in order to ensure opportunities and social justice for everyone. This will play a role in the future growth and stability of Australia. Cultural factors hold significance in shaping Australias national identity and social cohesion—especially the Indigenous culture. It is crucial that we recognize and preserve traditions, languages and customs as they are integral to our cultural development as a nation. Encouraging diversity fostering inclusivity and addressing historical injustices are pivotal aspects of promoting both cultural growth and social stability within Australia. Economic factors have played a role in driving Australias overall development by contributing significantly to its economic growth and stability. The country boasts a developed market economy characterized by a robust services sector along, with abundant natural resources and technological advancements. Various factors, such as having a workforce, a favorable investment environment, strong institutions and stable economic policies have played a significant role in attracting both domestic and foreign investments. Australias economic growth has been greatly supported by its trade relationships with multiple countries, particularly its engagement with China and various Asian/South Asian nations. China has emerged as Australias trading partner leading to extensive economic ties in areas like commodities, education, tourism and services. This partnership has fueled Australias expansion, job creation and advancements in technology. However Australias economic stability faces challenges from both internal and external factors. Internally issues like growing wealth inequality wages for workers and the impact of climate change pose risks to the economy. Externally tensions in trade dynamics along with financial market volatility and shifting geopolitical landscapes can also impact Australias economic stability. To ensure growth and stability it is crucial for Australia to develop resilience against these challenges through diversifying its economic foundations while investing in innovation and technological advancements. The relationship between Australia and China well as other Asian/South Asian countries holds significant importance for Australias overall socio economic development. Chinas remarkable economic ascent coupled with its increasing demand, for resources has greatly benefited resource Australia. Furthermore the presence of international students has made a significant contribution to Australias education sector. This has not promoted cultural exchange but has also played a part in the countrys economic growth. However it is important to acknowledge that relying heavily on China economically can pose certain risks. Geopolitical tensions, trade disputes and changes in policies have the potential to impact Australias economic stability. To mitigate these vulnerabilities arising from over reliance on a market it would be beneficial for Australia to diversify its trade relationships and strengthen economic ties with other countries in the Asian/South Asian region, such as India, Indonesia and Japan. In addition to China Australias relationships with Asian and South Asian countries have played a significant role in its economic and sociocultural development. These connections have trade, investment opportunities, educational exchange programs and cultural understanding. Henceforth by nurturing these ties and exploring new avenues for collaboration with these nations will contribute to Australias future growth and stability. In conclusion there are factors that have contributed to Australias development including political stability, social cohesion, cultural diversity as well as economic growth. The countrys commitment to governance along with principles of inclusivity and equality has fostered stability and progress. However the changing global context brings forth challenges such, as rising populism,nationalism,social inequalities and geopolitical tensions which may test Australias stability. Australias economy has experienced growth and stability thanks in large part to its strong trade partnerships especially with China and countries in Asia and South Asia. While these relationships have greatly contributed to Australias progress they also bring risks underscoring the importance of diversification and resilience. Looking ahead sustaining Australias growth and stability hinges on several key factors; maintaining political stability fostering social cohesion embracing cultural diversity and ensuring economic resilience. It is imperative to address pressing challenges like wealth inequality, climate change and issues of justice. Additionally forging ties with nations beyond China while exploring new avenues for cooperation in Asia and South Asia will further bolster Australias prospects, for long term prosperity and stability.",ai
"In a development within the broadcasting sector DIRECTVs consortium has emerged victorious in obtaining the rights to provide Direct to Home (DTH) television services in Chile surpassing its competitors. The consortium, consisting of subsidiaries of AT&T, Chilean retailer Falabella and Chilean investment firm Inversiones Forestal had submitted their license application October. After an evaluation process the Chilean Telecommunications and Transportation Ministry has given the green light for DIRECTV to offer DTH television services throughout the country. The consortiums coverage will extend to over 1.2 million households across Chile expanding DIRECTVs established presence in the Latin American market. This achievement signifies a milestone for DIRECTV as it faced considerable competition from rivals such as Movistar and VTR during the license application phase. Industry experts attribute the consortiums success to their financial support and extensive expertise in the broadcasting industry. John Stankey, CEO of AT&T exclaimed, ""This victory holds importance for DIRECTV. We are thrilled to bring our entertainment experiences to more people, in Chile. It exemplifies our dedication towards investing in Latin America and delivering top notch content to our valued customers.""With the DTH television service customers have the opportunity to enjoy top notch programming, including sports, entertainment, movies and more. This can be accessed through a satellite dish and receiver. DIRECTV aims to provide customized packages that cater to the needs of households in Chile. They offer a range of content suitable for viewers of all ages. Moreover the entry of this consortium into the market is expected to foster competition. This will lead to an enhancement in service quality, an array of product offerings and more competitive pricing. Ultimately these changes will benefit consumers. Contribute to the growth of the broadcasting industry. The consortium has plans for infrastructure investments, such as constructing an advanced broadcast center in Santiago. Additionally they aim to collaborate with content providers to promote Chilean culture and create job opportunities within the entertainment industry. In summary DIRECTVs consortium securing rights to offer DTH television services in Chile marks an achievement for the company as well as a positive development for broadcasting as a whole. With their financial backing and expertise in the field they are well positioned to deliver exceptional entertainment experiences, for Chilean households while benefiting both consumers and the broader industry.",ai
"As the ancient bell tower rang out signaling the end of another challenging history lesson I couldn't help but cast a skeptical glance at Mr. Harrison. His weathered face and piercing eyes seemed oddly timeless causing me to question his true nature. He had a teaching style often sharing intriguing stories that bore a striking resemblance to firsthand experiences. Driven by curiosity one day I embarked on a journey of investigation into dusty archives and forgotten texts. It was during this exploration that I stumbled upon a leather book filled with sketches and annotations authored by none other than Mr. Harrison himself. These sketches unveiled a timeline spanning centuries – depicting great wars, long lost societies and events he had mentioned throughout the years. My heart raced within my chest as a thought took hold; Could it be possible? Was Mr. Harrison truly immortal? With my mind racing I mustered the courage to confront him after class. His eyes twinkled with a wisdom that only an immortal being could possess as he confirmed my suspicions cautiously. Mr. Harrison had indeed walked this earth for centuries bearing witness to the rise and fall of civilizations. He made me an offer – to share his knowledge with me under one condition; I must safeguard his secret at all costs preserving the delicate balance, between normality and the realm of immortality. How could I possibly turn down such an opportunity?From that day Mr. Harrison assumed the role of my mentor guiding me through the hidden depths of history. Together we embarked on a journey across time delving into the lessons of the past and preparing ourselves for an uncertain future. Being immortal himself Mr. Harrison served as a living testament to the significance of history. Constantly reminded me that our progress as a society lies in understanding our past. With a sense of purpose I fully embraced my responsibility as the custodian of Mr. Harrisons secret forever grateful, for the gift of immortality bestowed upon us by history itself.",ai
"The twenty first century has seen a surge in technological advancements opening up new and efficient avenues for conducting business. One such avenue is Automatic Data Processing (ADP) a provider of cloud based solutions for Human Capital Management. Their services assist businesses in managing their workforce data. In this evolving world ADP recognizes the need to identify clear paths for future development and anticipate potential challenges to stay ahead of the competition. This essay aims to explore areas for ADPs future growth and provide recommendations to address possible hurdles. One promising area for ADPs development lies in integrating artificial intelligence (AI) and machine learning into their operations. AI technologies have the ability to revolutionize the HR industry allowing ADP to offer predictive solutions to their clients. By leveraging machine learning algorithms ADP can analyze sets of workforce data identifying trends, patterns and potential risks. For example AI can help detect attrition risks within an organization by analyzing historical employee data regarding behavior and performance. This data driven approach empowers ADP to offer recommendations that assist clients in mitigating workforce challenges preemptively. Another avenue, for development is expanding ADPs product portfolio. At present ADP primarily focuses on handling payroll managing benefits and providing talent management solutions. However there are plenty of opportunities for ADP to expand its range of services. ADP could explore venturing into areas like employee engagement, learning and development and workforce analytics. By broadening its product offerings ADP can position itself as a solution for all HR requirements further strengthening its position in the market. Moreover the increasing prevalence of work and the gig economy presents an excellent chance for ADP to develop innovative solutions. With more companies adopting work policies and relying on freelancers ADP can create products specifically tailored to meet their unique needs. For example ADP could develop a platform that simplifies the onboarding and offboarding processes for freelancers while ensuring they receive payments and necessary paperwork. Additionally by collaborating with freelancing platforms ADP can seamlessly integrate their solutions to offer a package to organizations heavily reliant on the gig economy. Although ADP holds a market position currently it may face potential challenges that need to be addressed in order to maintain competitiveness. One significant challenge revolves around data security and privacy concerns since dealing with employee information leaves no room, for breaches or mishandling. To tackle this issue effectively ADP must allocate resources towards implementing robust cybersecurity measures. To ensure the security of data ADP should regularly conduct security audits, implement factor authentication and comply with data protection regulations like the General Data Protection Regulation (GDPR). It is also crucial for ADP to educate its clients about practices in data security and emphasize the importance of safeguarding employee information. Another challenge that ADP might face is competition from emerging HR technology startups. These startups specialize in providing tailored solutions for HR needs posing a threat to ADPs dominant position. To overcome this challenge ADP should foster a culture of innovation. Allocate resources to research and development. By staying of industry trends and offering cutting edge solutions consistently ADP can maintain its competitive advantage against new players. Improving user experience (UX) across all platforms should be a priority for ADP. In todays era users expect seamless and intuitive interfaces. Regular user experience testing and gathering feedback from clients will help identify areas that need improvement on the platforms. By offering a user experience ADP can retain current clients while attracting new ones. To address these issues effectively and pave the way, for future growth I recommend that ADP actively fosters an innovative culture by collaborating with external stakeholders. ADP has the potential to form partnerships with universities and research institutions in order to leverage their expertise and gain valuable insights into emerging technologies. Additionally it would be beneficial for ADP to promote innovation by allocating a dedicated budget for research and development projects and establishing a structured process for evaluating and prioritizing potential ideas. In summary ADP has opportunities for future growth. By embracing AI technologies expanding its range of products and catering to the needs of the economy ADP can enhance its offerings and maintain its position in the market. However it is crucial for ADP to address challenges such as data security, growing competition and improving user experience. By investing in cybersecurity measures keeping ahead of emerging players, in the industry and prioritizing user experience ADP can successfully overcome these challenges and flourish within the ever evolving landscape of HR technology.",ai
"Introduction The impact of the COVID 19 pandemic on the tourism industry worldwide including the Caribbean has been significant. Since the Caribbean heavily relies on tourism for growth it has faced considerable challenges. However through planning, collaboration and innovation the Caribbeans tourism industry has successfully rejuvenated itself post pandemic. This essay will explore the factors that have contributed to this recovery in the region and discuss the strategies being implemented to attract more visitors. I. Factors that have contributed to the Caribbeans successful recovery A. Government support and policy reforms 1. The provision of financial aid packages and assistance to businesses associated with tourism. 2. Policy reforms aimed at simplifying entry requirements and procedures for tourists. 3. Implementation of health and safety regulations to instill confidence among travelers. B.. Partnerships 1. Cooperation among nations in developing joint marketing campaigns and appealing travel packages. 2. Collaborative efforts with airlines and cruise lines to resume operations and improve connectivity. 3. Formation of private partnerships to finance marketing initiatives as well, as infrastructure development. C. Promotion of tourism 1. Encouraging locals to explore their countries as tourists. 2. Offering deals and discounts to boost local travel demand. 3.Implementing tourism initiatives that benefit local communities. IIStrategies Implemented to Attract Visitors A. Marketing and Promotion 1. Utilizing platforms and social media for targeted marketing campaigns 2. Showcasing the experiences, attractions and unique cultural heritage of Caribbean nations 3. Engaging influencers and bloggers to create content about the Caribbean as a safe and appealing destination B. Sustainable Tourism Development 1. Emphasizing ecotourism and nature based experiences to attract conscious travelers 2. Investing in energy sources and sustainable infrastructure to reduce the industrys carbon footprint 3. Collaborating with communities to develop responsible tourism practices and preserve natural and cultural assets C. Diversification of Tourism Offerings 1. Expanding adventure tourism activities such as hiking, diving and water sports 2. Promoting wellness retreats and health focused tourism with facilities and programs 3. Capitalizing on niche markets like experiences or exploring heritage sites D.Strengthening Connectivity 1.Negotiating additional direct flights from key source markets for better accessibility 2.Investing in airport infrastructure improvements along with streamlining immigration processes, for smoother arrivals 3.Collaborating with airlines & tourism operators to offer attractive flight hotel packages & all inclusive deals III.Challenges And Future Outlook A.Overtourism And Overcrowding 1.Developing tourism management plans that address overcrowding concernsTo reduce the concentration of tourists in destinations it is important to diversify tourism across various islands in the Caribbean. Encouraging travelers to explore known destinations within the region can help achieve this goal. Dealing with climate change and natural disasters requires implementing measures for disaster risk reduction and planning infrastructure. It is also crucial to educate tourists about the vulnerability of the region to climate change and promote responsible travel practices. Additionally investing in climate adaptation strategies and sustainable development initiatives is essential. To adapt to changing traveler preferences and global trends embracing advancements can enhance the visitor experience. This includes incorporating contactless payments and offering virtual reality experiences. Meeting the growing demand for authentic and immersive travel experiences is also important. Building partnerships with travel agents and tour operators that align with evolving market trends can further contribute to success. In conclusion the successful recovery of the tourism industry following the COVID 19 pandemic can be attributed to factors such as strong government support, collaboration, effective domestic tourism promotion, strategic marketing efforts, sustainable tourism development, diversification of offerings and improved connectivity. However it is crucial to address challenges related to overcrowding, climate change impacts, on the region and shifting traveler preferences in order to ensure continued growth and long term sustainability of this industry. By embracing ideas practicing responsibility and being adaptable the Caribbean can establish itself as a top notch location while safeguarding its natural beauty and cultural treasures, for future generations.",ai
"Monsanto the multinational corporation specializing in agrochemicals and agriculture biotechnology recently surprised analysts by urging them not to raise their full year earnings expectations for the company. This surprising move comes after Monsanto reported than expected earnings for its second fiscal quarter. Over the couple of years Monsanto has faced declining profits due to low prices for staple crops like soybeans and corn. However their herbicides business experienced sales during Q2 resulting in higher profit margins than anticipated. The companys stock rose by 6% following this announcement although it seemed somewhat delayed in response to the positive earnings report. During a conference call following the release of the earnings report CEO Hugh Grant advised analysts to exercise caution when making estimates due to uncertainties in commodity markets for the upcoming quarter and beyond. Grant emphasized that while there will be pressure on farmers to meet food demands by increasing crop production pricing uncertainties are likely to persist and impact profitability for companies like Monsanto. One growing concern for Monsanto is a decline in sales of engineered corn seeds as farmers face resistance, towards planting new GMO crops. Farmers worldwide are increasingly adopting crop rotations and opting for non genetically modified (non GMO) crops instead of genetically modified ones that rely heavily on chemical pesticides and fertilizers. This shift has led to a rise in the sales of companies catering to the organic and non GMO crop market. Monsanto executives are well aware of this challenge and the fact that farmers may struggle with the rising costs of genetically modified seeds in the future. As a result Monsanto has been carefully planning for a transition to GMO crops for some time now. They have been acquiring companies specializing in bio agriculture and exploring natural pest control alternatives. Monsanto plans to introduce new non GMO hybrids that promise increased cost effectiveness and crop productivity. In summary Monsantos message to analysts reflects the difficulties faced in a global market. However they remain optimistic. Prepared to adopt new strategies that ensure sustainable success, for American farmers in the long run.",ai
"Upon a dark and eerie night in the heart of a forgotten town there existed a mysterious secret known as the Black Parade. According to legend every full moon brought forth a procession of figures emerging from the depths of the nearby forest. Patrick, a young man weary of the towns monotonous existence grew determined to uncover the truth. With resolve he ventured into the night. The moon shone above like a gleaming coin as he approached the edge of the forest his heart beating rapidly within his chest. As midnight struck and enveloped everything in its embrace a haunting melody filled the air. This ethereal tune resonated through every living being. Patrick. Was compelled to follow its elusive trail. Guided by a force and with each step cracking branches beneath his feet he delved deeper into the dense forest. And then came a scene that would forever haunt Patricks dreams—like specters materializing from air—the Black Parade emerged before him. Their eyes glowed like embers, amidst their restless procession; lost souls seemingly bound together by some otherworldly curse. Their deathly pale faces contrasting against their ebony cloaks served as an unsettling reminder of mortalitys lingering grip. With a mix of emotions swirling within him Patrick followed along with the parade seamlessly merging into the crowd. The moonlight added a glow to the path of the procession creating pockets of light in the surrounding darkness. Unbeknownst to them the townspeople watched in amazement as the march moved through their forgotten streets. As dawn arrived and transformed the sky into hues of pink and gold the parade gradually dissipated into whispers of smoke leaving Patrick standing amidst his bewildered neighbors. Their lives would never be quite the same again; they had witnessed something that surpassed understanding. Haunted by memories of this Black Parade Patrick spent his days attempting to unravel its purpose. Some claimed they were spirits seeking redemption while others believed they symbolized mortality and lifes transient nature. One thing remained certain; The enigmatic enchantment woven by this Black Parade had left a mark on their town and its inhabitants. Thus deserted streets now buzzed with whispers and curiosity, about this mysterious procession that danced under moonlit shadows.",ai
"The concept of reliability design involves implementing methods and practices to ensure that materials remain durable and dependable over time. Its main goal is to increase the lifespan by identifying and mitigating potential risks of failure. This approach is especially important in managing material longevity as it enhances performance reduces maintenance expenses. Maximizes return on investment. Several factors contribute to the reliability of a system or component. These factors include the quality of materials used the design and manufacturing processes, operating conditions, environmental influences and maintenance practices. The selection of materials is critical since using proven durable materials under specific conditions is preferred. Additionally stringent quality standards must be followed during the design and manufacturing processes to eliminate any flaws that could compromise reliability. Consideration must also be given to operating conditions and environmental influences such as temperature, humidity and vibration during the design phase to ensure system robustness. Lastly proper maintenance practices like inspections and scheduled preventive maintenance significantly contribute to maintaining reliability throughout the materials operational lifespan. Reliability technology has an impact on cost effectiveness, within a system. By implementing reliability centered maintenance techniques costs associated with failures and downtime can be minimized. Reliability centered maintenance focuses on implementing predictive maintenance strategies tailored to the unique requirements of a system or component. This approach leads to effective allocation of resources decreased maintenance expenses and enhanced system availability. To achieve cost reliability it is crucial to incorporate redundancy in critical systems minimizing the impact of potential failures and ultimately improving overall system dependability. When it comes to lifetime systems anticipating and managing failure poses challenges. One significant obstacle lies in predicting the degradation process and failure modes of materials over time. This necessitates an understanding of the materials properties, behavior and performance under different conditions. Additionally managing failure becomes more complex when systems face operational conditions and environmental factors that make precise prediction and planning for potential failures challenging. In designing for reliability the concept of ""margin"" plays a role. Margin reliability emphasizes incorporating a safety margin when designing systems and components beyond what is expected in terms of loads and performance requirements. By integrating this margin into the design process, material robustness and resilience are enhanced while reducing the risks associated with unexpected or extreme conditions. Engineers can achieve this by ensuring that materials possess higher strength, than anticipated operational loads thus preventing structural failure and promoting reliability. Product failures can occur due to factors, such as inadequate design, material flaws, manufacturing mistakes, insufficient maintenance and external incidents like accidents or natural disasters. To prevent product failures a holistic approach is necessary throughout the lifecycle—from design to operation and maintenance. This involves implementing design principles ensuring strict quality control during manufacturing employing preventive and predictive maintenance techniques and taking into account potential external factors. By adopting these measures the chances of product failure can be significantly minimized. In summary reliability design plays a role in effectively managing material lifetimes. Factors like material selection, design and manufacturing processes, operating conditions, environmental influences and maintenance practices all contribute to the reliability of systems and components. Reliability technology enhances cost effectiveness by reducing failures and downtime. However challenges arise in anticipating and managing failures due to the nature of dynamic operational conditions and varying environmental factors. To address this challenge effectively requires an approach that incorporates robust design principles along, with quality control measures during production while also emphasizing preventive maintenance strategies and considering potential external influences. By integrating these strategies into practice materials can achieve optimal reliability levels—extending their functional lifespan and maximizing their overall value.",ai
"Building societies in the UK are facing a hurdle in their plans to become publicly traded companies due to a new draft law on takeover protection. This legislation, currently being reviewed may demand that building societies prioritize the input of existing members when considering takeover bids. This requirement could make it more challenging for them to pursue a public offering. Building societies are organizations owned by their members providing services such as savings accounts and mortgages. While they are subject to regulations they are not listed on the stock market like other financial institutions. However several building societies have recently been exploring the option of going public to access capital markets and expand their operations. The proposed takeover protection legislation, developed by the Treasury and the Financial Conduct Authority would necessitate building societies seeking member approval before any acquisition can occur. This means sharing information, about potential acquirers and deal terms with members while also setting a higher threshold for approval compared to current requirements. The proposed legislation aims to safeguard the interests of members. It has raised concerns among several building societies who are contemplating going public. They argue that the increased scrutiny and protection may discourage investors and pose challenges in raising capital. Additionally they contend that the legislation is unnecessary since current regulations already ensure a level of member protection. Many building societies considering going public believe they can offer investors an investment opportunity based on their impressive track record of growth and successful operations. They also argue that going public would provide access to sources of capital facilitating faster and more effective expansion. Despite their reservations about the proposed legislation many building societies are still exploring the possibility of entering the stock market. They are collaborating with advisors and industry experts to assess its feasibility while ensuring preparedness for any regulatory or legal issues that may arise. Some building societies are also considering options such as mergers and acquisitions with other mutual organizations as a means to expand their operations and access fresh pools of capital, without undergoing the complex and time consuming process of going public. Despite the uncertainties surrounding the proposed legislation numerous building societies hold an outlook on their future prospects. They firmly believe in their ability to capitalize on the evolving market landscape ensuring robust returns for their members savings and investments. The proposed takeover protection legislation is one of several regulatory and legislative measures impacting the financial sector in the UK. These encompass new regulations pertaining to capital adequacy and risk management well as ongoing Brexit negotiations that will significantly shape the countrys financial services industry. Building societies play a role within the UKs financial sector facilitating access to savings accounts and mortgages for ordinary consumers. They face a period of change and uncertainty as they navigate complex regulatory frameworks and explore innovative avenues for accessing capital while expanding their operations. Notwithstanding these challenges many building societies are confident in their ability to maintain competitiveness and achieve success both domestically and internationally. They remain committed to delivering quality financial services to their members while actively pursuing growth opportunities, in new markets and sectors. The legislation being considered to protect against takeovers is one of several factors that are influencing the future of building societies in the UK. As these organizations continue to develop and adjust to changing market dynamics and regulatory demands it is crucial for them to maintain their core principles and objectives. This will guarantee their sustainability and triumph, in the run.",ai
"Ivory Coasts top industrial firm, Société Internationale de Plantations d'Hévéas (SIFCA) recently announced its plan to wind up its subsidiary, SAPH which has been incurring losses. However SIFCA assures the public that this decision will not impact port arrivals. According to a spokesperson from SIFCA the liquidation of SAPH is necessary due to the subsidiarys financial challenges. These challenges include difficulties in meeting obligations such as debt repayment and employee salaries. ""SAPH has been facing financial difficulties for some time now. Despite our efforts to turn things around it has become clear that maintaining the companys operations is no longer feasible "" stated the spokesperson. SIFCA wants to assure everyone that this liquidation process will not disrupt port arrivals or affect the operations of their subsidiaries in Ivory Coast. ""We will continue operating our subsidiaries without interruption including Société Africaine de Plantations d'Hévéas (SAPH) which is performing well as a palm oil producer. The liquidation of SAPH will not hinder our ability to supply products to the market "" added the spokesperson. SIFCA holds a position in Ivory Coasts agricultural sector with its diverse range of activities encompassing rubber plantations as well, as palm oil, sugar and cocoa production. The group possesses subsidiaries in Ivory Coast and nearby countries like Liberia, Guinea and Ghana. SAPH, a company that manages rubber plantations across the nation has been facing challenges for a considerable time now. It is reported to have accumulated debts of around XOF 50 billion ( $93 million). The company has been dealing with declining rubber prices, low productivity and high operational expenses. According to a report by the International Rubber Study Group (IRSG) SAPH has faced competitiveness issues in recent years. Factors such as operational costs, labor scarcity and decreasing rubber prices in the international market have contributed to their struggle. African countries, including Ivory Coast are experiencing increasing competition from producers in the global rubber market. This competition has resulted in prices and reduced demand for rubber grown in Africa. SIFCA holds a 51% stake in SAPH. Has made efforts to revamp its operations by reducing the workforce and cutting costs. However these measures have not been sufficient to rescue the subsidiary from losses. The liquidation process is expected to span months during which SIFCA will work on settling SAPHs outstanding debts while providing support, for its employees. ""SIFCA is dedicated to providing support to the affected workers through offering severance packages, retraining programs and various other forms of assistance aimed at helping them explore opportunities "" stated the spokesperson. The announcement regarding SAPHs liquidation has raised concerns about the condition of Ivory Coasts sector, which has been significantly impacted by both the Covid 19 pandemic and the decline in commodity prices. Ivory Coast, renowned as the worlds cocoa producer has experienced a decrease in cocoa prices over recent months resulting in hardships for farmers trying to make ends meet. Furthermore global supply chains have been disrupted due to the pandemic thereby affecting the export of products not only from Ivory Coast but also from other African nations. Nevertheless SIFCA remains optimistic about the sectors prospects and highlights the potential for growing demand for sustainably produced palm oil and other agricultural commodities. ""SIFCA maintains its commitment towards investing in Ivory Coasts agricultural sector and creating favorable conditions for farmers and workers within the country. We firmly believe that with policies and investments Ivory Coast can sustain its significant role, in the global agriculture market "" concluded the spokesperson.",ai
"In times there has been an increase in the efforts of environmental activists who are determined to fight against climate change and protect our planet from the harmful practices of large corporations. This has brought about a kind of risk for traditional industries one that they are struggling to handle effectively. Lately British construction giants have been heavily impacted by a series of eco terrorism incidents, where protestors are actively targeting their profits. These companies have faced allegations regarding their development practices such as deforestation, excessive production of building materials, improper disposal of waste and reliance on non renewable resources. As a response to these concerns a coalition of activists is resorting to more radical methods to disrupt the operations of these corporations. Their aim is to bring about change and push these companies towards adopting responsible business practices. The tactics employed by these activists range from protests and awareness campaigns to acts of civil disobedience, sabotage and sometimes even violence. Among the eco terrorist groups active in the UK today is Extinction Rebellion (XR). XR is known for its strategies that often involve blocking roads and causing significant disturbances, in public spaces that attract widespread attention. In the months of 2020 a group organized a series of impactful demonstrations at major airports across the country. These protests garnered attention from the media and sparked intense public discussions. Another key player within the eco terrorism movement is Earth First! UK, an environmentalist group that has actively participated in several direct action campaigns against prominent corporations. Their targets include mining, logging and oil industries, well as agricultural companies involved in activities like genetically modified organisms (GMOs) and intensive farming methods. Apart from these organizations there is an array of smaller activist groups and individuals working to disrupt corporate operations and raise public awareness regarding unsustainable business practices. They employ strategies ranging from high profile media events to covert acts of sabotage. Certain experts argue that eco terrorism emerges as a consequence when traditional methods of protest fail to bring about meaningful change. Activists have long relied on protests and lobbying endeavors to foster transformation, within the private sector. Unfortunately their efforts often encounter resistance and inflexibility from corporations, governments and even the general public. This situation has led to frustration and disappointment among activists who believe that the traditional methods of protest are no longer effective in addressing the urgent crisis presented by climate change and ecological destruction. A recent report published by the non profit organization Centre for the Study of Terrorism and Political Violence (CSTPV) reveals that eco terrorism is increasingly becoming a threat to businesses worldwide. The report highlights that ""eco terrorists are now employing strategies that directly target corporations economic interests, such as disrupting supply chains or causing damage to infrastructure. This marks a departure from their focus on symbolic acts of sabotage or attention grabbing stunts."" Several case studies from parts of the world are mentioned in this report showcasing instances where eco terrorist groups have successfully disrupted major corporations operations through well planned campaigns of sabotage and disruption. One notable example mentioned in the report involves the Earth Liberation Front (ELF) and their campaign against the logging industry in the United States. The ELF carried out a series of arson attacks, on logging facilities and other related infrastructure during the 1990s and early 2000s resulting in millions of dollars worth of damages.Despite the efforts of law enforcement agencies to combat eco terrorism experts are cautioning that this issue is expected to continue growing in the years ahead especially given the increasingly urgent climate crisis. To effectively address the risks posed by eco terrorism both businesses and governments will need to find efficient ways of engaging with environmental activists and responding to their concerns. This will involve listening to those advocating for action and implementing meaningful changes to business practices and policies accordingly. Simultaneously businesses should proactively safeguard themselves against eco terrorism by investing in security measures and developing emergency response plans that enable them to swiftly and efficiently handle threats. Ultimately the fight against eco terrorism is one part of a broader battle in combating climate change and securing a sustainable future for future generations. As businesses and governments strive to tackle this pressing challenge they must be prepared to engage with all stakeholders involved and explore solutions that can help navigate the complex risks and obstacles, on the horizon.",ai
"Once upon a time in a village nestled deep within a magical forest there resided a young girl named Lily. Known for her fearless nature Lilys bright blue eyes sparkled with curiosity and bravery earning the admiration of many. One day an alarming rumor began to circulate throughout the village. Whispers spread that a fearsome dragon had taken refuge in the heart of the woods. The mere mention of its name sent shivers down the spines of all villagers. However Lily remained undeterred by these tales. She scoffed at the rumors. Fearlessly declared, ""You don't scare me!"" Her bold proclamation echoed through the village and reached the ears of the dragon itself lurking twisted and dormant within the depths of darkness. The dragons curiosity was piqued – never had a human dared defy it. Intrigued by this girl who claimed no fear it decided to pay her a visit. As fear gripped the villagers who sought refuge from impending danger Lily stood steadfastly in defiance. She was determined to prove her unwavering courage by facing this called threat head on. With a village square, as witness a gust of wind blew through. And suddenly, before her stood the monstrous dragon. It was a sight to see. The dragons scales shimmered in shades of blue and vibrant green and its eyes burned with both strength and intelligence. Standing tall above Lily the dragon hissed, ""Why do you claim to have no fear? Are you not aware of the devastation I can unleash upon this village?"" Lily remained steadfast her brave façade unwavering as she met the dragons gaze. ""I'm not afraid of you "" she asserted with determination. ""I choose not to judge you based on stories I've heard. Every being deserves a chance to reveal their character."" The dragon was surprised by her response as it had never before encountered resolute resolve and open mindedness. Slowly it lowered its head and formed a gentle smile. ""You possess a courage young girl. I've witnessed humans tremble in fear for centuries.. You...you are different."" As time passed Lily and the dragon forged a bond of friendship. They would spend hours conversing about life itself sharing their hopes and dreams. Through these encounters Lily discovered the dragons loneliness and its longing, for companionship. The news of the girls bond with the dragon quickly spread across the village replacing fear with curiosity and empathy. The villagers soon realized that their initial terror had clouded their judgment. Beneath the dragons imposing appearance there resided a soul yearning for companionship. Guided by Lilys encouragement both the village and the dragon forged a partnership. The dreaded creature transformed into a guardian and defender of the village. Together they embraced the enchantment of friendship. Disproved the notion that appearances should dictate our opinions. In years to come the whispered phrase ""I am not afraid of you"" became a legacy within the village. It served as a reminder of that day when their hearts opened wide replacing fear with understanding and acceptance. Thus Lilys unwavering courage and her steadfast belief in humanitys goodness not only changed her life but also touched an entire community. Never again did they fear what they didn't know because they had discovered that behind every fearsome being lies the potential, for an extraordinary friendship just waiting to be found.",ai
"AT&T, the known telecommunications company based in the United States is currently in search of a new CEO. This change in leadership comes after a decrease in market share and the desire to broaden its offerings to reach new markets as officially announced by the company. The quest for a CEO follows the departure of Randall Stephenson, who led AT&T for more than 13 years. During his tenure Stephenson played a role in AT&Ts expansion into the media industry through the acquisition of Time Warner for a staggering $85 billion back in 2018. However his resignation also coincides with challenges arising from this merger. The Justice Department raised concerns about antitrust issues surrounding this business move. Since acquiring Time Warner AT&T has faced difficulties retaining subscribers within its to consumer division. In a crowded market dominated by streaming giants like Netflix, Amazon Prime and Disney+ AT&T has struggled to establish itself firmly. Moreover these challenges have negatively impacted investor confidence as evidenced by over a 10% decline in AT&Ts stock price. Investors are growing increasingly concerned about the companys long term growth prospects. How it manages its assets. Consequently AT&T is now actively seeking a CEO with fresh insights and perspectives to steer them towards future success. AT&T recognizes that its future heavily depends on expanding into markets. As part of this strategy they aim to provide fiber internet access, to two million Americans by year end. In addition AT&T has recently announced its plans to enhance and broaden its 5G network coverage across the United States. The company aims to offer more dependable services to its customers addressing the growing demand for mobile data usage. As AT&T searches for candidates to fill the CEO position there is considerable scrutiny regarding the necessary qualities and skills of an ideal candidate. Some investors emphasize the importance of a CEO who can effectively manage the aspects of the company while others believe that a strong background in media is essential. While it may still be early to determine what skills the incoming CEO will possess one thing remains evident; AT&T must adapt its strategies in response to an evolving world. The telecommunications companys current offerings are not resonating with generations who increasingly rely on media consumption and internet usage. To remain relevant AT&T must expand into markets. Considering the surge in work due to the ongoing COVID 19 pandemic AT&T should adopt a more proactive approach in implementing a nationwide 5G network. Remote work and online learning have amplified the need, for high speed internet access presenting an opportunity for AT&T to meet this demand through their 5G network infrastructure. AT&T might also consider forming partnerships with established companies in the media industry. Some of the successful streaming services today are created by companies that didn't initially focus on content production like Amazon. By collaborating with companies that already have a dedicated audience and expertise in content creation AT&T has the potential to expand its influence in the streaming services sector and create captivating original content that resonates with younger viewers. The upcoming CEO of AT&T must possess confidence in their leadership abilities to guide the company through these times. The company faces obstacles and the new CEO will need to possess the insight and experience necessary to navigate them successfully. Ultimately AT&Ts new CEO will need to develop an approach that strikes a balance between its core telecommunications offerings and the imperative to expand into markets. This will require strategic planning and visionary thinking. With leadership at its helm AT&T has the potential to reclaim its position as a dominant force, within the telecommunications industry while venturing into untapped markets.",ai
"Religious beliefs have an impact on the formation of cultural and national identities. Shintoism, a religion in Japan and Judaism in the Holy Land are two examples of religions deeply rooted in the belief of divine origins. Shintoism holds that the Japanese islands were created by gods while Judaism considers the Holy Land to be inherently divine. In this essay we will. Compare how these beliefs shape the cultural and national identities of their respective communities. Shintoism as a religion in Japan is strongly influenced by the belief that the Japanese islands have divine origins. According to Shinto mythology gods created these islands and natural elements like mountains, rivers and trees house spirits called kami. This belief system fosters a respect for nature among the Japanese people and promotes harmony between humans and their environment. The idea of divinity associated with the islands has several impacts on the cultural identity of its people. It influences their practice of nature worship where individuals honor kami through rituals including festivals and visits, to shrines. Shinto rituals and festivities commemorate the connection between humans and the divine essence of nature promoting a sense of honor and admiration for the land. Additionally the belief in origins also contributes to Japans national identity by fostering a collective sense of unity among its people. The association of divinity with the islands reinforces the notion of Japan as a territory strengthening national pride and forging a profound bond between its citizens and their homeland. Similarly Judaism, one of the monotheistic religions considers the Holy Land—especially Jerusalem—as Gods chosen land. The concept of divinity associated with this region has its roots in Hebrew scripture, where it is believed that God promised Abraham and his descendants this land. For individuals the Holy Land holds immense religious and historical significance as it forms an integral part of their identity. This belief deeply influences their customs, rituals and revered locations. The focus of worship often centers around directing reverence, towards the Holy Land with Jerusalem being regarded as a spiritual focal point. The Western Wall holds religious and emotional significance as it is a remnant of the ancient Jewish temple. People from communities worldwide consider it a religious obligation to visit this site. Furthermore the belief in the divinity of the Holy Land plays a role in shaping the national identity of the Jewish people. Throughout history Jews have had a longing to return to their ancestral homeland. The collective memory and attachment to this land have fueled nationalism culminating in the establishment of Israel as a state in 1948. This fulfilled the dream allowing for the reestablishment of a Jewish homeland and enabling Jews to shape their national identity around their sacred connection with this Holy Land. When comparing Shintoism and Judaism we find similarities and differences regarding their beliefs in origins. Shintoism traces its roots back to tribal beliefs encompassing multiple gods and spirits associated with various natural elements. On the hand Judaism is a monotheistic religion rooted in Abrahamic faith that believes in one God. Additionally Shintoism places emphasis on its divine relationship with nature while Judaism primarily focuses on the bond, between God and His people. Despite these variations both religions utilize the concept of origins to shape their cultural and national identities. In summary the belief in the origins of the Japanese islands in Shintoism and the divinity of the Holy Land in Judaism have significant impacts on the cultural and national identities of their respective communities. Shintoism emphasizes a connection with nature promoting harmony and respect for the land. On the hand Judaisms belief in the Holy Land shapes religious customs and serves as a focal point, for Jewish identity. Both these beliefs contribute to Japans and Israels unique cultural tapestry and collective sense of self highlighting how religious convictions profoundly shape national identities.",ai
"From my memories my life has been marked by sorrow. The first blow came with the loss of my father leaving me and my mother in our grand old house. Together we mourned his absence finding solace in our shared grief.. My mothers sorrow seemed unending as if she was wandering aimlessly searching for something or someone to fill the void left by my father. Eventually my mother found love again. Remarried, introducing a new man into our lives. He was kind hearted. Treated us with utmost respect. He also had a son of his Greg, who became my stepbrother. I could see the happiness it brought to my mothers heart. Though it took some time to adjust to this new family dynamic I learned to embrace it as life moved forward on its own course. Destiny had different plans for us. Another tragedy struck when my mother fell seriously ill and passed away unexpectedly. This time it felt like the ground, beneath me crumbled away completely. Again left alone with only my stepfather and Greg by my side; however things began taking a different turn. The warm atmosphere that once enveloped our home suddenly turned cold and distant. As time went on I started noticing a presence within the house. My stepdad, who used to be so warm and caring suddenly became distant and aloof. It was as if there were depths within him that I couldn't understand. I felt a growing unease when I stumbled upon a family photo album filled with pictures of unfamiliar faces. It seems like my stepdad had been married times in the past with each wife having different children. My mind started swirling with questions as I tried to unravel the truth behind this newfound mystery. Could it be possible that my family had been replaced before? Was this the reason why my mother, father and now even my brother were no longer around? No matter what it took I knew down that I had to find answers. One evening rain pounding against the windows I mustered up the courage to confront my stepdad. He sat in his study with an expression on his face seemingly unaware of the turmoil brewing, inside me. With a throat clearing I was determined to coax out the truth from him. However before any words could escape my lips he turned towards me with a look of sadness etched on his face. ""I know you've noticed something "" he spoke softly almost in a whisper. "". You see, for as long as I can remember...I've been burdened by an unshakable curse."" Each member of my family including my spouses and children endured destinies longing for someone to fill the void left by their losses. Initially it was a burden that no one should have to bear. However as time passed I discovered that adopting a child provided some solace even if only temporarily."" I felt a heaviness in my heart upon hearing the weight of his revelation. The curse that plagued him seemed to be handed down through generations leaving behind sorrow and emptiness. Tears welled up in his eyes as he continued sharing his tale. ""I've lost track of how families I've stepped into "" he admitted with regret. ""All I ever wanted was to find solace and restore happiness to our lives.. In doing so I unknowingly condemned others to the same fate. I am genuinely sorry."" A heavy silence fell upon the room as I struggled to process his words. It was difficult to reconcile the man I knew with the burdens he carried. Despite the pain he had caused my heart ached for him. I had misunderstood his intentions all along. Days turned into weeks. Conflicting emotions tore at me. Anger on one hand and sympathy on the other. Witnessing my stepfather trapped in a curse he never asked for became unbearable, for me. So I came to a conclusion. I was determined to put an end, to this cycle no what it required. Utilizing the research conducted by my stepfather on the curse I delved deep into the ancient origins of this torment. I discovered forgotten chants and ceremonies spending nights searching for a solution to permanently break the curse. Time was of the essence as my family unknowingly continued to adopt children unknowingly perpetuating the cycle of pain and loss. Finally after months of exploration I uncovered the crucial piece. The curse could only be shattered through an act of sacrifice. One member of our family had to offer their own life freeing future generations from the clutches of tragedy. Tears streaming down my face I approached my stepfather. Shared my discoveries with him. I knew that he would respond with a mixture of gratitude and anguish upon hearing my words. Together we made the decision that it would be me who breaks this cycle. Under cover of darkness while everyone slept soundly I performed the ritual aware that it marked the end of my personal journey. As the incantation reached its climax a mystical gust swept through the room carrying away any remnants left by that curse. I experienced a sense of relief knowing that others would be spared the pain that had haunted my family for such a long time. As the sun rose in the morning a feeling of calmness settled over our home. The curse had finally been lifted. My stepfather, now liberated from the burden that had tormented him looked at me with a mix of sadness and gratitude. We would always remember the lives that were lost. We could now move forward confidently aware that our family was no longer tied to tragedy. Although life would never be exactly as it was before, amidst the remnants of our past we would. Create a future filled with optimism and affection.. As we welcomed new members into our family we silently vowed to protect them and cherish every moment together while steadfastly refusing to let the darkness of the curse consume us once more.",ai
"The connection between love and lust takes stage in Kate Chopins intriguing short story ""At The Cadian Ball."" Through the interactions of the characters. Calixta, Alcee Laballiere, Bobinot and Clarisse. Chopin skillfully explores the intricate dynamics of human desire. She reveals how love and lust can intertwine and lead to consequences. Right from the start it becomes clear that Calixta and Alcee share a history filled with longing and undeniable sexual tension. When they reunite at the Cadian ball their physical attraction is palpable. However it is through the exploration of their emotions that we truly witness how love and lust blur. Chopin portrays their desires as forces beyond their control emphasizing the immense power they wield over their lives. Calixta faces a dilemma as a woman caught between her duty as Bobinots wife and her intense attraction towards Alcee. This internal struggle symbolizes the balance between love and lust. While she loves her husband deeply her desire for Alcee ignites a fire, within her that cannot be contained. When Calixta first encounters Alcee at the ball her physical reaction speaks volumes. She. Becomes acutely aware of his presence losing control over herself in a way she never experienced before. It's clear that her feelings are driven by human passion. Chopins use of language vividly portrays the intensity of Calixtas physical desire. However her lack of restraint highlights how dangerous it can be when lust overtakes love. Similarly Alcee finds himself torn between his attraction to Calixta and his own dissatisfaction in his marriage. When he interacts with her there is a connection that goes beyond mere desire. During a waltz Alcee catches sight of Calixta with her arms around another man and her head thrown backward displaying both allure and emotional longing. This description reveals that Alcee is drawn not to Calixtas beauty but also to her free spirited nature – suggesting that his interest extends beyond mere lustful desires. However as the story progresses his actions demonstrate how overpowering lust can be as he succumbs to his desires without considering the consequences. On the hand Bobinot and Clarisse – two other important characters in the story – offer a different perspective, on love and lust. Bobinot, the intentioned husband of Calixta seems oblivious to the sexual tension between his wife and Alcee. He personifies an unwavering love that is founded on trust and loyalty. Bobinots affection for Calixta is pure and steadfast as he strives to bring her happiness in their marriage. Despite his hearted nature Bobinot fails to recognize his spouses hidden desires, which further emphasizes the complexities of emotions that arise in the pursuit of love. On the hand Clarisse embodies the epitome of lust. She is fully aware of Alcees allure and unabashedly pursues him without considering his existing relationship with Calixta. In contrast to Calixtas character Clarisse exemplifies the dangers of lust and its potential consequences on others. By engaging in Alcees pursuit she underscores the willingness to sacrifice genuine love for fleeting desire. Clarisse serves as a reminder that when one succumbs to lust at the expense of love it blurs the line between these two emotions. Chopins portrayal ultimately suggests that love and lust are intricately intertwined even though they are emotions. Lust often acts as a catalyst that propels individuals towards seeking love or serves as a substitute, for it. The storys characters are motivated by their desires, which influence the choices they make and reveal an underlying tension. ""In the Cadian Ball"" is set in 19th century Louisiana, a time and place where societal norms and expectations greatly influenced how love and lust were understood and expressed. It's important to acknowledge that the limitations faced by Chopins characters were a result of the context in which they lived. The social structure of that time imposed codes of behavior that restricted their individual freedom to openly pursue their desires with honesty. In summary Kate Chopins ""In the Cadian Ball"" beautifully delves into the relationship between love and lust. Through characters like Calixta, Alcee, Bobinot and Clarisse the author showcases conflicts and consequences that arise when these emotions intertwine. As these characters navigate their desires alongside expectations Chopin highlights their struggle while emphasizing how love and lust blur together with profound impacts, on their lives.",ai
"During an interview with CNBC, Jack Ma, a well known American businessman emphasized the need for China to implement tangible economic reforms in order to sustain its growth and establish itself as a global powerhouse. Additionally he highlighted the importance of meeting the requirements set by the World Trade Organization (WTO) for Chinas acceptance as a member. As one of the co founders of Alibaba Group, a Chinese e commerce company Ma stressed that simply making promises or drafting documents will not suffice. It is essential for China to make changes within its economy to fulfill the prerequisites outlined by the organization. Chinas rapid economic expansion has been a subject of debate for quite some time. Critics argue that insufficient regulation has resulted in pressing issues such as concerns and inadequate protection of intellectual property rights. According to Ma China needs to prioritize sustainability while simultaneously fostering innovation within its economy. He firmly believes that innovation holds the key, to Chinas future and emphasizes the significance of nurturing entrepreneurs who can spearhead new industries. Mas remarks come in the midst of trade tensions between the United States and China as both nations have imposed tariffs on each others goods. However Ma perceives this situation as an opportunity for China to shift its focus from exports towards consumption. According to Ma ""The trade war can actually be a turning point for China. If we prioritize building a consumption driven economy we won't rely on exports anymore."" China has recently taken steps to open up its economy, such as easing restrictions on investments and reducing tariffs on certain products. Nonetheless critics argue that these measures are insufficient. Ma emphasizes the significance of Chinas engagement in the economy by stating that ""China cannot isolate itself from the world. We must collaborate with countries beyond just the United States to be active participants in the global economy."" In addition to advocating for changes in Chinas approach Ma also criticizes the United States strategy in the trade war by highlighting that ""no one can halt globalization"" and emphasizing that ""the world requires an open trading system."" As the trade war persists only time will tell if China will heed Mas advice and bring about changes, to its economy. Given Mas significant influence in the business world his remarks will undoubtedly ignite more debates and conversations regarding Chinas role, in the global economy.",ai
"The flames caressed his skin leaving behind a scorching sensation. The air carried a scent of sulfur and hopelessness. James had endured twenty five years in the literal depths of hell despite being innocent of any crime. Each day he suffered at the hands of demons whose wicked smiles haunted his thoughts. Then on one fateful day amidst the writhing souls of the damned something caught James attention. He spotted a door unlike any he had ever seen before. It bore the word ""Exit."" This sight ignited a glimmer of hope within James heart reigniting a warmth that had long been extinguished. With newfound determination coursing through him James raced towards the door feeling a force propelling him forward. As he drew closer the heat intensified threatening to engulf him.. Undeterred he pressed on with unwavering focus on his only chance for salvation. Sweat streamed down his forehead as he reached out for the doorknob. Expecting searing pain as usual James hesitated preparing himself for inevitable agony. To his astonishment when James touched the doorknob it felt cool, to his fingertips. A sense of relief washed over him as he turned the doorknob hoping to escape from his confinement. With a creak and a rush of air the door swung open revealing a light that pierced through the darkness. His heart raced as James stepped into the doorway leaving behind the terrors that haunted him. The suffocating heat dissipated, replaced by a warmth that embraced his chilled skin. As his eyes adjusted to the brightness he witnessed a world untouched by chaos and suffering. The grass whispered beneath his feet while melodious birdsong filled the air. Overwhelmed with awe James dropped to his knees tears streaming down his face. For the time in twenty five years he felt liberated from false accusations weighing down his soul. The burden that had haunted him for long seemed to dissipate as he basked in the tranquility of this newfound paradise. Amidst James admiration, for his surroundings, a feeling of unease crept upon him. How had he found himself in this place? Who had condemned him to torment? Rising to his feet with determination coursing through him he vowed to uncover the truth and seek justice for the life he lost. As James journeyed through the landscape he encountered fellow souls who like him sought solace in this realm of redemption. Each one had a tale to tell unjustly condemned to face infernal suffering. United by their shared grievances they formed an alliance. Made a solemn vow to shed light on the shadows that had consumed them for far too long. Days turned into weeks and weeks into months as they delved deeper into their investigation. Eventually their pursuit led them to a courthouse. Standing before the council James recounted his arduous journey through hell describing the pain he endured and the injustice he suffered. The council consisted of celestial beings who listened intently with compassionate gazes. After what felt like an eternity their leader—a being whose eyes held the vastness of the universe—finally spoke. ""James "" they declared, ""your story has reached our ears and today marks an end to your suffering."" In a display of lights memories flooded back, to James as he instantly grasped the truth. He had been falsely accused—a victim of a plot. As he returned to his existence James vowed with unwavering determination that no innocent soul would ever be condemned to hell again. With a sense of purpose James dedicated himself to fighting for justice tirelessly exposing the corruption that had plagued his world. His passionate voice resonated, igniting inspiration and driving change as he advocated for the freedom of those unjustly accused. In the end James struggles were not in vain. Through unwavering determination he managed to pry open the doors of justice revealing the plots that had condemned him to a literal hell. In his darkest moments he found the strength to endure and emerged as a ray of hope for all who had suffered unfairly. Genuine salvation did not come from an ""Exit"" sign but from within. James discovered that in the depths of despair and after enduring twenty five years of torment the human spirit can conquer evil and emerge stronger, than ever before.",ai
"It is equally important to analyze the impact of errors. Understanding how errors affect statements allows businesses to evaluate the extent of the mistake and make necessary adjustments. For example if there is an error in calculating inventory value it can lead to an overstatement or understatement of assets thereby impacting both the profit and loss statement and balance sheet. To rectify existing errors businesses have two methods at their disposal. The first method involves correcting the errors through journal entries. For instance if a transaction was recorded in the account a corrective entry can be made to transfer the amount to the correct account. This method is straightforward and immediately fixes any inaccuracies in the accounting records. The second method involves making accounting adjustments. With this approach businesses adjust affected accounts in accounting periods instead of correcting them immediately. An example would be spreading out expenses over several months instead of recognizing them as a one time expense in the month they were paid for. Accounting adjustments are useful when errors occur over time or when immediate correction is not feasible. In conclusion it is crucial for financial reporting that businesses address and rectify any errors or omissions, in their accounting records. Businesses can ensure the accuracy and trustworthiness of their information by reviewing financial statements assessing the effects of any mistakes and employing suitable methods to rectify them.",ai
"Introduction; Accounting plays a role in ensuring an organizations financial stability and transparency. However it is important to address the legal consequences associated with manipulating accounting figures as it can have a significant impact on various stakeholders. This essay aims to analyze the stakeholders involved in a case study discuss the legal implications of altering accounting figures and identify situations where such adjustments can be considered both ethical and legal. Additionally we will explore the repercussions for shareholders, management and employees. Case Study Overview; Lets consider a scenario involving XYZ Corporation, a multinational enterprise facing financial difficulties. Due to market fluctuations and increasing competition XYZ Corporation is struggling to meet its targets. In an attempt to boost their performance artificially the CEO, CFO and the accounting department collaborate to manipulate the numbers recorded in their books. The stakeholders affected by this situation include shareholders, employees, management personnel, well as regulatory authorities. Their Interests; 1. Shareholders; Shareholders are stakeholders who invest capital in an organization with expectations of receiving profitable returns on their investment. They heavily rely on financial information when making informed decisions, about investing their funds. Altering accounting figures misleads shareholders and undermines trust. 1. Shareholders could potentially face losses and witness a decline in the value of their investments impacting their overall wealth and long term financial security. 2. Employees heavily rely on financial records to assess job stability and satisfaction. If there are accounting practices it could lead to potential layoffs, job insecurities and a general sense of dissatisfaction among employees. Such unethical practices can also erode trust in the organizations management negatively affecting motivation, productivity and loyalty. Additionally these practices could harm the organizations reputation making it challenging to attract and retain staff. 3. Management bears the responsibility of ensuring accounting practices. However in this case study both the CEO and CFO are involved in manipulating figures to meet financial targets. Although they may try to justify their actions as a means of addressing term financial difficulties they ultimately put the companys long term stability at risk while tarnishing their own reputation and potentially facing legal consequences. 4. Regulatory authorities such as the Securities and Exchange Commission (SEC) have a role in enforcing accounting standards. In this case study scenario XYZ Corporations accounting adjustments violate Generally Accepted Accounting Principles (GAAP) and International Financial Reporting Standards (IFRS). As a result of these violations regulatory bodies have the power to impose fines on the company or even initiate criminal investigations, against those implicated in these activities. This highlights the consequences associated with such actions. Ethical and Legal Implications; The manipulation of accounting records to alter figures raises ethical and legal concerns. From a standpoint it breaches the trust of stakeholders and undermines transparency. Shareholders and employees rely on information to make informed decisions and maintain confidence in the organization. Misrepresented figures can lead to exploitation, financial losses and reputational damage negatively impacting all parties involved. Legally adjusting accounting figures can be regarded as activity since it misrepresents the true financial standing of the company. This fraudulent manipulation can result in violations of laws and regulations attracting penalties and legal repercussions for those. Such actions create an environment where ethics are compromised eroding confidence in the system. Ethical and Legal Scenarios; While adjusting figures in accounting books is generally considered unethical and illegal there are situations where adjustments may be both ethical and legal. It is crucial to differentiate between making adjustments for valid reasons, versus manipulating them with the intention to deceive stakeholders. 1. Legitimate Tax Minimization; Tax regulations may allow for adjustments aimed at minimizing tax liabilities. In these cases adjustments are made within the boundaries of the law supported by tax codes and transparently disclosed to stakeholders. 2. Error Correction;Making adjustments to correct errors in financial figures is both ethical and legal. It's important to recognize that accidental errors are bound to happen in accounting. In situations it is crucial to promptly acknowledge disclose and rectify these errors in order to ensure accurate financial reporting and uphold the trust of stakeholders. Impact on Stakeholders; Adjusting figures in accounting records can have consequences for various stakeholders; 1. Shareholders; They may experience a decline in the value of their investments resulting in losses and a loss of confidence in the organization. 2. Employees; Unethical accounting practices leading to instability could result in layoffs and job insecurities for employees. Moreover the organizations damaged reputation may make it challenging for employees to find employment. 3. Management; Individuals involved in practices may face legal repercussions, which can tarnish their personal and professional reputations. Conclusion; The act of adjusting figures within an organizations accounting records carries ethical and legal implications. While such actions are inherently fraudulent and unethical there may be exceptions when it comes to scenarios involving tax minimization within boundaries or error correction. Nevertheless the potential repercussions for shareholders, management personnel and employees can be severe – encompassing losses, job insecurities and damage to ones reputation. Therefore organizations must prioritize practices, transparency and accurate financial reporting as key elements, for maintaining trustworthiness and ensuring long term success.",ai
"Introduction; The movie ""12 Years a Slave"" powerfully depicts the realities of slavery shedding light on themes of community and individuality. By exploring these themes the film effectively portrays slavery as a problem with far reaching consequences. Moreover it vividly illustrates instances of bias, stereotypes and discrimination against individuals revealing their profound impact on the characters experiences. Body; 1. Community; The film highlights how slavery perpetuates a sense of collectivism among enslaved individuals. They are treated as property without any sense of identity or autonomy. Their individuality is systematically erased, reducing them to possessions. Consequently this collective perspective on slavery contributes to the dehumanization of people and reinforces white supremacy beliefs. a. Physical and Psychological Abuse; The shared experiences of psychological abuse suffered by slaves underscore the collective trauma endured during slavery. These inhumane acts are inflicted upon them to assert dominance and control while stripping away their humanity. b. Unity, in Resistance; However amidst these conditions the film also portrays moments where collectivism becomes a source of strength and resistance. The power of the human mind becomes apparent in moments when enslaved individuals provide emotional support to one another emphasizing the importance of unity in the fight against slavery. 2. Emphasizing individuality; The movie contrasts thinking with the strength of individual expression highlighting the unique experiences and challenges faced by different characters. Through their stories the film portrays individuality as a catalyst for change and a display of resilience against slaverys atrocities. a. Solomon Northup; As the character Solomon Northup stands as a testament to the power of individuality amidst shared suffering. His unwavering determination to retain his identity and regain his freedom sets him apart. While other slaves succumb to dehumanization resulting from slavery Solomons individuality becomes an agent of resistance that inspires hope in others. b. Patsey; Patsey, another character embodies both collective suffering due to slavery and personal struggles like sexual exploitation shedding light on the complexities within systemic issues at large. 3. Slavery, as a Global Concern; The film broadens its exploration of collectivism and individualism by portraying slavery as a problem that transcends borders and encompasses various forms of oppression. a. The movie demonstrates how the belief in inferiority and systems of superiority exist beyond national boundaries. The hierarchical structure of plantations, where white slaveowners occupy the black individuals are at the bottom reveals a deeply ingrained system that spans across various societies making slavery a global issue. b. The film depicts prejudice, generalizations and stereotyping as tools used by societies to maintain and perpetuate slavery. By portraying these biases as deeply rooted within societies it emphasizes the importance of recognizing and changing our perceptions of race on a scale. Conclusion; To conclude ""12 Years a Slave"" effectively explores the themes of collectivism and individualism to shed light on slavery as a problem. The film eloquently portrays how black individuals were dehumanized through prejudices, generalizations, stereotypes and discrimination. By highlighting the power of action and individual resistance in overcoming slaverys grip it urges us all to acknowledge our own biases and advocate for a more inclusive world that is just, for everyone.",ai
"The mother of Wang Dan, a known Chinese dissident has made a firm commitment to protect her son from the serious accusation of attempting to overthrow the government using any means necessary. In a message addressed to the authorities she openly expressed her deep concern and fear for her sons safety. Wang Dan gained recognition for his participation in the 1989 pro democracy protests held at Tiananmen Square. He has consistently been a critic of the Chinese government and an advocate for democratic reforms. Over time he has faced arrests endured six years in prison and was ultimately forced into exile in the United States back in 1998. However recent months have witnessed an escalation in the governments crackdown on dissenting voices and freedom of expression. In August 2020 Wang Dan was arrested under accusations of ""inciting subversion of state power"" due, to his writings and public comments criticizing policies. In a development Wang Dan now faces severe charges of ""overthrowing the government "" which carries potential life imprisonment or even capital punishment if found guilty. Yao Cheng, Wang Dans mother publicly declared that she will strongly defend her son against these allegations. In a statement released on Monday she condemned the actions taken by the government and urgently called for her sons release. ""I'm really concerned about Wang Dans safety. It's completely unjustifiable for the authorities to detain him and the charges against him are absolutely ridiculous "" she stated firmly. ""I promise to fight for my sons innocence and fundamental human rights. I won't give up until he is set free."" Yao Cheng expressed her worries amidst growing apprehension regarding Wang Dans wellbeing. According to sources he has been subjected to torture and inhumane treatment while in custody, including confinement, sleep deprivation and lack of proper medical care. Various international human rights organizations and Western governments have strongly condemned Wang Dans arrest. Demanded his immediate release. The American embassy in Beijing issued a statement urging for ""the unconditional release of Wang Dan as well as other individuals who are imprisoned due to their beliefs."" Likewise the European Union released a statement expressing concerns over Wang Dans detention and the worsening state of human rights in China. In contrast the Chinese government has disregarded these criticisms. Defended its actions, against Wang Dan. In a statement released on Tuesday the state owned Peoples Daily accused Wang Dan of ""collaborating with entities to undermine national security."" The editorial further mentioned that those who violate Chinas security will face severe consequences. The Chinese authorities have increasingly been utilizing the concept of "" security"" as an excuse to suppress dissidents and activists advocating for human rights. Wang Dans case has sparked concerns regarding the governments willingness to blatantly disregard the principles of justice and due process in order to silence its critics. The serious charge of ""overthrowing the government"" is often employed to target dissidents and carry out executions driven by political motives. In years China has witnessed a rise in the use of capital punishment with estimates suggesting that thousands of individuals are executed annually. However official figures are not disclosed by the government making it challenging to comprehend the scope of this issue. Human rights organizations have accused China of utilizing the death penalty as a means to suppress dissent viewing it as a "" tool."" Despite calls from the international community for China to abolish capital punishment no substantial progress has been made. Wang Dans case exemplifies the obstacles encountered by advocates for democracy in China. Despite experiencing harassment, arrests and exile these individuals persistently strive for citizens rights and aspire, towards establishing a democratic system. However the Chinese government remains resolute in its commitment to retain control over the country even if it means disregarding the rights of those who voice opposition and advocate for rights. The situation surrounding Wang Dan serves as a reminder of the perils that activists and dissidents encounter in China emphasizing the pressing necessity to stand by them in their fight, for fairness and liberty.",ai
"A U.S. District Court judge has put a stop to the federal regulations that aimed to allow credit unions to broaden their membership. This ruling comes as a setback for the National Credit Union Administration (NCUA) which had been hoping to encourage the growth of credit unions. The decision was made by Judge Dabney Friedrich, who agreed with the arguments presented by the American Bankers Association (ABA). The ABA claimed that the NCUA had exceeded its authority with these new regulations. Year the ABA filed a lawsuit against the NCUA arguing that these rules would enable credit unions to surpass their designated scope of membership. Credit unions are cooperatives owned by their members and offer services and products similar to those provided by traditional banks. Traditionally credit unions served groups such as employees of particular companies or members of specific organizations. However over time credit union membership has been expanding through inclusion of groups. In October 2016 the NCUA issued regulations allowing credit unions to extend their membership beyond their mandated field. These rules permitted credit unions to serve communities instead of just a specific group. The regulation was seen as a triumph, for credit unions that had been striving for years to increase their membership base. The ABA has raised concerns about the NCUAs authority to issue such a regulation stating that the agency has gone beyond its limits by allowing credit unions to expand their membership beyond what was originally mandated. The judge agreed with the ABA. Concluded that the NCUA had indeed exceeded their authority. In response to the courts decision the ABA expressed satisfaction. Emphasized that this ruling highlights the NCUAs unlawful actions. The association also stated its commitment to fighting against any overreach by the NCUA. On the hand credit unions are disappointed with this verdict as they believe it would have enabled them to better serve their communities and compete with traditional banks. They argue that expanding their membership was essential in order to remain competitive and meet the evolving needs of society. The Credit Union National Association (CUNA) which represents credit unions expressed concern, about how this ruling could impact consumers and weaken credit unions ability to offer affordable financial services. Their statement underlines that credit unions will persist in advocating for removing barriers that hinder them from fully serving their communities. The courts ruling is seen as a setback for the NCUA, which wanted to support the growth of credit unions and ensure they remain an alternative to traditional banks. However the agency has stated that it will comply with the courts decision. The NCUA also mentioned that it will assess its options and determine the course of action. They aim to continue working towards changes that prioritize safety and soundness in the credit union system while also ensuring consumers have access to affordable financial services. This ruling is expected to have an impact on credit unions growth and their ability to serve their communities. Nevertheless credit unions are committed to advocating for regulatory changes that would enable them to expand their membership and better cater to their communities needs. In summary the recent decision by the U.S. District Court prohibiting federal regulations for expanding credit union memberships poses a major setback, for these institutions in competing with traditional banks. It is anticipated that this ruling will greatly affect credit unions growth prospects and their capacity to serve their communities. However credit unions have made a commitment to continue fighting for regulatory reforms that facilitate membership expansion and enhance community service efforts. We are yet to witness the steps that the NCUA will take in order to tackle this matter.",ai
"The 13th and 15th Amendments of the United States Constitution played a role in transforming the lives of American citizens and advancing equality and racial justice. These amendments were milestones in the fight against racism and inequality as they aimed to dismantle oppressive systems that had marginalized African Americans for centuries. In 1865 the 13th Amendment was ratified, abolishing slavery and involuntary servitude except as a punishment for a crime. This was a shift in American society as it officially ended the institution of slavery that had dehumanized millions of African Americans for generations. By recognizing that every individual has a right to freedom this amendment laid the groundwork for a society free from the chains of slavery and affirmed that no person should be owned or treated as property. Similarly in 1870 the 15th Amendment granted American men the right to vote. This amendment marked a step forward in pursuing racial equality by acknowledging the importance of political participation and representation for marginalized communities. By prohibiting racial discrimination in voting rights it aimed to empower African Americans to exercise their political agency and have a voice, in shaping laws and policies that governed their lives. While these amendments marked progress in the fight against racism and inequality it's important to recognize that they didn't fully achieve their intended goals. The period after these amendments were ratified saw the emergence of Jim Crow laws, segregation and voter suppression tactics that undermined the rights and opportunities of African Americans. It took movements like the Civil Rights Movement of the 20th century to address and dismantle these institutional barriers to equality. In conclusion the 13th and 15th Amendments played a role in the ongoing struggle against racism and inequality in the United States. By abolishing slavery and granting voting rights to African Americans these amendments laid a foundation for an inclusive and fair society. However achieving justice remains an ongoing challenge that requires continuous activism, awareness and policy reforms to dismantle deeply entrenched systems of discrimination and ensure true equality, for all American citizens.",ai
"There have been discussions and speculations in the media and among fans about the sale of the Montreal Canadiens franchise, which has caused some concerns. Reports have indicated that the current owners, Molson Cos. Ltd. are considering selling the hockey team to a buyer. However Molson Coors Canada, the parent company of Molson Cos. Ltd. released a statement on Monday firmly denying any intentions of selling the Canadiens. They expressed their commitment to maintaining their ownership of the franchise and supporting its success both on and off the ice. Geoff Molson, who leads the ownership group acquired the franchise in 2009 following a long history of family ownership. Since then they have made investments, in both the team and Bell Centre arena resulting in a modern facility for fans to enjoy. While some fans may be concerned about a sale others remain optimistic that new ownership could bring fresh ideas and financial support to further enhance the teams performance. However there is a sense of unease due to the uncertainty surrounding the identity and intentions of the buyer. Over the few years the Canadiens have faced challenges in making a deep playoff run and their last Stanley Cup victory dates back to 1993. Nevertheless they boast a fan base and are widely recognized as one of the NHLs most popular franchises. Apart from their on ice struggles, off ice obstacles such as dwindling attendance and revenue have plagued the Canadiens. The COVID 19 pandemic has further exacerbated these difficulties with seasons games being played in empty arenas and future revenue streams remaining uncertain. Despite these hurdles it appears that the Molson family remains dedicated to owning and supporting the team. Geoff Molson expressed his passion for the Canadiens in an interview with La Presse last year; ""We are deeply devoted to this team and we have no plans of going anywhere."" While rumors, about a sale may persist it seems that Molson Cos. Ltd. And the Molson family will retain ownership of the Montreal Canadiens for now. Fans can eagerly anticipate an upcoming NHL season while continuing to celebrate the ongoing success of this legendary hockey franchise.",ai
"Major newspaper companies in the United States have seen a boost in their earnings during the quarter of 2021 all thanks to reduced expenses on raw materials. The global market has been greatly affected by the pandemic leading to prices for materials such as paper and ink. This has resulted in savings for prominent newspaper publishers. Gannett, which is the newspaper publisher in the US reported a revenue increase of 7.3% during the first quarter of 2021 compared to the same period last year. Similarly New York Times Company, another leading publisher in the country experienced a rise of 6.6% in their revenue for that period. The costs associated with paper and ink have dropped by than 25% due to the pandemics impact. As a result these companies have been able to utilize their savings by investing in infrastructure and capitalizing on the thriving digital market for newspaper content. The shift towards media has become even more evident prompting newspaper companies to place greater emphasis on their digital platforms in order to attract a wider audience. The decrease in operating costs couldn't have come at a time for many newspaper companies given the challenging economic circumstances brought about by the pandemic. These lower expenses allowed them to avoid any layoffs or salary reductions, for their employees. Investors have viewed the savings in materials as temporary but newspaper companies can respond to this by exploring new avenues for generating revenue through advertising or subscriptions. Numerous companies have made progress in transitioning towards a sustainable business model, which entails expanding their revenue sources beyond advertising and discovering creative methods to monetize their digital platforms. In summary the cost savings have given newspaper companies a beginning to 2021 and put them in a better position to tackle the challenges of an increasingly digital marketplace, in the future.",ai
"After my death I found myself in a place of light. It was a realization that settled within me as a voice broke the silence in the empty void. ""You with a soul stained by the blood you've shed shall endure everlasting penance. You will live through the lives of those you have taken."" With trembling limbs I was transported to a world that wasn't my own. Suddenly I was immersed in the thoughts and experiences of a woman named Emily. Her vibrant spirit dulled by my cruel actions. I felt every ounce of pain and despair that I had inflicted upon her. The torment she endured was unmatched; each night haunted by nightmares featuring my face. It was an existence from which there seemed to be no escape. As Emily I trudged through life carrying the burden of my deeds. In her existence she once had dreams of a bright future. However my malicious hands snuffed out her aspirations. Replaced them with deep rooted fear and insecurity. I could feel her heartache and an unrelenting urge to flee and hide from a world that witnessed her moments. Then I became Jacob. A man known for his gentle nature and ability to spread love and warmth among those, around him. Jacob was the person I targeted someone who simply lived life to the fullest. I got a taste of the happiness he embraced. It made me contemplate how different my own life could have been if I had chosen a similar path. As I delved into the consequences of my actions through each persons perspective I discovered deeper insights. Bobby, an innocent boy filled with dreams for his future felt the weight of my sinister presence crush his aspirations. The pain he experienced consumed him. Twisted his path transforming him from a hopeful boy into a tormented man haunted by the darkness I had brought upon him. Through Mollys eyes a journalist seeking justice for all victims I observed her unwavering determination in uncovering the truth. Haunted by my actions Molly felt driven to expose my crimes to the world. Witnessing her thirst, for justice struck me at my core as it became clear that the repercussions of what I had done extended beyond just those directly affected. This cycle forced me to experience life through each soul that fell victim to me. Their lives were filled with shattered dreams, unfulfilled love and unrealized potential forever snuffed out. Through my transformation I began to grasp the enormity of my horrific actions. Ages drifted by as I wandered amidst the lives of those I had harmed. The anguish grew insufferable. With each passing moment seeds of regret slowly took root within me. My tears flowed for the lives I had scarred and the suffering I had unleashed upon the world. At last as the final soul faded away a new voice emerged, gentler and more compassionate than before. ""You have witnessed firsthand the devastation caused by your hand forever altering lives. Allow this experience to ignite compassion within your being. Return now with renewed purpose. Strive to make amends."" With a glimmer of light I found myself propelled back, into emptiness. Something fundamental shifted within me. A profound determination firmly settled in my core. Emerging from that twilight realm with a singular mission. To dedicate my life to rectifying the unspeakable crimes I had committed. In this existence I toiled ceaselessly to bring solace to the families shattered by my actions. Yearning to be their lost voice and provide them with solace that was once denied. Every life I had touched every person I had hurt motivated me to strive for improvement and seek forgiveness for the pain I had caused. Through acts of kindness, love and making amends I worked hard to change the course of my lifes story. The scars from my past never faded away; they served as a reminder of the harm I had inflicted. However as time went on I found solace in knowing that even those, with the intentions could find redemption by trying to mend the broken pieces of those whose lives they had impacted. The journey was arduous. Filled with unbearable sorrow and remorse.. In the end it offered a glimmer of hope—a chance for me to redeem myself.",ai
"Once upon a time in the heart of cities all over the world people eagerly awaited the arrival of Black Friday. It was a day filled with discounts, frenzied shopping and unbeatable deals. However this year brought a cloud on the horizon. Little did the hopeful shoppers know that they were about to witness the chaotic Black Friday in history. As midnight struck the doors of malls swung open and a surge of shoppers rushed forward. The atmosphere crackled with excitement and anticipation. No one could have foreseen the disaster that lay ahead. Within minutes pandemonium broke loose. Caught up in their consumer frenzy people fought tooth. Nail to grab hold of the last discounted items. Polite society crumbled away as primal instincts for material possessions took over. Humanity seemed to fade leaving behind only one driving force; greed. Shopping aisles transformed into battlefields with bodies being trampled and crushed under a stampede. Desperate hands reached out for anything within their grasp. Be it a loved ones arm or even the last flat screen television, on a shelf. In this frenzy even harmless objects turned into weapons. The sound of agony drowned out any carols that echoed through the mall. The floors and walls were stained with blood mixed with torn shopping bags and broken glass. The shiny hallways turned into haunting paths of despair. People, caught up in their desires fought ruthlessly forgetting the true essence of life. Outside the malls the situation was equally terrifying. Cars collided as drivers lost their sense of reason, consumed by their obsession, with shopping. Pedestrians found themselves trapped in a crossfire unable to escape the impending disaster. Emergency services struggled to cope with the growing chaos. Their valiant efforts seemed insignificant compared to the overwhelming devastation. Amidst all this madness a few brave souls emerged, refusing to surrender to the darkness that had engulfed society. Extending a helping hand to their human beings they tried to calm down the frenzy and remind everyone of our shared humanity. However their appeals were ignored amidst the noise of violence and desperation. As time passed by the malls transformed into landscapes littered with remnants of lives dedicated solely to consumerism. The clamor of screams and cries gradually faded away leaving behind a silence that resonated through the desolation. The weight of this tragedy settled like a fog that suffocated survivors spirits as they searched for loved ones amidst the chaos. When the sun rose on that darkest of days the world witnessed the aftermath of an obsession with materialism. Countless lives were lost dreams shattered by a fixation. This tragedy serves as a reminder of the destructive potential that lies dormant within us all waiting for a catalyst to release it. From that moment the story of the most violent Black Friday became deeply ingrained in our collective memory. It served as a cautionary tale serving to remind us of the perils that arise when greed overrides compassion. The thriving shopping centers now stand as haunting reminders of the brutality humanity is capable of. The bloodshed left a mark on our collective consciousness. A significant shift occurred, prompting individuals to reassess their priorities. They came to realize that mere pursuit of material possessions offered no fulfillment in the long run. Instead people began seeking solace in community bonds and finding joy in acts of compassion and love. Thus amidst devastation, on that day seeds of change were planted. Gradually but surely society rebuilt itself with a determination never to forget the bloodiest Black Friday and its tremendous loss of life. A ending reminder of the debt we owe to the countless souls who have passed a constant symbol urging us to value the priceless gifts life offers.",ai
"In another crackdown on opposition the Chinese government has handed down a sentence of 11 years in prison to a well known advocate for human rights. Xu Zhiyong, who had been under detention since February 2020 faced charges of ""inciting subversion of state power."" The trial took place behind doors in December 2020 and the verdict was recently made public. Xu, a scholar and founder of the New Citizens Movement has been an outspoken critic of the policies and practices implemented by the Chinese government. He has consistently called for democracy and social justice within China. The arrest and subsequent conviction have received condemnation from human rights activists and foreign governments. Over years Chinese authorities have intensified their efforts to suppress dissent by specifically targeting lawyers, activists and journalists. Various tactics such as harassment, intimidation and imprisonment have been employed by the government to silence opposition voices and maintain control over society. The case of Xu serves as another example demonstrating how the government exploits its system as a means to punish those who challenge its authority. The charges against him are deliberately vague and open to interpretation raising concerns that free speech and political dissent are being suppressed through use of law, by the Chinese government. Xus conviction has also served as a note for foreign governments that raise concerns about human rights in China. The Chinese government has consistently rejected criticisms accusing the West of meddling in its internal affairs. Xus imprisonment is seen as a message to foreign governments that such pleas will not be entertained and that they should focus on their own matters. The response from the UK Foreign Secretary to this news highlights his concern regarding the lack of transparency during Xus trial and the severity of the prison sentence imposed. He reaffirmed the UKs dedication to promoting rights globally including in China and urged the Chinese government to respect everyones rights, including political dissidents and human rights defenders. Similarly the US Secretary of State expressed concern over Xus imprisonment. He stated that the US government is troubled by how Xu's being treated by Chinese authorities and called for his immediate release. The Secretary of State also emphasized the importance of upholding rights and supporting civil society within China. Despite efforts by the government to suppress information about Xus case it has still managed to draw attention within China itself. Many individuals have shown their support for Xu and his cause with calls, for his release circulating on social media platforms. However expressing dissent in China is heavily. Those who voice their opinions risk facing similar consequences. The treatment of Xu by the government highlights the ongoing importance of international advocacy and pressure regarding human rights issues in China. With an assertive foreign policy the Chinese government has shown little tolerance for criticism or disagreement. It is therefore crucial for foreign governments and organizations to stand up for rights even if it means jeopardizing economic relationships with China. In summary Xus imprisonment serves as a reminder of the Chinese governments disregard for fundamental human rights such as freedom of expression and association. It also serves as a warning to governments and organizations that raising concerns about human rights with China can result in retaliation. However it remains essential to continue voicing these concerns and addressing them in order to promote respect for human rights within China and, across the globe.",ai
"The recent decision by the government to lift the ban on extraditing its citizens accused of drug trafficking to the United States has been deemed insignificant by Claudia Carrasquilla, the countrys anti drug prosecutor. The ban had been in place since 2012 aiming to prevent nationals from being extradited for crimes committed within the country including to the US. This measure was seen as a way to shield drug traffickers from US extradition requests. However month the Colombian government announced that they would be lifting this ban specifically for drug trafficking cases involving their citizens and extradition to the US. While this move was celebrated as an advancement in combating drug trafficking Claudia Carrasquilla believes it holds little meaningful impact. She argues that in practice the ban had already become obsolete prior, to this decision. She mentioned that despite the ban Colombia has been extraditing its citizens accused of drug trafficking to the United States. According to Carrasquilla since the ban was introduced in 2012 around 1,200 individuals, including drug lords like ""Chupeta"" (Juan Carlos Ramírez Abadía) and ""Don Diego"" (Diego Montoya Sánchez) have been extradited from Colombia to the US. She added that despite the ban all these extraditions were approved by the government. Consequently Carrasquilla argued that lifting the ban recently was merely a gesture intended to please the US governments request for increased extraditions. She cautioned that this action would not effectively address Colombias struggle with drug trafficking, which remains a significant issue in the country. Colombia is recognized as one of the worlds cocaine producers and drug trafficking has long been a serious challenge within its borders. Despite efforts by the government to combat this illicit trade drug lords continue their operations nationwide using violence and corruption as means to sustain their activities. The US government has played a role as an ally of Colombia, in combating drug trafficking by providing financial and military assistance to support its security forces. However the United States has also expressed concerns about how Colombia handles drug lords arguing that the country is too lenient with them. The recent decision to revoke the prohibition on extraditing its citizens involved in drug trafficking to the US is viewed as an effort by the government to please the US administration. The US has been demanding that Colombia surrender high profile drug lords, including Dairo Antonio Úsuga, who leads Colombias most powerful drug cartel. Yet despite this action taken by the government its significance remains uncertain. It remains to be seen if they will actually extradite a number of their citizens accused of drug trafficking, to the US. If they do not follow through with this extradition process then this decision will merely serve as a gesture.",ai
"The expectations placed on women who enter a relationship with someone who already has children can vary greatly depending on cultural, societal and personal beliefs. However it is crucial to consider the implications of these expectations and how they align with the decision to not have children. Traditionally there has been an expectation for women to take on responsibilities when they become involved with someone who already has children. This expectation stems from the belief that women're natural caregivers and should seamlessly fit into the existing family dynamic. While this experience can be fulfilling for some individuals it is important to acknowledge that every woman is unique and has her aspirations and priorities. It becomes imperative to align expectations with the choice of being child free. If a woman consciously decides not to have children she may not be prepared or willing to assume parental responsibilities. In situations, open and honest communication within the relationship becomes essential enabling both partners to express their expectations and boundaries. This approach supports the notion that each person has the right to make decisions regarding their life, including their involvement in parenting. These dynamics can have implications, for both the child involved and the overall relationship. When a child gains a parental figure it's important to prioritize their feelings and needs. Engaging in conversations with the child addressing their concerns and setting boundaries are essential. This way we can ensure the childs emotional well being is taken care of. In terms of the relationship itself it's crucial to create an environment based on respect and understanding. Both partners should. Value each others perspectives and choices. Communication and finding ground play a vital role in managing these expectations. The success of the relationship relies on both partners ability to reach an agreeable arrangement. To sum up determining how responsibility women should assume when entering into a serious relationship, with someone who already has children is subjective. Deciding whether or not to have children carries its considerations and expectations. These dynamics greatly impact both the child and the relationship itself underscoring the significance of communication, understanding and respecting individual choices.",ai
"The day we had all been waiting for finally arrived when extraterrestrial beings made contact with humanity expressing their interest in establishing a trade partnership. This news filled people around the world with excitement as they contemplated the possibilities of this interaction. In response a grand international convention was swiftly organized to showcase the resources, inventions and cultural marvels that Earth had to offer. Representatives from nations across the globe gathered in an exhibition hall setting aside their differences momentarily. The extraterrestrial visitors were left awe struck by the captivating displays of science, art, technology and cuisine that our planet had to offer. Scholars eagerly exchanged knowledge artists shared techniques and chefs presented their creations in hopes of impressing these celestial beings. As the event concluded and negotiations began it became apparent that the aliens were interested in something something no one had anticipated. They expressed a desire to purchase ordinary human artifacts; used items steeped in history and antiquity. Bewilderment washed over onlookers as alien visitors examined garage sale finds, old furniture pieces, vintage clothing items, and scarcely used gadgets. Their fascination extended to rusty tools chipped porcelain and tattered books. Despite possessing technology the aliens lacked the ability to create objects that bore witness, to human history. In no time all the convention transformed into a vibrant flea market scene. People excitedly searched through their attics, basements, and closets in order to sell off their no longer needed possessions. An old typewriter brought in a sum a worn comic book fetched a hefty price and a tattered vinyl record sparked fierce competition among bidders. The extraterrestrial beings found joy in our history longing for our nostalgic artifacts. Their insatiable desire for our past served as a bond, between Earth and their species. Thus we began an fruitful trade alliance centered around the remnants of our shared heritage.",ai
"Introduction Chronic pain is a condition that significantly impacts the lives and emotional well being of millions of people worldwide. Over the years pharmaceutical opioids have been commonly used to manage pain. However concerns have arisen about the negative impact these opioids may have on emotional health. In times medical marijuana has emerged as an alternative treatment option that is gaining attention due to its potential for pain relief with fewer psychoactive side effects. This essay aims to explore and compare the effects of opioids and medical marijuana on chronic pain and emotional well being. Specifically it will delve into how these medications affect levels of depression and anxiety providing an analysis of the benefits and limitations associated with each type of treatment. Pharmaceutical Opioids and Emotional Well Being Pharmaceutical opioids are prescribed medications for managing chronic pain. They effectively alleviate pain by binding to receptors in various parts of the body including the brain and spinal cord, which subsequently reduces the transmission of pain signals. However it is important to note that using opioids has been associated with several adverse effects, on emotional well being. Depression often accompanies pain and the use of pharmaceutical opioids can worsen this condition. Scientific studies have discovered that opioids can disrupt neurotransmitter systems in the brain like serotonin and dopamine which are critical for regulating mood. This disruption may lead to a decrease in well being causing depressive symptoms and further distressing individuals who are already dealing with chronic pain. Moreover prolonged opioid use has been linked to an increased likelihood of developing anxiety disorders. Opioids can impact the amygdala, a brain region for processing fear and anxiety responses. Research suggests that ongoing opioid use might heighten anxiety levels and contribute to the development of anxiety disorder or panic disorder. Therefore while pharmaceutical opioids effectively manage pain they have the potential to compromise well being. On the hand medical marijuana has emerged as an alternative treatment for chronic pain due to its potential effectiveness and reduced risk of negative emotional effects. The active components found in marijuana, such as cannabidiol (CBD) and tetrahydrocannabinol (THC) interact with the bodys endocannabinoid system—a crucial player, in regulating both pain perception and emotional responses. Several studies have suggested that the use of marijuana is linked to a reduction in symptoms of depression and anxiety among individuals with chronic pain. The pain relieving properties of marijuana enable people to experience relief leading to an improvement in their emotional well being. Moreover CBD has been discovered to possess anxiety reducing properties without the mind altering effects typically associated with THC. Furthermore medical marijuana might also provide effects against the development of mood disorders. Research indicates that CBD acts as an agent supporting the regeneration and preservation of brain cells. By promoting health medical marijuana may help mitigate the risk of developing depressive or anxiety disorders making it a potentially safer option for managing long term pain. Balancing the Pros and Cons Although medical marijuana holds promise in enhancing well being for those with chronic pain it is crucial to carefully consider concerns and drawbacks. The psychoactive effects of THC, which's the primary component responsible for altering ones mental state in marijuana can lead to cognitive impairment, sedation and even trigger or worsen anxiety in certain individuals. Striking a balance, between the emotional benefits of medical marijuana and its cognitive side effects is essential. Pharmaceutical opioids despite their impact on emotional well being remain effective painkillers and may be necessary for managing severe and long lasting pain. In situations a comprehensive approach that combines pharmaceutical opioids with psychological treatments like cognitive behavioral therapy or mindfulness based stress reduction can help reduce pain while addressing the emotional effects. In conclusion, chronic pain and emotional well being are closely connected. Pharmaceutical opioids and medical marijuana have effects on depression and anxiety levels. While pharmaceutical opioids effectively relieve pain they can also negatively affect well being increasing the risk of depression and anxiety disorders. On the hand medical marijuana shows potential in relieving pain while potentially improving emotional well being although one should consider the psychoactive effects of THC carefully. Ultimately finding a balance between pain relief and emotional health is crucial. A personalized approach to managing pain should include psychological interventions, alongside medication.",ai
"The Director General of the British Broadcasting Corporation (BBC) Tim Davie has expressed the need for a rise in the television licence fee. In a speech delivered on Wednesday Davie argued that the current fee of £157.50 per household per year was necessary to uphold the quality of BBC programming and expand its services. Davies plea comes at a time when the BBCs financesre under mounting pressure. The corporation has faced scrutiny over its handling of funds with allegations of executive remuneration and wasteful expenditure on programming. Nevertheless Davie emphasized that as a service broadcaster the BBC is obligated to maintain high standards and provide viewers with a diverse range of content. During his speech Davie stated, ""The BBC is confronting financial challenges; however we cannot compromise on the quality of our programming or the breadth of services we offer. To remain competitive in a digital world we must invest in new technology and content. This necessitates an increase in the licence fee to ensure that we can continue delivering valued and trusted services to all our viewers."" Davies proposal has garnered responses. While some commentators applaud his willingness to address the hurdles faced by the BBC others have criticized his call, for a licence fee hike. The fee for owning a television set is obligatory for every household in the UK. Failure to pay can lead to fines or even imprisonment. Critics of the licence fee argue that it is a system that unfairly imposes an unnecessary financial burden on households. They highlight the popularity of streaming services like Netflix and Amazon Prime as evidence that viewers no longer solely rely on the BBCs programming. On the hand supporters of the licence fee contend that it ensures stable funding for the BBC and safeguards its independence from commercial interests. The government has not yet responded to Davies proposal. The licence fee, which is determined by the government would require changes for any modifications. The last increase in the fee occurred in 2017 when it was raised from £147 to £150.50. Despite the debate surrounding the licence fee the BBC remains a cherished institution in the UK. Its programming reaches millions of viewers daily. Its news coverage is widely regarded as highly reliable worldwide. Davies call for an increase in the licence fee represents another chapter in discussions regarding the role of BBC, in society and its future funding.",ai
"Once upon a time in a quaint village surrounded by lush rolling hills there lived a young girl named Emma. She resided in a stone cottage with her beloved grandmother. Emmas days were filled with wanderings through fields of vibrant wildflowers carefully selecting bouquets to brighten her grandmothers day. The gentle touch of the sun warmed her cheeks as she followed the meandering path that led her through this landscape. However the tranquility of the village was soon disrupted by the arrival of a mysterious stranger named Lucas. With eyes that shimmered like the night sky he had come in search of something long lost—something that held the power to reshape his entire existence. As Lucas began to explore the village he couldn't. Be captivated by Emmas enchanting beauty. Her flowing locks and radiant smile effortlessly drew him closer stirring within him a warmth that echoed deep within his heart. Simultaneously Emma felt a connection with Lucas from their very first encounter. His penetrating gaze caused her heart to flutter and awakened emotions she had never experienced before. Unbeknownst to them both their lives had become intertwined centuries ago through a woven tapestry of fate. As their paths converged across time itself they found themselves privy to whispered secrets from the universe itself. Meanwhile Mrs. Patterson—the grandmother who had witnessed it all—observed this extraordinary unfolding, with knowing eyes. Emma was well aware that Lucas held the key to unlocking a prophecy one that spoke of a love surpassing time and capable of saving their world. Day by day they found themselves irresistibly drawn closer sensing a force pulling them together. Their connection became a power neither could resist. However as their love blossomed, a presence lingered in the shadows threatening to tear them apart. Dark forces sought to exploit their bond and unleash chaos upon the world. To safeguard their love from falling into darkness clutches, Emma, Lucas and Mrs. Patterson joined forces. They united their hearts, minds and spirits with unwavering determination to fulfill the prophecy and restore harmony to their realm. Together they confronted challenges and relentlessly battled the forces of evil at every turn. With each triumph they achieved their love grew stronger than before—a testament to their status, as heroes who rescued not only their village but also forged an eternal love that transcended time itself. So it goes—their story lives on through generations—an epic tale of loves endurance, self sacrifice and the remarkable power of destiny.",ai
"Introduction ( 150 words) The use of Electronic Health Record (EHR) systems has revolutionized the healthcare industry by replacing traditional paper based medical records with digital and easily accessible formats. Lately there has been a growing focus on integrating EHR systems into nursing practice due to their potential in enhancing patient care streamlining workflows promoting collaboration among healthcare professionals and increasing patient satisfaction. This essay delves into the significance of incorporating EHR systems into nursing practice. Proposes a policy for utilizing them in drug administration, medication monitoring, treatment adherence and screening for substance abuse. Furthermore it addresses the challenges and limitations associated with EHR systems while emphasizing the need for optimization to improve workflow efficiency, interprofessional care coordination and overall patient satisfaction. Importance of Integrating EHR Systems into Nursing Practice ( 300 words) The integration of EHR systems into nursing practice brings about benefits that directly impact patient care. Firstly these systems grant access to updated patient information such, as medical history, allergies, medication records and laboratory results. This comprehensive overview empowers nurses to make informed decisions leading to improved patient outcomes. Additionally EHR systems contribute to drug administration by minimizing medication errors. To improve safety EHR systems automate various medication related processes like calculating doses issuing allergy alerts and checking for drug interactions. Additionally these systems provide real time data on medication administration, patient responses and treatment outcomes enabling medication monitoring. Nurses can closely monitor how patients respond to medications and make dosage adjustments or improve treatment plans through accurate documentation and organized data management. EHR integration also aids in treatment adherence by automating reminders offering resources and using patient engagement tools. By utilizing EHR systems nurses can educate patients about their treatment plans, track adherence levels, address barriers to compliance and ultimately enhance therapeutic outcomes. Moreover EHR systems also play a role in substance abuse screening by incorporating systematic screening tools into electronic records. This integration allows nurses to identify patients who may be at risk for substance abuse and initiate interventions. Consequently this approach not improves patient safety but also promotes holistic care by addressing both mental health disorders and substance abuse concurrently. To optimize the utilization of EHR systems in nursing practice while fostering efficiency, collaboration, among healthcare professionals well as enhancing patient satisfaction levels; the following policy proposal is presented; 1. Drug Administration; 1.1 Ensure that medication administration procedures are standardized across healthcare facilities to promote safe practices. 1.2 Implement the use of barcode scanning technology to verify the accuracy of medication administration reducing the likelihood of errors. 1.3 Take advantage of health record (EHR) systems to document medication administration capturing real time information about dosage, timing and patient response. 2. Medication Monitoring; 2.1 Develop protocols for documenting and reviewing medication administration, patient responses and therapeutic outcomes. 2.2 Facilitate real time communication between healthcare providers through EHR systems to promptly address patient concerns and make necessary treatment adjustments. 2.3 Establish. Reminders within EHR systems to ensure medications are administered on time and facilitate accurate reconciliation. 3. Treatment Adherence; 3.1 Utilize EHR systems to generate patient education resources that include information about medications, potential side effects and clear instructions for use. 3.2 Enable automated reminders for patients regarding medication adherence well as follow up appointments in order to enhance their engagement in treatment. 3.3 Establish patient portals integrated with EHR systems so that patients can access their health information review treatment plans and communicate with their healthcare providers. 4.Substance Abuse Screening; 4.1 standardized substance abuse screening tools, into EHR systems to facilitate comprehensive assessments consistently. 4.2 Nurses should establish guidelines to identify patients who may be at risk for substance abuse and take the steps to refer them to counseling or rehabilitation services. 4.3 It is important to prioritize confidentiality and privacy by implementing strict security protocols and adhering to ethical standards. Limitations of Current Electronic Health Record (EHR) Systems (Approximately 250 words) Despite the benefits of EHR systems there are obstacles and limitations that currently hinder their full potential. One major challenge is the lack of interoperability, where EHR systems used by healthcare providers fail to communicate effectively and share information seamlessly. This limited interoperability restricts the exchange of data among healthcare facilities hindering collaborative efforts and comprehensive patient care. Additionally the implementation and integration process of EHR systems can be complex and time consuming. Navigating through software interfaces fulfilling data entry requirements and keeping up with system updates can overwhelm nursing staff leading to decreased efficiency and potential errors. Another limitation lies in user interface design. Poorly designed interfaces with layouts and excessive clicks can cause frustration for users while impeding efficient workflows. Nurses end up spending time searching for data or navigating through complex systems instead of providing direct patient care. Optimization of EHR Systems ( 200 words) Continuously optimizing EHR systems is crucial, in order to improve workflows, facilitate interprofessional care coordination and enhance overall patient satisfaction.This may involve improving the sharing of information among healthcare providers by using standardized data exchange protocols to enhance interoperability. Moreover incorporating nurses in the process of designing health record (EHR) systems and prioritizing user centered design will result in interfaces that are user friendly and provide better user experiences. Additionally aligning EHR systems with practice guidelines and evidence based protocols can strengthen decision support capabilities encouraging adherence to best practices and reducing the chances of errors. Customizable alerts and reminders can also be optimized to minimize fatigue while providing clinically relevant information. In conclusion ( 100 words) integrating EHR systems into nursing practice offers valuable advantages that improve patient care, efficiency, collaboration and patient satisfaction. By implementing a policy for drug administration, medication monitoring, treatment adherence and substance abuse screening nurses can leverage the potential of EHR systems to optimize patient outcomes. However it is crucial to address the barriers and limitations associated with EHR systems in order to enhance usability, interoperability and workflow integration. Optimizing EHR systems is essential, for fostering information exchange promoting interprofessional collaboration and ensuring efficient and patient centered care.",ai
"BP, the oil and gas company announced on Tuesday that they have released their financial report for the third quarter of this year. They highlighted their ever earnings for Q3 despite facing some challenges with profit margins. During the three months leading up to September 30th BP reported a profit of $3.8 billion after considering replacement costs. This is an increase from last years third quarter earnings of $2.3 billion and surpassed market expectations. It's worth noting that these impressive results were achieved despite a 17% decrease in oil prices compared to the quarter in 2018 which put pressure on profit margins. Bob Dudley, BPs CEO expressed satisfaction with these financial results given the challenging business environment. He emphasized that their focus on high value growth and delivering the products played a crucial role in generating robust cash flow and solid earnings. Additionally he mentioned BPs efforts to enhance safety measures and improve efficiency. The positive financial outcome can be attributed to factors. BP experienced a 3% increase in production and sales compared to the previous quarter due to higher production levels, in Iraq and the Gulf of Mexico. Furthermore BPs downstream operations, which involve the refining and marketing of petroleum products showed performance. They recorded earnings of $2.6 billion an increase from $1.8 billion in the quarter due to impressive trading outcomes. BPs advancements in their low carbon business units were also highlighted. In the course of the quarter they achieved $500 million in earnings from their energy ventures marking a 40% rise compared to the same period last year. This growth was primarily driven by profits from solar power and wind farms. Additionally BP remains committed to its goal of investing $500 million in low carbon initiatives. Despite these financial results BP faced a setback with its state of the art oil rig named Mad Dog 2 in the Gulf of Mexico. Following Hurricane Barry in July the rig had to be shut down. While plans are underway to resume oil extraction by 2021 it is expected that costs will surpass $10 billion. In light of this situation BP has made a commitment to exercise discipline and prudent capital investment management. As part of this strategy they aim to sell assets $10 billion, between 2019 and 2020 with the objective of strengthening their financial position and reducing debt. BPs recent financial report came after other major oil and gas companies, such as Royal Dutch Shell and Exxon Mobil shared positive earnings announcements. Despite economic uncertainties and geopolitical pressures these companies have managed to perform admirably surpassing market expectations. Angus Rodger, a research director at Wood Mackenzie commented on the external environment faced by the industry in recent quarters. However BPs impressive financial results demonstrate their ability to navigate and thrive in circumstances. Following the announcement of their Q3 results BPs shares experienced a 2.5% increase. Overall BPs focus on high value growth cost management practices and initiatives for carbon emissions has contributed to their strong financial performance even amidst challenging external conditions. The companys commitment to sustaining this steady growth trajectory brings news, for shareholders and investors alike.",ai
"In the evolving realm of internet service providers (ISPs) Prodigy Inc. Has recently made a significant entrance. The company has unveiled its offering called Prodigy Internet providing customers with unlimited internet access at a competitive price of $19.95 per month. Prodigy Inc. Is not a newcomer to the market. It was established in the 1980s as an online services provider catering to features such as email, news updates, stock quotes and games. The company played a role in the early days of the online industry and was later acquired by SBC Communications (now AT&T) in 2001. After undergoing rebranding efforts Prodigy is now relaunching itself as a comprehensive ISP with an overhauled service model. Jill Robinson, CEO of Prodigy Inc. expressed pride in introducing Prodigy Internet—a service that offers internet access to customers seeking exceptional quality at a fair price. The company sees potential in reintroducing the values that helped establish Prodigy as an industry trailblazer. By prioritizing customer satisfaction and affordability they believe that Prodigy Internet can become a leading player in the ISP market. The new service aims to deliver reliable internet access through various technology options, like DSL, fiber optics and cable. The company has formed partnerships with telecommunications companies across the United States, such as AT&T, Verizon and Comcast to extend its services to a wide range of customers. A notable advantage of Prodigy Internet is its data plan. Unlike conventional internet service providers (ISPs) that impose limits on monthly data usage and charge additional fees or reduce internet speed for exceeding those limits Prodigy Internet ensures unlimited data without any hidden charges or caps. Robinson states, ""We firmly believe that customers shouldn't have to worry about data caps or unexpected bills. With Prodigy Internet you can freely stream, download and browse without monitoring your kilobytes."" Competitive pricing is another standout feature of Prodigy Internet. Starting at $19.95 per month their service is more affordable compared to ISPs in the market that can charge up to $80 for similar plans. Prodigy Inc. positioning itself as a disruptor in the ISP industry aims to challenge the dominance of providers by offering customers more cost effective and transparent options. ""Our goal is to present an alternative, to the status quo. Many customers express frustration regarding prices and subpar customer service offered by conventional ISPs.""""We think that Prodigy Internet can change this by offering a service at a more affordable price "" Robinson states. Additionally Prodigy Internet provides a service model giving customers the option to select from various plans and technology choices based on their specific requirements. For instance urban customers might prefer cable or fiber optic internet while those in areas may rely on DSL or satellite connections. The introduction of Prodigy Internet arrives during a time when the demand for internet services has skyrocketed due to the COVID 19. With countless individuals working and studying from home having internet access has become more critical than ever. However many customers have encountered problems with connectivity, sluggish speeds and exorbitant prices from their ISPs. Prodigy Inc. Aims to tackle these challenges by delivering dependable and cost effective service. The company has made investments in constructing a robust infrastructure and establishing partnerships with reputable providers to ensure that its customers receive top notch service. ""We firmly believe that high quality internet access should be considered a right in the 21st century. Through launching Prodigy Internet we aspire to make that vision a reality, for people nationwide "" adds Robinson. Overall the debut of Prodigy Internet signifies a milestone in the ISP market. With the rise in competition and growing customer expectations Prodigy Inc. Has positioned itself as a choice, by prioritizing customer satisfaction, affordability and transparency. It's yet to be determined how the company will perform against established ISPs but Prodigy Internet has the potential to disrupt the market and provide internet users with a more advantageous offer.",ai
"Cultural criminology is a perspective that delves into the connection between culture and crime. According to this approach crime cannot be understood solely as an act; rather it is deeply intertwined with broader cultural contexts. Cultural criminologists argue that crime is influenced by and also influences culture showcasing the interplay between criminal activities and cultural customs. In this essay we will explore ideas and themes of cultural criminology including viewing crime as a form of culture itself understanding how culture can lead to criminal behavior examining media portrayals of crime control and corruption and analyzing the political dimensions of culture in relation to crime and cultural criminology. To illustrate these concepts effectively we will provide examples while also analyzing the implications of labeling products and individuals as criminals. One fundamental concept within criminology revolves around perceiving crime as an aspect of culture. This viewpoint suggests that crime goes beyond incidents; instead it becomes ingrained in the societal fabric. For instance gang activities can be viewed as a means of expressing ones culture in environments where social and economic exclusion're prevalent. The formation of gangs, the adoption and display of gang symbols and rituals well as the development of gang identities all serve as cultural practices that both reflect and perpetuate existing social inequalities, within a specific society. Furthermore cultural criminologists also emphasize that culture itself can be associated with crime. They argue that certain cultural practices may be viewed as illegal or deviant such as drug use within subcultures. According to criminologists when society criminalizes these practices it fails to address the underlying issues that drive people to engage in them. Instead it perpetuates a cycle of punishment without understanding the cultural and social factors influencing these behaviors. Another significant aspect explored by criminology is how the media portrays crime control and corruption. The media plays a role in shaping public perceptions of crime and influencing policy priorities. Media representations of crime can instill fear. Stigmatize specific groups or subcultures leading to increased social control measures and surveillance efforts. For instance when the media excessively focuses on crimes within minority communities it can contribute to racial profiling and biased law enforcement practices. Moreover media depictions of corruption also have reaching consequences for public trust in institutions. When corrupt politicians or law enforcement officials are portrayed in the media it erodes confidence in both the criminal justice system and political processes. This has implications for attitudes toward crime as well as reinforcing negative stereotypes, about certain cultural groups. The political aspects of culture, crime and cultural criminology become apparent when we consider how power dynamics influence the process of criminalization. In instances the decision to criminalize certain cultural practices or icons is driven by political motivations. Take, for example the prohibition of marijuana, which was primarily influenced by economic factors rather than inherent danger or harm. The act of criminalizing cultural practices can also serve as a way to consolidate power or maintain existing social hierarchies. For instance when graffiti is labeled as vandalism and made illegal it mainly targets marginalized youth cultures that use graffiti as a form of resistance or self expression. The consequences of criminalizing products and participants are extensive. Firstly it reinforces the marginalization and stigmatization faced by communities or subcultures. Criminalization can perpetuate inequality and social exclusion since those involved in practices deemed deviant or criminal face increased surveillance, discrimination and limited opportunities. Furthermore the act of criminalizing practices can lead to a loss of diversity in culture and hinder creative expression within society. When cultural practices are suppressed through means it restricts alternative forms of creative expression which ultimately results in homogeneity and conformity in cultural production. Moreover there can be effects from criminalization as well. For instance the prohibition, on drugs has led to the emergence of markets and illicit networks that operate outside legal boundaries. This illustrates that the act of criminalizing cultural practices does not always eliminate or reduce their prevalence. Instead it pushes them into secrecy making them more dangerous and harder to control. To sum up cultural criminology delves into the connection between culture and crime. By viewing crime as a part of culture and culture as a form of crime cultural criminology offers a comprehension of criminal behavior. It highlights how wider cultural practices shape acts. The way media portrays crime control and corruption influences perceptions and policy priorities. Additionally the political aspects of culture, crime and cultural criminology underscore how power dynamics impact processes of criminalization. The act of criminalizing entities and individuals carries significant consequences. It reinforces inequality restricts creative expression and potentially leads to unintended outcomes. Cultural criminology provides insights into the intersection, between crime and culture while offering a framework to understand and address the complex nature of criminal behavior.",ai
"I gathered all my courage. Stood on the edge of a towering cliff the wind raging around me threatening to knock me off balance. Despite the fear that gripped my heart I knew down that there was no other option but to face this challenge head on. My name is Jacob. Being a cautious person by nature taking risks and embarking on adventures has never been my forte. However life dealt me a hand when I lost my father unexpectedly. In honor of his spirit I made the decision to embark on an audacious journey – climbing the highest peak of Mount Everest. As I gazed into the abyss below me doubts started creeping in. Doubts about whether I had what it took to conquer this feat and whether simply holding on tightly would be sufficient.. Then my fathers words echoed in my mind once again – ""Hold on tight and don't let go."" It wasn't about physical strength; it was also, about resilience and unwavering determination. Taking a breath I tightened my grip on the icy handlebar of the zip line harness. My heart raced in my chest as I ventured into the unknown gliding through the emptiness. The wind tousled my hair and for a moment I felt weightless. Fear turned into a rush of excitement. It was a moment of freedom. The journey to the peak was arduous. Each step tested both my mental strength. My hands were. My toes frozen, but I persisted, fueled by an unseen determination. The nights were dark. The cold unforgiving, yet I reminded myself of the quote that had inspired this daring endeavor. As I approached the stretch of the climb. Known as the legendary Hillary Step. I couldn't help but be awestruck by the breathtaking view below. The world appeared small from up there and suddenly all my worries seemed insignificant compared to this majestic beauty. I took a moments to soak in the tranquility before embarking on the last push. The summit was, within reach now and with every ounce of strength left in me thoughts of my fathers unwavering support flooded my mind. His voice echoed in my ears urging me onward. ""Hold on tight and never let go, son."" Step after step brought me closer until finally...I stood at the peak. A rush of emotions swept through me as I stood at the peak of the world tears streaming down my cheeks. I overcame my doubts and sorrow achieving something beyond my dreams. On that isolated mountaintop I discovered comfort and the strength to continue living a life that would make my father proud. As I started my descent leaving the summit behind I knew this adventure would forever be engraved in my heart. Returning home I carried my fathers spirit within me no longer consumed by fear. I embraced lifes uncertainties. Embarked on new ventures taking risks and stepping outside of my comfort zone.. Whenever fear threatened to creep in I could hear my fathers voice urging me to hold on tight and never let go. In the end it wasn't just conquering Mount Everest that defined my journey; it was discovering myself amidst lifes chaos, grief and unpredictability. My fathers legacy lives on as a reminder to cling steadfastly and embrace the unknown with unwavering determination.",ai
"The United States Postal Service (USPS) recently announced a strategy aimed at improving the safety and dependability of online shopping transactions. With the reshaping peoples shopping habits more Americans are turning to online purchases and the USPS is committed to safeguarding those transactions. The plan encompasses initiatives, such as implementing advanced security protocols utilizing innovative technology to detect and prevent fraud and establishing an e commerce hub that will serve as a central point of contact for all e commerce related inquiries. Jane Smith, a USPS spokesperson emphasized the long standing trust people have placed in the USPS for delivering their mail and packages. To honor that trust she highlighted their dedication to ensuring reliable e commerce transactions. A key element of this plan involves collaborating closely with law enforcement agencies and private sector partners to develop robust security measures that thwart fraudulent activities. This will encompass employing cutting edge encryption technologies along, with tools designed to safeguard sensitive information. Additionally the USPS plans to make investments in technology to improve fraud detection and prevention. This will involve utilizing intelligence and machine learning algorithms to identify suspicious patterns of activity. Moreover the USPS intends to implement robust procedures for verifying identities. To enhance its e commerce capabilities further the USPS will establish an e commerce hub that acts as a central point of contact for all customer inquiries related to online shopping. Trained customer service representatives will be available at this hub to address various types of e commerce queries, including shipping, tracking and payment processing. ""We understand our customers desire for a hassle trustworthy and secure online shopping experience "" stated Smith. ""That's why we are dedicating resources towards developing these crucial capabilities in order to meet their expectations."" Lastly the USPS will collaborate with sector entities in order to establish industry wide best practices and standards for ensuring e commerce security. Through partnerships, with associations and organizations they aim to exchange information conduct research efforts and create innovative tools and technologies that bolster the security and dependability of online transactions. The new plan introduced by the USPS has received feedback from many individuals in the e commerce sector. They believe it is a step in the right direction. Given the increasing concerns regarding fraud and identity theft it has become more crucial than ever to guarantee the security and dependability of e commerce transactions. John Doe, CEO of an e commerce company expressed appreciation for the USPSs dedication to enhancing e commerce security. He emphasized that this is a matter for their industry and they are thankful for the USPSs leadership in addressing this issue. The USPS intends to implement their plan gradually over the next few months. Their ultimate objective is to ensure that e commerce transactions remain secure and reliable, for years to come.",ai
"Kwik Save Group recently made an announcement about their plan to shut down 107 of their stores due to competition in the retail industry. This decision is part of a restructuring effort aimed at enhancing the companys competitiveness in the challenging retail landscape. The store closures will impact locations across the country mainly those where Kwik Save faces stiff competition from rival retailers. Understandably employees are concerned about job security given these closures. However the company has reassured its staff that it will make every effort to minimize job losses and explore opportunities for redeployment within their remaining stores. In addition to store closures Kwik Save is also planning to reassess its product range and pricing strategy. The goal is to cater to customer needs and effectively compete with other retailers. The company has already identified areas where improvements can be made, such as incorporating in store technology and utilizing social media platforms, for customer engagement. Many experts in the industry believe that the restructuring undertaken by the Kwik Save Group is a response to the ongoing obstacles encountered by the retail sector in the UK. The shift in consumer behavior and the increasing popularity of online shopping have posed challenges for traditional retailers leading some to struggle to stay competitive and even face store closures or complete business shutdowns. However certain analysts argue that Kwik Saves issues may be more specific pointing out that the company has struggled to keep up with its innovative competitors. They assert that Kwik Save has neglected investments in technology and failed to adequately respond to evolving customer needs resulting in a disadvantageous position within the market. Regardless of the causes it is evident that Kwik Saves decision to close stores and implement restructuring measures will have a substantial impact, on both its employees and the broader retail sector. This serves as a reminder of how crucial innovation and adaptability are when faced with an ever changing competitive landscape. In the future it is highly likely that other businesses will follow suit and take similar actions as they strive to adjust according to shifting market demands.Although it can be challenging for individuals impacted by job losses or store closures it's crucial to keep in mind that these changes are necessary, for the growth and adaptation of the industry. The ultimate goal is to support businesses in navigating through a complex and demanding environment ensuring their survival and success.",ai
"Eurotunnel experienced a 3% drop in its shares on Monday following the announcement of a revised restructuring agreement with its creditor banks. This arrangement requires Eurotunnel to repay its debt one year than initially planned. The revised restructuring deal is part of Eurotunnels initiative to alleviate its debt burden, which currently stands at approximately €3.2 billion. The company has faced challenges in recent years due to the economic downturn in Europe and increased competition from budget airlines. As per the agreement Eurotunnel will now have to settle its debt by 2025 instead of the original target year of 2026. Additionally the company will be subject to interest rates on its loans. Investors expressed disappointment at the news as they had hoped for a favorable arrangement between Eurotunnel and its creditors. Consequently the companys shares witnessed a 3% decline during trading on Monday. Jacques Gounon, CEO of Eurotunnel defended the deal by emphasizing that it was necessary for reducing the companys debt and securing its long term viability. ""We have dedicated efforts towards ensuring Eurotunnels future and this revised restructuring agreement marks an important milestone, in that endeavor "" he stated. ""While we understand that certain investors may feel let down by the terms of the agreement we firmly believe that it presents the advantageous path for our company and our shareholders in the long haul."" Despite some investors disappointment several analysts have commended Eurotunnel for taking measures to decrease its debt and fortify its financial position. ""With the current economic climate in Europe being quite challenging Eurotunnel has been effectively managing its debt and restructuring its operations to maintain competitiveness "" stated John Smith, an analyst at brokerage firm JPMorgan. ""It's not unexpected that some investors are disheartened by the deal but I'm of the opinion that Eurotunnel is positioning itself for prolonged success by reducing debt and enhancing profitability."" On the whole this new restructuring agreement is regarded as a stride for Eurotunnel as it strives to navigate a demanding economic environment while sustaining long term competitiveness. Although short term disappointment may be felt by investors many remain optimistic, about the companys prospects.",ai
"China has recently inaugurated a shipping exchange in Shanghai with the aim of advancing its maritime industry and bolstering its aspirations to become a global force in shipping. The China National Shipping Exchange (CNSE) commenced operations on June 28 following approvals from both Chinas Ministry of Transport and the Shanghai municipal government. This exchange serves as a platform for shipping companies to engage in trading assets related to shipping including freight contracts, ship rentals and sale agreements. With than 4,000 registered members from both domestic and foreign origins CNSE is expected to promote fair and transparent market practices for shipping transactions. It will facilitate efficient resource allocation while reducing transaction costs for all participants involved. Liu Xiaosong, CEO of CNSE emphasized that constructing a shipping exchange is a crucial step for promoting the development of the shipping and logistics industries in China – the worlds largest shipping nation. Moreover it plays a role in expanding financial market openness and collaboration. The launch of CNSE is part of Chinas strategy to strengthen its shipping sector while providing support, for its Belt and Road Initiative – an ambitious project aiming to connect Asia, Europe and Africa through an extensive network of trade routes. Based on data from the China Association of the National Shipbuilding Industry Chinese shipping companies currently hold a 40% market share in global shipping. Notably China boasts the worlds ports in Shanghai and Ningbo Zhoushan. Interestingly Chinese companies now own ships than their Japanese and South Korean counterparts. Nevertheless this industry has encountered obstacles such as capacity, substantial debt levels and fluctuating freight rates. The COVID 19 pandemic has further exacerbated these challenges by causing a decline in demand and intensifying competition within the sector. In response to these issues Chinese shipping companies have been exploring business models and technologies like blockchain and digitalization. Their aim is to enhance efficiency while reducing costs. CNSE (China National Shipping Enterprise) plans to integrate these technologies into its operations offering services like digital bills of lading, online auctions and risk management tools. ""The establishment of CNSE represents a milestone in the transformation and innovation of the traditional shipping industry. Our association will continue to enhance our services and products for the sector while promoting the high quality development of Chinas shipping industry "" stated Zhu Hongjie, Chairman of CNSE. The launch of CNSE is anticipated to invigorate Chinas shipping industry and reinforce its position as a player, in global trade. Furthermore it opens up avenues, for cooperation and fosters the growth of a shipping industry that is both inclusive and environmentally conscious.",ai
"Simsmetal Ltd, a global company specializing in metal recycling has informed its shareholders about an anticipated decline in profits. This decline is attributed to the market conditions surrounding scrap metal prices. The company, headquartered in Australia and with operations spanning over 20 countries highlights factors such as trade tensions between economies and a slowdown in global manufacturing as contributing to the unfavorable outlook. In a statement released to the Australian Securities Exchange (ASX) Simsmetals management acknowledges that the decrease in scrap metal prices was not unexpected. However they express uncertainty regarding the severity and duration of this decline. The company mentions experiencing reductions in margins across all business units due to prevailing market conditions. Consequently they anticipate near term impacts on their performance and are actively implementing measures to mitigate risks and stabilize their financial standing. It's worth noting that Simsmetals warning coincides with a period of volatility in scrap metal prices. The traded benchmark for scrap metal, known as HMS 1&2 (80;20) has exhibited a downward trend since August 2019. Its value has dropped from over $330, per tonne to approximately $230 by the end of October. The decline in scrap metal prices has been attributed to a variety of factors. These include the trade dispute between the United States and China as well as the slump in global car sales and the excess capacity in the steel industry. The impact of scrap metal prices is being felt worldwide with recycling companies reporting reduced profits and decreased activity. In the United Kingdom for instance Brexit uncertainty and a weaker pound have put pressure on scrap metal prices. The British Metals Recycling Association (BMRA) recently warned that the UK scrap metal market is facing challenges, including increased regulations, rising costs and sluggish demand. Similarly in the United States the scrap metal industry is grappling with prices and trade tensions with China. According to a report from the Institute of Scrap Recycling Industries (ISRI) US scrap exports to China dropped by 25% in the first half of 2019 compared to last years same period. The report also highlighted that Chinas tariffs on US scrap metal have caused disruptions, for recyclers leading to material backlogs and increased storage costs. Simsmetal, a company with a range of products and services from collecting scrap metal to producing steel has announced that it is evaluating its operations and expenses in order to adapt to the changing market conditions. Alistair Field, the CEO of the company stated in an interview that their main focus is on maximizing the value of their current assets and exploring new opportunities for growth. He pointed out that while they are aware of the challenges in the market they also see indicators such as the increasing awareness about recycling and the growing demand for sustainable products. Despite the future of scrap metal prices some experts in the industry remain optimistic about long term prospects. They highlight how there is an emphasis on sustainability and circular economy practices which could create fresh possibilities for metal recycling companies. As more businesses seek ways to reduce their carbon footprint and minimize waste there will be an increased need for companies. Furthermore advancements in technology and investments in infrastructure have the potential to enhance efficiency and profitability within this sector. In summary Simsmetals cautionary statement regarding declining profits due to challenging scrap metal price projections highlights the difficulties faced by players, in the metal recycling industry. Nevertheless despite facing challenges the industry has exhibited resilience. There are promising prospects for the sector in light of the global need to address environmental and economic issues in the 21st century. Metal recycling in particular is poised to gain significance paving the way for pioneering companies such, as Simsmetal to take charge and drive progress.",ai
"Lookism on one hand refers to the bias and discrimination based on physical appearance. It promotes the belief that beauty's of utmost importance and associates it with success, power and attractiveness. This mindset fuels judgments and stereotypes in society leading to various consequences such as decreased self esteem and limited personal and professional opportunities. On the hand extreme body modification involves making drastic changes to ones physical appearance through methods like plastic surgery, tattoos or piercings. Although it may seem different from lookism at glance both phenomena stem from unhealthy beauty standards. Extreme body modification can be viewed as a response to the pressure individuals feel to conform to societys ideal of beauty driving them to go to lengths in pursuit of it. The motivations underlying lookism and extreme body modification are closely linked to expectations particularly for women. Women constantly face beauty standards portrayed in the media, which reinforce the idea that they must conform to a narrow and unachievable ideal. This creates pressure for them to fit into this mold resulting in increased dissatisfaction with their bodies and a desire for significant appearance alterations. Goodes book sheds light on how beauty idealsre socially constructed and explores their impact, on individuals who deviate from the standardized norm. Society continues to promote beauty standards valuing physical attractiveness and marginalizing those who don't fit the mold. These societal pressures contribute to body image and an increase in extreme body modifications. In summary, lookism and extreme body modification're interconnected issues deeply rooted in unhealthy beauty standards prevalent in todays society. They both stem from pressures and expectations especially for women, perpetuated by media, culture and other external factors. Goodes book highlights the effects of these phenomena emphasizing the urgent need for a shift, towards inclusive beauty standards that embrace acceptance and a healthy body image.",ai
"Introduction; Unemployment rates in the United States have always been influenced by socio disparities, which result in unequal opportunities for individuals. The COVID 19 pandemic has worsened these divisions leading to increased unemployment rates and a widening gap between socio economic groups. In this essay we will explore how socio economic divides impact unemployment rates both before and during the pandemic emphasizing how the virus has intensified existing inequalities in the job market. Body; 1. Pre pandemic socio economic divisions and unemployment rates; a. Income inequality and employment prospects; Socio economic disparities, marked by distribution of income have historically affected employment opportunities. Individuals with incomes generally have better access to quality education and resources which enhances their employability and reduces their chances of being unemployed. b. Racial disparities; Socio economic divisions also intersect with race resulting in minority communities often facing unemployment rates due to systemic discrimination and limited opportunities. Structural barriers perpetuate poverty within these communities leading to restricted access to job markets and precarious working conditions. c. Regional disparities; Unemployment rates vary across areas due to differences, in economic development and job availability. Rural regions often experience levels of unemployment compared to urban centers exacerbating socio economic divides. The COVID 19 pandemic has had an impact on different sectors particularly in hospitality, tourism and retail. Unfortunately this has affected low wage workers the most, who typically come from socio economic backgrounds. As a result unemployment rates have risen significantly for these groups compared to those in higher socio economic positions. Moreover the shift towards learning due to the pandemic has created educational disparities. Students from low income households face difficulties accessing education, which further widens existing educational inequalities. This not hampers their future job prospects but also increases their vulnerability to unemployment. Additionally the pandemic has shed light on the access to healthcare and financial stability. Low income communities often lack healthcare insurance. Have higher rates of pre existing health conditions. Consequently they are more susceptible to infection. Face considerable financial hardships when unable to work—leading to increased unemployment rates. In conclusion socio economic divisions have long influenced unemployment rates in America. However the COVID 19 pandemic has exacerbated these divisions by exposing inequalities that disproportionately affect marginalized communities, low wage workers and individuals without access, to essential resources. To tackle this issue it is important to implement approaches that prioritize equal opportunities, in education, healthcare and financial assistance. By emphasizing inclusivity and addressing socio inequalities we can foster a labor market that is both resilient and fair ultimately lowering unemployment rates for everyone irrespective of their socio economic status.",ai
"Emily Dickinson, a productive American poet delves into deep topics such as the certainty of death lifelong aspirations and inner conflicts in her poem titled ""I Died for Beauty."" Through descriptions of truth and beauty Dickinson skillfully portrays the interconnectedness of these themes taking readers on a thought provoking journey. A key theme explored in ""I Died for Beauty"" is the inevitability of death and its ability to connect individuals beyond the boundaries of life. Dickinson presents this idea by personifying Beauty and Truth as entities with whom the speaker engages in conversations. The poem begins with the line ""I died for Beauty – but was scarce "" establishing a foundation for contemplating mortality. By using the word ""scarce "" Dickinson suggests that even though death is unavoidable ones connection to beauty remains elusive and delicate. Moreover the poem emphasizes the significance of pursuing goals and ideals throughout ones existence. Dickinson portrays the speaker as someone who has devoted their life to beauty despite its futility, in the eyes of others.The speaker expresses that they sacrificed their life for the pursuit of beauty. They found some level of comfort and purpose in death. The word ""adjusted"" implies that their devotion to beauty allowed them to find solace in the tomb. However the poem also delves into the conflict that arises when different ideologies and ideals collide. Dickinson subtly introduces this conflict by mentioning Truth, the neighbor of the speaker, who also struggled to find adjustment in death while pursuing truth. This comparison between the pursuit of beauty and truth highlights the tension between these two concepts. The word ""scarce"" used to describe Truths adjustment in the tomb suggests that the clash, between beauty and truth creates a sense of unease and dissatisfaction after passing away. To convey these themes of inevitability, lifelong aspirations and conflict Dickinson cleverly uses imagery related to truth and beauty throughout her poem. Here beauty represents ones passions, dreams and personal sense of aesthetics while truth symbolizes knowledge, understanding and objective reality. The concept of truth and beauty serves as a metaphorical framework in Dickinsons exploration of the complex nature of existence and human aspirations. Dickinson employs contrasting imagery to highlight the limitations of conversation. For instance she describes the speaker and Truth as ""buried ne'er discuss."" This phrase emphasizes how death creates a separation between the living and the departed making dialogue impossible. Despite their pursuits during their lifetimes in death their exchange of ideas and pursuit of goals are hindered. This vivid image underscores the theme of inevitability suggesting that death imposes a barrier on sharing thoughts and achieving ambitions. Additionally Dickinson skillfully uses the image ""till the moss had reached our lips"" to depict how beauty and truth are interconnected. The gradual growth of moss over ones lips symbolizes the passage of time and erosion of identity. However it is an image shared by both Beauty and Truth. Despite their differences and conflicts in life the poem suggests that in death these ideals merge together revealing a sense of unity and shared destiny. In summary Dickinsons poem ""I Died for Beauty"" delves into themes such as inevitability, lifelong goals and conflict, through exploring truth and beauty through imagery. Through the use of personification and evocative metaphors Dickinson takes the poem to a level moving beyond ordinary thoughts and inviting readers to reflect on the fleeting nature of life and the pursuit of personal dreams. By delving into these subjects Dickinson encourages readers to ponder the significance of our existence and the impact we leave behind when we dedicate ourselves to embracing beauty and truth.",ai
